ds,y
2025-05-20 21:00:00,0.18509513267102332
2025-05-20 22:00:00,0.1322266883146651
2025-05-20 23:00:00,0.09652593865328032
2025-05-21 00:00:00,0.06810326570657459
2025-05-21 01:00:00,0.01770102932686446
2025-05-21 02:00:00,0.017643223127772667
2025-05-21 03:00:00,0.07078342669057748
2025-05-21 04:00:00,0.10676933879774789
2025-05-21 05:00:00,0.1498337975611779
2025-05-21 06:00:00,0.22839621851424374
2025-05-21 07:00:00,0.2666403622623523
2025-05-21 08:00:00,0.30077187155690044
2025-05-21 09:00:00,0.3220498353364324
2025-05-21 10:00:00,0.2781611545690312
2025-05-21 11:00:00,0.25347663300166556
2025-05-21 12:00:00,0.2368235049218397
2025-05-21 13:00:00,0.19920602840051183
2025-05-21 14:00:00,0.19907406822782725
2025-05-21 15:00:00,0.17489622956245798
2025-05-21 16:00:00,0.1740732623404249
2025-05-21 17:00:00,0.23062445390452962
2025-05-21 18:00:00,0.21687117335315625
2025-05-21 19:00:00,0.22284074170435397
2025-05-21 20:00:00,0.18638659506725241
2025-05-21 21:00:00,0.1688333041577547
2025-05-21 22:00:00,0.13531911632765845
2025-05-21 23:00:00,0.068900331570213
2025-05-22 00:00:00,0.050238205937013225
2025-05-22 01:00:00,0.011548667400306356
2025-05-22 02:00:00,0.01612478903648515
2025-05-22 03:00:00,0.037414553075899595
2025-05-22 04:00:00,0.12238690842946225
2025-05-22 05:00:00,0.1560183727805071
2025-05-22 06:00:00,0.2037370717274897
2025-05-22 07:00:00,0.285274719137461
2025-05-22 08:00:00,0.2887900809122628
2025-05-22 09:00:00,0.3208982729893872
2025-05-22 10:00:00,0.27681022418207546
2025-05-22 11:00:00,0.25877252755725855
2025-05-22 12:00:00,0.24755565419986506
2025-05-22 13:00:00,0.22482041170683326
2025-05-22 14:00:00,0.19627580025812164
2025-05-22 15:00:00,0.18612678426082646
2025-05-22 16:00:00,0.19008618022798887
2025-05-22 17:00:00,0.18580681031656882
2025-05-22 18:00:00,0.20880507253590758
2025-05-22 19:00:00,0.21426315487101222
2025-05-22 20:00:00,0.22295956905511188
2025-05-22 21:00:00,0.18149823717053326
2025-05-22 22:00:00,0.10655459295294337
2025-05-22 23:00:00,0.09037141257384337
2025-05-23 00:00:00,0.03816190652354691
2025-05-23 01:00:00,0.01
2025-05-23 02:00:00,0.029010744683960837
2025-05-23 03:00:00,0.06124055016474332
2025-05-23 04:00:00,0.1079073425165347
2025-05-23 05:00:00,0.14296797337120007
2025-05-23 06:00:00,0.2142999550920235
2025-05-23 07:00:00,0.2772409019949301
2025-05-23 08:00:00,0.3210713176366271
2025-05-23 09:00:00,0.3099131105646
2025-05-23 10:00:00,0.3027557964582783
2025-05-23 11:00:00,0.2614356987486081
2025-05-23 12:00:00,0.22599504136858167
2025-05-23 13:00:00,0.22526670541077862
2025-05-23 14:00:00,0.21338428153679795
2025-05-23 15:00:00,0.18611676174090858
2025-05-23 16:00:00,0.20899113419817208
2025-05-23 17:00:00,0.21274458561575826
2025-05-23 18:00:00,0.20926134441071487
2025-05-23 19:00:00,0.22592907558599878
2025-05-23 20:00:00,0.22950868922678125
2025-05-23 21:00:00,0.1751419773083206
2025-05-23 22:00:00,0.155805255188558
2025-05-23 23:00:00,0.045549381539538816
2025-05-24 00:00:00,0.030592767563794684
2025-05-24 01:00:00,0.01
2025-05-24 02:00:00,0.01
2025-05-24 03:00:00,0.021478058243711268
2025-05-24 04:00:00,0.03845069627915297
2025-05-24 05:00:00,0.12658724717035164
2025-05-24 06:00:00,0.19862091857084258
2025-05-24 07:00:00,0.2687664504633741
2025-05-24 08:00:00,0.2729901767240616
2025-05-24 09:00:00,0.2792994093572562
2025-05-24 10:00:00,0.2723404147228422
2025-05-24 11:00:00,0.26608784439260436
2025-05-24 12:00:00,0.22319549664306165
2025-05-24 13:00:00,0.17945850428673474
2025-05-24 14:00:00,0.1750657818733106
2025-05-24 15:00:00,0.16297916607320886
2025-05-24 16:00:00,0.18279390485615973
2025-05-24 17:00:00,0.17111533810025814
2025-05-24 18:00:00,0.1883492977991999
2025-05-24 19:00:00,0.18895260847476486
2025-05-24 20:00:00,0.15881150577618458
2025-05-24 21:00:00,0.1544472613193132
2025-05-24 22:00:00,0.11057751870242091
2025-05-24 23:00:00,0.05924834921889656
2025-05-25 00:00:00,0.014062396160618856
2025-05-25 01:00:00,0.01
2025-05-25 02:00:00,0.01
2025-05-25 03:00:00,0.014277902010856908
2025-05-25 04:00:00,0.05554704412292183
2025-05-25 05:00:00,0.12678001297600391
2025-05-25 06:00:00,0.1986419660134642
2025-05-25 07:00:00,0.27420780147348905
2025-05-25 08:00:00,0.2826998703537237
2025-05-25 09:00:00,0.29460704242457525
2025-05-25 10:00:00,0.2780670548031975
2025-05-25 11:00:00,0.2228922175606673
2025-05-25 12:00:00,0.2171834950295079
2025-05-25 13:00:00,0.18762533365543546
2025-05-25 14:00:00,0.2036323752269693
2025-05-25 15:00:00,0.15795456152435117
2025-05-25 16:00:00,0.1721044132962503
2025-05-25 17:00:00,0.1804424311259195
2025-05-25 18:00:00,0.17505103259695318
2025-05-25 19:00:00,0.21129354615255228
2025-05-25 20:00:00,0.19136019865154774
2025-05-25 21:00:00,0.16118790953207
2025-05-25 22:00:00,0.09233785096088123
2025-05-25 23:00:00,0.07953053519638087
2025-05-26 00:00:00,0.0208614966727394
2025-05-26 01:00:00,0.02664763110888796
2025-05-26 02:00:00,0.05064355662332945
2025-05-26 03:00:00,0.028868634335175697
2025-05-26 04:00:00,0.08339479667058208
2025-05-26 05:00:00,0.1550021285806862
2025-05-26 06:00:00,0.2093371278028807
2025-05-26 07:00:00,0.24696312094271664
2025-05-26 08:00:00,0.3054177072367141
2025-05-26 09:00:00,0.29911729031121975
2025-05-26 10:00:00,0.3105956894525953
2025-05-26 11:00:00,0.26219048173002346
2025-05-26 12:00:00,0.26513827868988676
2025-05-26 13:00:00,0.19928114057465401
2025-05-26 14:00:00,0.1861608802499824
2025-05-26 15:00:00,0.1973507937099906
2025-05-26 16:00:00,0.17342629786811434
2025-05-26 17:00:00,0.20868306614393767
2025-05-26 18:00:00,0.23649640392886012
2025-05-26 19:00:00,0.19434701486978612
2025-05-26 20:00:00,0.20715877049260822
2025-05-26 21:00:00,0.17752873169352817
2025-05-26 22:00:00,0.1420140653128395
2025-05-26 23:00:00,0.0642424193225457
2025-05-27 00:00:00,0.02138176419895202
2025-05-27 01:00:00,0.024973248966729922
2025-05-27 02:00:00,0.02154084311527013
2025-05-27 03:00:00,0.046783422747916706
2025-05-27 04:00:00,0.09638533653767085
2025-05-27 05:00:00,0.14260633806128678
2025-05-27 06:00:00,0.21967241885263128
2025-05-27 07:00:00,0.27391851028878145
2025-05-27 08:00:00,0.2929733421248207
2025-05-27 09:00:00,0.3423378144648752
2025-05-27 10:00:00,0.30989864758733693
2025-05-27 11:00:00,0.2574116435660833
2025-05-27 12:00:00,0.2510369175247237
2025-05-27 13:00:00,0.19570906568688035
2025-05-27 14:00:00,0.2020974228297969
2025-05-27 15:00:00,0.20182631991514915
2025-05-27 16:00:00,0.17887837861994058
2025-05-27 17:00:00,0.21902115984413312
2025-05-27 18:00:00,0.2223803272992637
2025-05-27 19:00:00,0.23008951656871443
2025-05-27 20:00:00,0.23214050813502543
2025-05-27 21:00:00,0.16924901882035132
2025-05-27 22:00:00,0.11828003055141006
2025-05-27 23:00:00,0.06875331432192665
2025-05-28 00:00:00,0.0282423088460272
2025-05-28 01:00:00,0.015278449566557523
2025-05-28 02:00:00,0.021494202364314596
2025-05-28 03:00:00,0.046467241707971466
2025-05-28 04:00:00,0.10288721185604918
2025-05-28 05:00:00,0.15229258698842535
2025-05-28 06:00:00,0.23728247427786858
2025-05-28 07:00:00,0.26484342041602443
2025-05-28 08:00:00,0.3437820006193531
2025-05-28 09:00:00,0.3230270567394716
2025-05-28 10:00:00,0.2892246401527085
2025-05-28 11:00:00,0.25850865827849895
2025-05-28 12:00:00,0.24771654934915663
2025-05-28 13:00:00,0.206268198685695
2025-05-28 14:00:00,0.20029201091033408
2025-05-28 15:00:00,0.19083680032393388
2025-05-28 16:00:00,0.18938702943065575
2025-05-28 17:00:00,0.1911594618597348
2025-05-28 18:00:00,0.1927567547502209
2025-05-28 19:00:00,0.21035173961308437
2025-05-28 20:00:00,0.21582544503536089
2025-05-28 21:00:00,0.17543209644764005
2025-05-28 22:00:00,0.11019084106138519
2025-05-28 23:00:00,0.08398459437936982
2025-05-29 00:00:00,0.04554178262296506
2025-05-29 01:00:00,0.01
2025-05-29 02:00:00,0.01796535813777156
2025-05-29 03:00:00,0.0424725693012349
2025-05-29 04:00:00,0.07261746745957319
2025-05-29 05:00:00,0.15674692782200472
2025-05-29 06:00:00,0.22317378982255606
2025-05-29 07:00:00,0.28434160036874667
2025-05-29 08:00:00,0.3180690527075561
2025-05-29 09:00:00,0.29225956481016385
2025-05-29 10:00:00,0.2872971867067496
2025-05-29 11:00:00,0.2815801335640693
2025-05-29 12:00:00,0.2474688111907157
2025-05-29 13:00:00,0.21662841456669718
2025-05-29 14:00:00,0.24665553466529724
2025-05-29 15:00:00,0.19158415242225194
2025-05-29 16:00:00,0.20679550652974155
2025-05-29 17:00:00,0.2174539528896826
2025-05-29 18:00:00,0.22453289069661952
2025-05-29 19:00:00,0.21160298403100822
2025-05-29 20:00:00,0.21364656023443152
2025-05-29 21:00:00,0.15991087087414713
2025-05-29 22:00:00,0.1246072024474886
2025-05-29 23:00:00,0.07338898608068925
2025-05-30 00:00:00,0.04026461449889143
2025-05-30 01:00:00,0.04971189299545954
2025-05-30 02:00:00,0.01
2025-05-30 03:00:00,0.0511678218612267
2025-05-30 04:00:00,0.06484576434025188
2025-05-30 05:00:00,0.1435756199110031
2025-05-30 06:00:00,0.23037076136260717
2025-05-30 07:00:00,0.26833451248861356
2025-05-30 08:00:00,0.2853703307391571
2025-05-30 09:00:00,0.30146953017168476
2025-05-30 10:00:00,0.31083300902056066
2025-05-30 11:00:00,0.2621735855612464
2025-05-30 12:00:00,0.2422833812518263
2025-05-30 13:00:00,0.20886075735172782
2025-05-30 14:00:00,0.17836503757245328
2025-05-30 15:00:00,0.21445443658279845
2025-05-30 16:00:00,0.19854528774286684
2025-05-30 17:00:00,0.1720412681184846
2025-05-30 18:00:00,0.2168333171296381
2025-05-30 19:00:00,0.2056797062101517
2025-05-30 20:00:00,0.21432300243004002
2025-05-30 21:00:00,0.15888991849678433
2025-05-30 22:00:00,0.12571291540764937
2025-05-30 23:00:00,0.0875187289638968
2025-05-31 00:00:00,0.026289447463344412
2025-05-31 01:00:00,0.01
2025-05-31 02:00:00,0.01
2025-05-31 03:00:00,0.01
2025-05-31 04:00:00,0.05350318106218696
2025-05-31 05:00:00,0.15140302864475702
2025-05-31 06:00:00,0.19437784521520698
2025-05-31 07:00:00,0.22272367002985194
2025-05-31 08:00:00,0.28957104875661427
2025-05-31 09:00:00,0.3182980459084698
2025-05-31 10:00:00,0.2903926388375037
2025-05-31 11:00:00,0.22460515269038928
2025-05-31 12:00:00,0.2060396084577989
2025-05-31 13:00:00,0.2014474641336659
2025-05-31 14:00:00,0.1517906179449548
2025-05-31 15:00:00,0.16321918380780795
2025-05-31 16:00:00,0.1749226303522327
2025-05-31 17:00:00,0.16278106698737344
2025-05-31 18:00:00,0.18741023920986566
2025-05-31 19:00:00,0.1412541102233374
2025-05-31 20:00:00,0.1604373049307783
2025-05-31 21:00:00,0.1412558244450734
2025-05-31 22:00:00,0.08298383144287609
2025-05-31 23:00:00,0.07869670648086043
2025-06-01 00:00:00,0.01
2025-06-01 01:00:00,0.01
2025-06-01 02:00:00,0.01
2025-06-01 03:00:00,0.03601860660579287
2025-06-01 04:00:00,0.041024158404597194
2025-06-01 05:00:00,0.1416276424443611
2025-06-01 06:00:00,0.18771558658758258
2025-06-01 07:00:00,0.2261732707006545
2025-06-01 08:00:00,0.28199364278623784
2025-06-01 09:00:00,0.2887105695083785
2025-06-01 10:00:00,0.26516137789335076
2025-06-01 11:00:00,0.2477017045760459
2025-06-01 12:00:00,0.20678238671936242
2025-06-01 13:00:00,0.18340552819613143
2025-06-01 14:00:00,0.17159659116854836
2025-06-01 15:00:00,0.17961111574929095
2025-06-01 16:00:00,0.14399485818988605
2025-06-01 17:00:00,0.20793949580238485
2025-06-01 18:00:00,0.1582807736794513
2025-06-01 19:00:00,0.1868553150203359
2025-06-01 20:00:00,0.1838868487695574
2025-06-01 21:00:00,0.14851819585349244
2025-06-01 22:00:00,0.09161905749653607
2025-06-01 23:00:00,0.05034767428802292
2025-06-02 00:00:00,0.02941862133555194
2025-06-02 01:00:00,0.01
2025-06-02 02:00:00,0.025455126432305977
2025-06-02 03:00:00,0.04400628424242256
2025-06-02 04:00:00,0.07641999142652467
2025-06-02 05:00:00,0.16192572897668117
2025-06-02 06:00:00,0.21642312816858364
2025-06-02 07:00:00,0.2773403769321039
2025-06-02 08:00:00,0.3087580679842887
2025-06-02 09:00:00,0.29754129359409104
2025-06-02 10:00:00,0.29001346013092383
2025-06-02 11:00:00,0.28211562206119023
2025-06-02 12:00:00,0.24596918933693648
2025-06-02 13:00:00,0.20564078879104622
2025-06-02 14:00:00,0.1876760864835101
2025-06-02 15:00:00,0.19923738162708277
2025-06-02 16:00:00,0.17794006452289707
2025-06-02 17:00:00,0.2084020005832371
2025-06-02 18:00:00,0.20878074556892612
2025-06-02 19:00:00,0.21011841808060705
2025-06-02 20:00:00,0.21579528813524235
2025-06-02 21:00:00,0.18093610775543312
2025-06-02 22:00:00,0.13741373951700026
2025-06-02 23:00:00,0.0973032348338427
2025-06-03 00:00:00,0.03637303300818452
2025-06-03 01:00:00,0.022242782040377884
2025-06-03 02:00:00,0.01
2025-06-03 03:00:00,0.04275788726853216
2025-06-03 04:00:00,0.0841058295681779
2025-06-03 05:00:00,0.1491310103483319
2025-06-03 06:00:00,0.2199853307652469
2025-06-03 07:00:00,0.2521184749292761
2025-06-03 08:00:00,0.3299437845189751
2025-06-03 09:00:00,0.2941302980636853
2025-06-03 10:00:00,0.2794476865703211
2025-06-03 11:00:00,0.28752222111510106
2025-06-03 12:00:00,0.24793291579313725
2025-06-03 13:00:00,0.21456044998454943
2025-06-03 14:00:00,0.19458569840110126
2025-06-03 15:00:00,0.17913304662581134
2025-06-03 16:00:00,0.17259915981140572
2025-06-03 17:00:00,0.20057694826685113
2025-06-03 18:00:00,0.20090054971101154
2025-06-03 19:00:00,0.2272547721585403
2025-06-03 20:00:00,0.1963521146611611
2025-06-03 21:00:00,0.15541674459698368
2025-06-03 22:00:00,0.11963464738045447
2025-06-03 23:00:00,0.08315936456892083
2025-06-04 00:00:00,0.026839466383363264
2025-06-04 01:00:00,0.01
2025-06-04 02:00:00,0.014848102469357749
2025-06-04 03:00:00,0.04080724983956613
2025-06-04 04:00:00,0.07769118704485599
2025-06-04 05:00:00,0.13984785558089602
2025-06-04 06:00:00,0.2137760837357875
2025-06-04 07:00:00,0.24190787934704802
2025-06-04 08:00:00,0.2766833780597746
2025-06-04 09:00:00,0.29768125475912405
2025-06-04 10:00:00,0.29369616777818913
2025-06-04 11:00:00,0.2740515307882998
2025-06-04 12:00:00,0.25742567792966625
2025-06-04 13:00:00,0.21730090636852717
2025-06-04 14:00:00,0.1819987971044154
2025-06-04 15:00:00,0.17826886439170447
2025-06-04 16:00:00,0.1702573942058558
2025-06-04 17:00:00,0.19839954214578914
2025-06-04 18:00:00,0.2059654550916209
2025-06-04 19:00:00,0.21670611385407512
2025-06-04 20:00:00,0.1853868705221381
2025-06-04 21:00:00,0.1748267595542187
2025-06-04 22:00:00,0.1466838779920178
2025-06-04 23:00:00,0.07457134981966335
2025-06-05 00:00:00,0.040551615049008824
2025-06-05 01:00:00,0.020833611180451683
2025-06-05 02:00:00,0.01
2025-06-05 03:00:00,0.03972474304219334
2025-06-05 04:00:00,0.08471482522925165
2025-06-05 05:00:00,0.14760917618550515
2025-06-05 06:00:00,0.19793079245969275
2025-06-05 07:00:00,0.26322740162549385
2025-06-05 08:00:00,0.30449591358620653
2025-06-05 09:00:00,0.32945567673693804
2025-06-05 10:00:00,0.3105175419872468
2025-06-05 11:00:00,0.30091625870910493
2025-06-05 12:00:00,0.22301572577420403
2025-06-05 13:00:00,0.21675142611340886
2025-06-05 14:00:00,0.1863786096820439
2025-06-05 15:00:00,0.2106317560506117
2025-06-05 16:00:00,0.1724014649371975
2025-06-05 17:00:00,0.18531201609506515
2025-06-05 18:00:00,0.20053504953586446
2025-06-05 19:00:00,0.1792375041264585
2025-06-05 20:00:00,0.18913961389231332
2025-06-05 21:00:00,0.15488017645939745
2025-06-05 22:00:00,0.12517930563622404
2025-06-05 23:00:00,0.08055969622527541
2025-06-06 00:00:00,0.06189257958671593
2025-06-06 01:00:00,0.02396188665852872
2025-06-06 02:00:00,0.01
2025-06-06 03:00:00,0.022111213525764672
2025-06-06 04:00:00,0.09112880457107528
2025-06-06 05:00:00,0.125564614382916
2025-06-06 06:00:00,0.23622189848629302
2025-06-06 07:00:00,0.279775428603382
2025-06-06 08:00:00,0.2892123822169071
2025-06-06 09:00:00,0.2812155824646022
2025-06-06 10:00:00,0.3156606429894028
2025-06-06 11:00:00,0.26612450194859527
2025-06-06 12:00:00,0.25231726167807966
2025-06-06 13:00:00,0.17897427946163613
2025-06-06 14:00:00,0.173861932032615
2025-06-06 15:00:00,0.17708744532907233
2025-06-06 16:00:00,0.18445472590494885
2025-06-06 17:00:00,0.1903809394365411
2025-06-06 18:00:00,0.2180927659836902
2025-06-06 19:00:00,0.19430571133131963
2025-06-06 20:00:00,0.1941143247231583
2025-06-06 21:00:00,0.16729567863933434
2025-06-06 22:00:00,0.12986405913091514
2025-06-06 23:00:00,0.08533165754090431
2025-06-07 00:00:00,0.01
2025-06-07 01:00:00,0.01
2025-06-07 02:00:00,0.01
2025-06-07 03:00:00,0.01478992471798729
2025-06-07 04:00:00,0.04674049989243276
2025-06-07 05:00:00,0.1428531730633668
2025-06-07 06:00:00,0.18470291745517395
2025-06-07 07:00:00,0.2539910654958234
2025-06-07 08:00:00,0.2714805751619327
2025-06-07 09:00:00,0.3120416002164985
2025-06-07 10:00:00,0.29590045095587303
2025-06-07 11:00:00,0.23832591834250177
2025-06-07 12:00:00,0.2225413622050964
2025-06-07 13:00:00,0.1867891145296322
2025-06-07 14:00:00,0.17759981168221017
2025-06-07 15:00:00,0.13675271886690138
2025-06-07 16:00:00,0.16825856984075765
2025-06-07 17:00:00,0.18722606975377692
2025-06-07 18:00:00,0.1565867056444344
2025-06-07 19:00:00,0.1667889210243753
2025-06-07 20:00:00,0.13987931527437955
2025-06-07 21:00:00,0.13566792258929086
2025-06-07 22:00:00,0.10712839139927668
2025-06-07 23:00:00,0.07141057109331474
2025-06-08 00:00:00,0.01
2025-06-08 01:00:00,0.01
2025-06-08 02:00:00,0.01
2025-06-08 03:00:00,0.01
2025-06-08 04:00:00,0.05634629834937405
2025-06-08 05:00:00,0.12455859105666087
2025-06-08 06:00:00,0.18168909261141195
2025-06-08 07:00:00,0.20450169212631014
2025-06-08 08:00:00,0.2683427132401315
2025-06-08 09:00:00,0.2607750547277382
2025-06-08 10:00:00,0.2788271424437178
2025-06-08 11:00:00,0.2467710701531829
2025-06-08 12:00:00,0.19308131703791304
2025-06-08 13:00:00,0.16861218741784686
2025-06-08 14:00:00,0.14039385138293295
2025-06-08 15:00:00,0.14949810020854762
2025-06-08 16:00:00,0.17150664864034193
2025-06-08 17:00:00,0.15577552764804223
2025-06-08 18:00:00,0.18974021156559104
2025-06-08 19:00:00,0.17579565033081757
2025-06-08 20:00:00,0.15778642134888815
2025-06-08 21:00:00,0.13731528559868314
2025-06-08 22:00:00,0.08004833861808891
2025-06-08 23:00:00,0.03978219162370887
2025-06-09 00:00:00,0.013417229871365455
2025-06-09 01:00:00,0.03681178734120433
2025-06-09 02:00:00,0.01
2025-06-09 03:00:00,0.022726932237821795
2025-06-09 04:00:00,0.08459509692121156
2025-06-09 05:00:00,0.14131857300458373
2025-06-09 06:00:00,0.2030708542671999
2025-06-09 07:00:00,0.2689317085549346
2025-06-09 08:00:00,0.30524801391090783
2025-06-09 09:00:00,0.296590464448528
2025-06-09 10:00:00,0.28435066502897194
2025-06-09 11:00:00,0.2613522054318304
2025-06-09 12:00:00,0.1968565807891645
2025-06-09 13:00:00,0.1777982096722939
2025-06-09 14:00:00,0.20099105265031
2025-06-09 15:00:00,0.1993186867975394
2025-06-09 16:00:00,0.17764985766685257
2025-06-09 17:00:00,0.2034156572162868
2025-06-09 18:00:00,0.2110541505783513
2025-06-09 19:00:00,0.25413861116060765
2025-06-09 20:00:00,0.2106790219317169
2025-06-09 21:00:00,0.1612078615531649
2025-06-09 22:00:00,0.10544975127274805
2025-06-09 23:00:00,0.04819612082742794
2025-06-10 00:00:00,0.03363764107449668
2025-06-10 01:00:00,0.01
2025-06-10 02:00:00,0.01
2025-06-10 03:00:00,0.02272450987036284
2025-06-10 04:00:00,0.06436246648227245
2025-06-10 05:00:00,0.16751090655232478
2025-06-10 06:00:00,0.21881028289073012
2025-06-10 07:00:00,0.2587999067108241
2025-06-10 08:00:00,0.31528484861983874
2025-06-10 09:00:00,0.30490879455369035
2025-06-10 10:00:00,0.2792689638950083
2025-06-10 11:00:00,0.28752513032444005
2025-06-10 12:00:00,0.23866933719175829
2025-06-10 13:00:00,0.18416767156666547
2025-06-10 14:00:00,0.17683314674367814
2025-06-10 15:00:00,0.1607101855705389
2025-06-10 16:00:00,0.15984369057202336
2025-06-10 17:00:00,0.20786025425971505
2025-06-10 18:00:00,0.23422693614354037
2025-06-10 19:00:00,0.1861771737027821
2025-06-10 20:00:00,0.20153022508684693
2025-06-10 21:00:00,0.15256727516483914
2025-06-10 22:00:00,0.11167626540157413
2025-06-10 23:00:00,0.06260719504399861
2025-06-11 00:00:00,0.016820754088339385
2025-06-11 01:00:00,0.01
2025-06-11 02:00:00,0.01
2025-06-11 03:00:00,0.03567488461774658
2025-06-11 04:00:00,0.07902704399179962
2025-06-11 05:00:00,0.13781449042028845
2025-06-11 06:00:00,0.1911671607029127
2025-06-11 07:00:00,0.24946285546909666
2025-06-11 08:00:00,0.303611484020923
2025-06-11 09:00:00,0.31045695685039004
2025-06-11 10:00:00,0.2767198273400023
2025-06-11 11:00:00,0.2653631828438819
2025-06-11 12:00:00,0.24105142248411354
2025-06-11 13:00:00,0.17388021376179003
2025-06-11 14:00:00,0.18703355889767959
2025-06-11 15:00:00,0.16310003208417084
2025-06-11 16:00:00,0.18833959566243408
2025-06-11 17:00:00,0.18171363279565098
2025-06-11 18:00:00,0.1777073841235689
2025-06-11 19:00:00,0.1819374798388701
2025-06-11 20:00:00,0.1930018898334574
2025-06-11 21:00:00,0.16541768032453708
2025-06-11 22:00:00,0.10461332587852673
2025-06-11 23:00:00,0.08026691988629056
2025-06-12 00:00:00,0.01
2025-06-12 01:00:00,0.01
2025-06-12 02:00:00,0.01
2025-06-12 03:00:00,0.021030299091706478
2025-06-12 04:00:00,0.07968140418097273
2025-06-12 05:00:00,0.12768231912171515
2025-06-12 06:00:00,0.19820209094777913
2025-06-12 07:00:00,0.2723986260435281
2025-06-12 08:00:00,0.28281704606837926
2025-06-12 09:00:00,0.3146683891946913
2025-06-12 10:00:00,0.2736273616698061
2025-06-12 11:00:00,0.2710100694088626
2025-06-12 12:00:00,0.25059395342109503
2025-06-12 13:00:00,0.1610364339543911
2025-06-12 14:00:00,0.16611953565761325
2025-06-12 15:00:00,0.1808852788537565
2025-06-12 16:00:00,0.17592474332058164
2025-06-12 17:00:00,0.19791951672204822
2025-06-12 18:00:00,0.19491064631048924
2025-06-12 19:00:00,0.20683927169690086
2025-06-12 20:00:00,0.18913526558034532
2025-06-12 21:00:00,0.1782283822013018
2025-06-12 22:00:00,0.12118419638230091
2025-06-12 23:00:00,0.07494188141344782
2025-06-13 00:00:00,0.02197719755495428
2025-06-13 01:00:00,0.01
2025-06-13 02:00:00,0.01
2025-06-13 03:00:00,0.035909550779978136
2025-06-13 04:00:00,0.0718405848344874
2025-06-13 05:00:00,0.14412007038998548
2025-06-13 06:00:00,0.23428636402647293
2025-06-13 07:00:00,0.2695560323923517
2025-06-13 08:00:00,0.2857649990642737
2025-06-13 09:00:00,0.3193361442817382
2025-06-13 10:00:00,0.28363676182991193
2025-06-13 11:00:00,0.23167606664803037
2025-06-13 12:00:00,0.2130340573830303
2025-06-13 13:00:00,0.16923415057647745
2025-06-13 14:00:00,0.1719851901646156
2025-06-13 15:00:00,0.1716904005694565
2025-06-13 16:00:00,0.2033019117309206
2025-06-13 17:00:00,0.19644116716350585
2025-06-13 18:00:00,0.1998688441146584
2025-06-13 19:00:00,0.2171664365381245
2025-06-13 20:00:00,0.15748832241167304
2025-06-13 21:00:00,0.163430797583598
2025-06-13 22:00:00,0.12811578957665204
2025-06-13 23:00:00,0.046883975731186994
2025-06-14 00:00:00,0.019491951611778413
2025-06-14 01:00:00,0.01
2025-06-14 02:00:00,0.01
2025-06-14 03:00:00,0.013664785552781167
2025-06-14 04:00:00,0.08639603383074046
2025-06-14 05:00:00,0.11668173027929987
2025-06-14 06:00:00,0.1810589497581796
2025-06-14 07:00:00,0.2237790372646558
2025-06-14 08:00:00,0.25208797542170264
2025-06-14 09:00:00,0.2879532616143259
2025-06-14 10:00:00,0.25109692395348543
2025-06-14 11:00:00,0.23750171715087223
2025-06-14 12:00:00,0.1951707792621978
2025-06-14 13:00:00,0.17866101569494436
2025-06-14 14:00:00,0.15644311292142263
2025-06-14 15:00:00,0.1611575129623649
2025-06-14 16:00:00,0.14468539498085334
2025-06-14 17:00:00,0.161669421444526
2025-06-14 18:00:00,0.16265418522693995
2025-06-14 19:00:00,0.1722412428361137
2025-06-14 20:00:00,0.17049514835934731
2025-06-14 21:00:00,0.14543169737853298
2025-06-14 22:00:00,0.07690062072256634
2025-06-14 23:00:00,0.05628714713635269
2025-06-15 00:00:00,0.021846101642035015
2025-06-15 01:00:00,0.01
2025-06-15 02:00:00,0.01
2025-06-15 03:00:00,0.01
2025-06-15 04:00:00,0.03284171321028953
2025-06-15 05:00:00,0.08644882551614454
2025-06-15 06:00:00,0.19895219843229855
2025-06-15 07:00:00,0.23966082839935662
2025-06-15 08:00:00,0.2631777636963039
2025-06-15 09:00:00,0.2788736465572458
2025-06-15 10:00:00,0.24623173842892904
2025-06-15 11:00:00,0.27229039608312
2025-06-15 12:00:00,0.20344985148958922
2025-06-15 13:00:00,0.17229313302410812
2025-06-15 14:00:00,0.16150057349688504
2025-06-15 15:00:00,0.15198544507083336
2025-06-15 16:00:00,0.15486979412414778
2025-06-15 17:00:00,0.15303632143853316
2025-06-15 18:00:00,0.18358355911700075
2025-06-15 19:00:00,0.20631190198066715
2025-06-15 20:00:00,0.18419283445228546
2025-06-15 21:00:00,0.1571505603247299
2025-06-15 22:00:00,0.08224075823504921
2025-06-15 23:00:00,0.02757487882717534
2025-06-16 00:00:00,0.023796470834905548
2025-06-16 01:00:00,0.01
2025-06-16 02:00:00,0.017993607035020676
2025-06-16 03:00:00,0.01
2025-06-16 04:00:00,0.09862652942830955
2025-06-16 05:00:00,0.13493125164746345
2025-06-16 06:00:00,0.19428005858718905
2025-06-16 07:00:00,0.2388355188015828
2025-06-16 08:00:00,0.2633604245584138
2025-06-16 09:00:00,0.3111934167983167
2025-06-16 10:00:00,0.28838558452267027
2025-06-16 11:00:00,0.24042644376919137
2025-06-16 12:00:00,0.20625709305544615
2025-06-16 13:00:00,0.18978718149212237
2025-06-16 14:00:00,0.19982113789418512
2025-06-16 15:00:00,0.16504817720076814
2025-06-16 16:00:00,0.15313613033962878
2025-06-16 17:00:00,0.18537903318536325
2025-06-16 18:00:00,0.19659242109018532
2025-06-16 19:00:00,0.1617999757658576
2025-06-16 20:00:00,0.18736885163863315
2025-06-16 21:00:00,0.15396048384844835
2025-06-16 22:00:00,0.12452382973015783
2025-06-16 23:00:00,0.09432503343167381
2025-06-17 00:00:00,0.04174958446726308
2025-06-17 01:00:00,0.01
2025-06-17 02:00:00,0.01
2025-06-17 03:00:00,0.06528892267030702
2025-06-17 04:00:00,0.0757393855342641
2025-06-17 05:00:00,0.1366781438924889
2025-06-17 06:00:00,0.19948923271739671
2025-06-17 07:00:00,0.2561561902296496
2025-06-17 08:00:00,0.2851857028451876
2025-06-17 09:00:00,0.2894087623233309
2025-06-17 10:00:00,0.27825076528388476
2025-06-17 11:00:00,0.25845239259971364
2025-06-17 12:00:00,0.21669973745704033
2025-06-17 13:00:00,0.18329909962896324
2025-06-17 14:00:00,0.1755501028178691
2025-06-17 15:00:00,0.16428522359755582
2025-06-17 16:00:00,0.19741100385278712
2025-06-17 17:00:00,0.14846846640840364
2025-06-17 18:00:00,0.21622371180288374
2025-06-17 19:00:00,0.22011238768509206
2025-06-17 20:00:00,0.15625025553792452
2025-06-17 21:00:00,0.1514520222780197
2025-06-17 22:00:00,0.1076769556556661
2025-06-17 23:00:00,0.044645850974372736
2025-06-18 00:00:00,0.012348033197667418
2025-06-18 01:00:00,0.01
2025-06-18 02:00:00,0.02619679978444106
2025-06-18 03:00:00,0.03988787600625486
2025-06-18 04:00:00,0.093088609936443
2025-06-18 05:00:00,0.14645845996192705
2025-06-18 06:00:00,0.18207950694327218
2025-06-18 07:00:00,0.24448128931141896
2025-06-18 08:00:00,0.29385590192994937
2025-06-18 09:00:00,0.2788459497806391
2025-06-18 10:00:00,0.2963128003425603
2025-06-18 11:00:00,0.2545029851680654
2025-06-18 12:00:00,0.21839297139828667
2025-06-18 13:00:00,0.20382036037965692
2025-06-18 14:00:00,0.1797817735622651
2025-06-18 15:00:00,0.16185956385906627
2025-06-18 16:00:00,0.19140523056199435
2025-06-18 17:00:00,0.17118123810778418
2025-06-18 18:00:00,0.2082543176156946
2025-06-18 19:00:00,0.20948180315463721
2025-06-18 20:00:00,0.18187208692182075
2025-06-18 21:00:00,0.16064850601034053
2025-06-18 22:00:00,0.09364603948730726
2025-06-18 23:00:00,0.0787831061707274
2025-06-19 00:00:00,0.020402513725344906
2025-06-19 01:00:00,0.01
2025-06-19 02:00:00,0.014808643781099251
2025-06-19 03:00:00,0.01444830701136074
2025-06-19 04:00:00,0.052049126326536396
2025-06-19 05:00:00,0.11144470365887918
2025-06-19 06:00:00,0.20726619504217442
2025-06-19 07:00:00,0.23230341527863052
2025-06-19 08:00:00,0.31199795850175527
2025-06-19 09:00:00,0.2651096880562216
2025-06-19 10:00:00,0.3102254316747842
2025-06-19 11:00:00,0.2604338904089359
2025-06-19 12:00:00,0.22172534909393393
2025-06-19 13:00:00,0.1841429368149295
2025-06-19 14:00:00,0.17826562786571476
2025-06-19 15:00:00,0.16587029807043896
2025-06-19 16:00:00,0.18972557400223763
2025-06-19 17:00:00,0.18827136501217245
2025-06-19 18:00:00,0.200430572193918
2025-06-19 19:00:00,0.19429186336236282
2025-06-19 20:00:00,0.1848218614161738
2025-06-19 21:00:00,0.15953429947054887
2025-06-19 22:00:00,0.0859209795036966
2025-06-19 23:00:00,0.04386068181149737
2025-06-20 00:00:00,0.03348260590001949
2025-06-20 01:00:00,0.01
2025-06-20 02:00:00,0.01
2025-06-20 03:00:00,0.024447570083172082
2025-06-20 04:00:00,0.07754737007010389
2025-06-20 05:00:00,0.12585534477478633
2025-06-20 06:00:00,0.18565907360864414
2025-06-20 07:00:00,0.25360513311022903
2025-06-20 08:00:00,0.27015805282545335
2025-06-20 09:00:00,0.30162001922788356
2025-06-20 10:00:00,0.25839743080455513
2025-06-20 11:00:00,0.2718635616784703
2025-06-20 12:00:00,0.2294226067258745
2025-06-20 13:00:00,0.1953147678494609
2025-06-20 14:00:00,0.1861765496273054
2025-06-20 15:00:00,0.19057453399143934
2025-06-20 16:00:00,0.1875491954649508
2025-06-20 17:00:00,0.1581024355299562
2025-06-20 18:00:00,0.17813998998864333
2025-06-20 19:00:00,0.1895313665978245
2025-06-20 20:00:00,0.18522501024284133
2025-06-20 21:00:00,0.16183975696189384
2025-06-20 22:00:00,0.09984494691393303
2025-06-20 23:00:00,0.06604256332792827
2025-06-21 00:00:00,0.01
2025-06-21 01:00:00,0.01
2025-06-21 02:00:00,0.01
2025-06-21 03:00:00,0.01
2025-06-21 04:00:00,0.026213060202033123
2025-06-21 05:00:00,0.09346832598136603
2025-06-21 06:00:00,0.1872929562353957
2025-06-21 07:00:00,0.21058115574788394
2025-06-21 08:00:00,0.298474060258839
2025-06-21 09:00:00,0.2770506812019791
2025-06-21 10:00:00,0.26086341152014514
2025-06-21 11:00:00,0.2177055452124667
2025-06-21 12:00:00,0.20699297747741302
2025-06-21 13:00:00,0.15699443923778544
2025-06-21 14:00:00,0.14742101688440243
2025-06-21 15:00:00,0.1781483701951319
2025-06-21 16:00:00,0.14504743079040838
2025-06-21 17:00:00,0.1771093336908153
2025-06-21 18:00:00,0.16094068290938984
2025-06-21 19:00:00,0.17253350270240453
2025-06-21 20:00:00,0.18555033882081076
2025-06-21 21:00:00,0.11882505058463977
2025-06-21 22:00:00,0.11207251727778823
2025-06-21 23:00:00,0.048012025689203514
2025-06-22 00:00:00,0.01
2025-06-22 01:00:00,0.01
2025-06-22 02:00:00,0.01
2025-06-22 03:00:00,0.01
2025-06-22 04:00:00,0.022086979848569
2025-06-22 05:00:00,0.09635138849930075
2025-06-22 06:00:00,0.16692757111365328
2025-06-22 07:00:00,0.2228576590045101
2025-06-22 08:00:00,0.26745043211018604
2025-06-22 09:00:00,0.27146844906341233
2025-06-22 10:00:00,0.23721272564471824
2025-06-22 11:00:00,0.23543590104092213
2025-06-22 12:00:00,0.20479913682618323
2025-06-22 13:00:00,0.17317788471096537
2025-06-22 14:00:00,0.16095460190868907
2025-06-22 15:00:00,0.1514079557999813
2025-06-22 16:00:00,0.15252805183535242
2025-06-22 17:00:00,0.1579697694852982
2025-06-22 18:00:00,0.145725936644186
2025-06-22 19:00:00,0.1786546247074955
2025-06-22 20:00:00,0.16125566595437252
2025-06-22 21:00:00,0.13145526037003463
2025-06-22 22:00:00,0.0648865816311774
2025-06-22 23:00:00,0.020331919911895202
2025-06-23 00:00:00,0.03558725264598726
2025-06-23 01:00:00,0.01
2025-06-23 02:00:00,0.01
2025-06-23 03:00:00,0.022052152085463017
2025-06-23 04:00:00,0.07023630193842992
2025-06-23 05:00:00,0.14548231242538165
2025-06-23 06:00:00,0.18704928892273315
2025-06-23 07:00:00,0.24956558129419348
2025-06-23 08:00:00,0.2753558305154181
2025-06-23 09:00:00,0.28643509983699666
2025-06-23 10:00:00,0.27675491837240807
2025-06-23 11:00:00,0.25721454904940627
2025-06-23 12:00:00,0.21260873052104162
2025-06-23 13:00:00,0.2077669790746705
2025-06-23 14:00:00,0.15547339069114507
2025-06-23 15:00:00,0.16024565801839524
2025-06-23 16:00:00,0.16319399397188114
2025-06-23 17:00:00,0.2048765326215518
2025-06-23 18:00:00,0.1977382814936674
2025-06-23 19:00:00,0.2118376287116041
2025-06-23 20:00:00,0.16000655425043916
2025-06-23 21:00:00,0.1555369409992108
2025-06-23 22:00:00,0.1215318814019015
2025-06-23 23:00:00,0.061931637056218375
2025-06-24 00:00:00,0.03491961449860928
2025-06-24 01:00:00,0.01
2025-06-24 02:00:00,0.01597508009696888
2025-06-24 03:00:00,0.05525829732443016
2025-06-24 04:00:00,0.06349483046603417
2025-06-24 05:00:00,0.12387296654136541
2025-06-24 06:00:00,0.21573817602939457
2025-06-24 07:00:00,0.2709648008526747
2025-06-24 08:00:00,0.27359450846533
2025-06-24 09:00:00,0.28579719001867887
2025-06-24 10:00:00,0.27631318011816536
2025-06-24 11:00:00,0.23286323383602173
2025-06-24 12:00:00,0.2051576296753661
2025-06-24 13:00:00,0.173015974716422
2025-06-24 14:00:00,0.15652298577451101
2025-06-24 15:00:00,0.16167590839664922
2025-06-24 16:00:00,0.17245062986067689
2025-06-24 17:00:00,0.20557682077509226
2025-06-24 18:00:00,0.17896209826154724
2025-06-24 19:00:00,0.21027224562335867
2025-06-24 20:00:00,0.17822757620924642
2025-06-24 21:00:00,0.14993668039302074
2025-06-24 22:00:00,0.11745716087668431
2025-06-24 23:00:00,0.04300399592028786
2025-06-25 00:00:00,0.023819096548845453
2025-06-25 01:00:00,0.01
2025-06-25 02:00:00,0.01
2025-06-25 03:00:00,0.024257896612214364
2025-06-25 04:00:00,0.10491245245474817
2025-06-25 05:00:00,0.12013494608206295
2025-06-25 06:00:00,0.1851179960310575
2025-06-25 07:00:00,0.23706965225379825
2025-06-25 08:00:00,0.2722507935686809
2025-06-25 09:00:00,0.2816847268489746
2025-06-25 10:00:00,0.29752073870114193
2025-06-25 11:00:00,0.2734830967048394
2025-06-25 12:00:00,0.20952175594984263
2025-06-25 13:00:00,0.17473829410459524
2025-06-25 14:00:00,0.1742567240803247
2025-06-25 15:00:00,0.15305837752669207
2025-06-25 16:00:00,0.17757692762241742
2025-06-25 17:00:00,0.1845087001791063
2025-06-25 18:00:00,0.1703467886311263
2025-06-25 19:00:00,0.21786552914961652
2025-06-25 20:00:00,0.20752111545251756
2025-06-25 21:00:00,0.1406323471639971
2025-06-25 22:00:00,0.10066488657860118
2025-06-25 23:00:00,0.0632783485880516
2025-06-26 00:00:00,0.022243689340665285
2025-06-26 01:00:00,0.01
2025-06-26 02:00:00,0.023277365193911326
2025-06-26 03:00:00,0.016410045675961576
2025-06-26 04:00:00,0.05525237882278314
2025-06-26 05:00:00,0.10815514456038997
2025-06-26 06:00:00,0.18126288689173117
2025-06-26 07:00:00,0.24506374269183795
2025-06-26 08:00:00,0.3066452054436267
2025-06-26 09:00:00,0.28262525140780503
2025-06-26 10:00:00,0.2821861971438873
2025-06-26 11:00:00,0.2510730766786755
2025-06-26 12:00:00,0.23505273659258125
2025-06-26 13:00:00,0.22427150122403822
2025-06-26 14:00:00,0.15836634627549903
2025-06-26 15:00:00,0.1531440186879085
2025-06-26 16:00:00,0.18288925064689604
2025-06-26 17:00:00,0.19083711434550668
2025-06-26 18:00:00,0.21992744737690048
2025-06-26 19:00:00,0.20255576104433026
2025-06-26 20:00:00,0.17433745612905405
2025-06-26 21:00:00,0.15782788711642276
2025-06-26 22:00:00,0.12225485082115976
2025-06-26 23:00:00,0.07044148757991368
2025-06-27 00:00:00,0.02397843442828254
2025-06-27 01:00:00,0.01
2025-06-27 02:00:00,0.01
2025-06-27 03:00:00,0.038939125424748394
2025-06-27 04:00:00,0.07609997227551778
2025-06-27 05:00:00,0.12548064824666827
2025-06-27 06:00:00,0.193570029258173
2025-06-27 07:00:00,0.2628007682533835
2025-06-27 08:00:00,0.2666152888968646
2025-06-27 09:00:00,0.2950620069972543
2025-06-27 10:00:00,0.2720717821552066
2025-06-27 11:00:00,0.2508930789346022
2025-06-27 12:00:00,0.23554610190078265
2025-06-27 13:00:00,0.18837648732704562
2025-06-27 14:00:00,0.16616841256245926
2025-06-27 15:00:00,0.13923025468179623
2025-06-27 16:00:00,0.17756312745208147
2025-06-27 17:00:00,0.18943349118904132
2025-06-27 18:00:00,0.22381814481125506
2025-06-27 19:00:00,0.18832265121095898
2025-06-27 20:00:00,0.18215657887663222
2025-06-27 21:00:00,0.15185130638251265
2025-06-27 22:00:00,0.12842858277968144
2025-06-27 23:00:00,0.05584730834696214
2025-06-28 00:00:00,0.01
2025-06-28 01:00:00,0.01
2025-06-28 02:00:00,0.01
2025-06-28 03:00:00,0.01
2025-06-28 04:00:00,0.04342201376176426
2025-06-28 05:00:00,0.11823323560593416
2025-06-28 06:00:00,0.15011293437712375
2025-06-28 07:00:00,0.22083901877457773
2025-06-28 08:00:00,0.24250885164420205
2025-06-28 09:00:00,0.2815989467046499
2025-06-28 10:00:00,0.22926540067497692
2025-06-28 11:00:00,0.21621941878812265
2025-06-28 12:00:00,0.1961688419942575
2025-06-28 13:00:00,0.1831342016518787
2025-06-28 14:00:00,0.1386269503306387
2025-06-28 15:00:00,0.12544144380271355
2025-06-28 16:00:00,0.1687280199098985
2025-06-28 17:00:00,0.13217235987229803
2025-06-28 18:00:00,0.13252857451898845
2025-06-28 19:00:00,0.1736808813926705
2025-06-28 20:00:00,0.14547985050300047
2025-06-28 21:00:00,0.10693339877650712
2025-06-28 22:00:00,0.08953347019933613
2025-06-28 23:00:00,0.035075091945950904
2025-06-29 00:00:00,0.01
2025-06-29 01:00:00,0.01
2025-06-29 02:00:00,0.01
2025-06-29 03:00:00,0.01
2025-06-29 04:00:00,0.038163473693535774
2025-06-29 05:00:00,0.12896876208068944
2025-06-29 06:00:00,0.14859984015533423
2025-06-29 07:00:00,0.19510204388044042
2025-06-29 08:00:00,0.24177249060200784
2025-06-29 09:00:00,0.2621299048073817
2025-06-29 10:00:00,0.25490374376851077
2025-06-29 11:00:00,0.2201251534112884
2025-06-29 12:00:00,0.194931942597941
2025-06-29 13:00:00,0.1400186976324438
2025-06-29 14:00:00,0.1604101210897693
2025-06-29 15:00:00,0.13167761680915988
2025-06-29 16:00:00,0.15641054912404845
2025-06-29 17:00:00,0.15817389635614415
2025-06-29 18:00:00,0.1715024099375333
2025-06-29 19:00:00,0.17476762162729043
2025-06-29 20:00:00,0.15886674005048623
2025-06-29 21:00:00,0.13103318021341784
2025-06-29 22:00:00,0.09798585922376919
2025-06-29 23:00:00,0.03350634656684183
2025-06-30 00:00:00,0.024425978375184287
2025-06-30 01:00:00,0.01
2025-06-30 02:00:00,0.011290139864654852
2025-06-30 03:00:00,0.01
2025-06-30 04:00:00,0.09080502850501887
2025-06-30 05:00:00,0.12480664824143943
2025-06-30 06:00:00,0.16732929547958594
2025-06-30 07:00:00,0.24404629802910346
2025-06-30 08:00:00,0.2660751471492334
2025-06-30 09:00:00,0.29956315864867517
2025-06-30 10:00:00,0.2656041027002647
2025-06-30 11:00:00,0.24119075314204177
2025-06-30 12:00:00,0.1854478110471737
2025-06-30 13:00:00,0.17614700456769444
2025-06-30 14:00:00,0.12653527249036617
2025-06-30 15:00:00,0.13329115249389267
2025-06-30 16:00:00,0.17519714185352112
2025-06-30 17:00:00,0.1889598289013712
2025-06-30 18:00:00,0.19517278543813116
2025-06-30 19:00:00,0.1758562806379993
2025-06-30 20:00:00,0.17557525166922694
2025-06-30 21:00:00,0.14547811109017628
2025-06-30 22:00:00,0.0848129112950247
2025-06-30 23:00:00,0.07724931390895719
2025-07-01 00:00:00,0.026090784203069456
2025-07-01 01:00:00,0.01
2025-07-01 02:00:00,0.01
2025-07-01 03:00:00,0.017893508561160065
2025-07-01 04:00:00,0.032304326818070064
2025-07-01 05:00:00,0.1208407845963734
2025-07-01 06:00:00,0.17770058612446746
2025-07-01 07:00:00,0.22623985949009567
2025-07-01 08:00:00,0.2712138454511451
2025-07-01 09:00:00,0.3130582311496649
2025-07-01 10:00:00,0.28414553314188346
2025-07-01 11:00:00,0.2384552476265993
2025-07-01 12:00:00,0.22151909156477684
2025-07-01 13:00:00,0.2030613587382984
2025-07-01 14:00:00,0.17590239546656986
2025-07-01 15:00:00,0.1570835782280589
2025-07-01 16:00:00,0.15322629817885083
2025-07-01 17:00:00,0.18678560405889033
2025-07-01 18:00:00,0.1938326306257607
2025-07-01 19:00:00,0.20292824891843125
2025-07-01 20:00:00,0.18495792686966397
2025-07-01 21:00:00,0.1604148677394026
2025-07-01 22:00:00,0.09329928129258211
2025-07-01 23:00:00,0.0735986782000426
2025-07-02 00:00:00,0.015033644225951548
2025-07-02 01:00:00,0.019154075332204812
2025-07-02 02:00:00,0.01
2025-07-02 03:00:00,0.03994652380055669
2025-07-02 04:00:00,0.06503831190750531
2025-07-02 05:00:00,0.1139164755910968
2025-07-02 06:00:00,0.17981136264475078
2025-07-02 07:00:00,0.23559825032673576
2025-07-02 08:00:00,0.28093213935159433
2025-07-02 09:00:00,0.2930747658785857
2025-07-02 10:00:00,0.2650666904749308
2025-07-02 11:00:00,0.2457969139005577
2025-07-02 12:00:00,0.24420370553474358
2025-07-02 13:00:00,0.2071234750521502
2025-07-02 14:00:00,0.16771704557911996
2025-07-02 15:00:00,0.15589847516291047
2025-07-02 16:00:00,0.16387012005633952
2025-07-02 17:00:00,0.1846543242567739
2025-07-02 18:00:00,0.17172776167758955
2025-07-02 19:00:00,0.18477900286779628
2025-07-02 20:00:00,0.14954088904740176
2025-07-02 21:00:00,0.14979922415982294
2025-07-02 22:00:00,0.1101750488726629
2025-07-02 23:00:00,0.04572927059216826
2025-07-03 00:00:00,0.03481887943799383
2025-07-03 01:00:00,0.01
2025-07-03 02:00:00,0.01
2025-07-03 03:00:00,0.016413271864555323
2025-07-03 04:00:00,0.07691555252782568
2025-07-03 05:00:00,0.14808608885025934
2025-07-03 06:00:00,0.17932581404560927
2025-07-03 07:00:00,0.25572310028419776
2025-07-03 08:00:00,0.2731314509461328
2025-07-03 09:00:00,0.2817822518920187
2025-07-03 10:00:00,0.2860665174293874
2025-07-03 11:00:00,0.2550865037937515
2025-07-03 12:00:00,0.18756319563387966
2025-07-03 13:00:00,0.20249786057960575
2025-07-03 14:00:00,0.18101298867929905
2025-07-03 15:00:00,0.1450844103008223
2025-07-03 16:00:00,0.16714613099020453
2025-07-03 17:00:00,0.1820014352931365
2025-07-03 18:00:00,0.190119184476002
2025-07-03 19:00:00,0.17952450145454293
2025-07-03 20:00:00,0.16363472746957258
2025-07-03 21:00:00,0.14256699408894985
2025-07-03 22:00:00,0.11719747289909004
2025-07-03 23:00:00,0.06027049767865314
2025-07-04 00:00:00,0.01
2025-07-04 01:00:00,0.01
2025-07-04 02:00:00,0.01
2025-07-04 03:00:00,0.02941779045286738
2025-07-04 04:00:00,0.03425318166810197
2025-07-04 05:00:00,0.11653036971847441
2025-07-04 06:00:00,0.1685538399303813
2025-07-04 07:00:00,0.21926247600804488
2025-07-04 08:00:00,0.2902612901604512
2025-07-04 09:00:00,0.27649595373258273
2025-07-04 10:00:00,0.2771489869541781
2025-07-04 11:00:00,0.24373766229549254
2025-07-04 12:00:00,0.21750450075812033
2025-07-04 13:00:00,0.18064189406075123
2025-07-04 14:00:00,0.14020654536538882
2025-07-04 15:00:00,0.16855166347630246
2025-07-04 16:00:00,0.1529425396023538
2025-07-04 17:00:00,0.15038206438012927
2025-07-04 18:00:00,0.17892716093528482
2025-07-04 19:00:00,0.209430285982869
2025-07-04 20:00:00,0.18560221448147585
2025-07-04 21:00:00,0.13686033349883375
2025-07-04 22:00:00,0.09350748240655324
2025-07-04 23:00:00,0.04643177995260603
2025-07-05 00:00:00,0.01564055588512292
2025-07-05 01:00:00,0.01
2025-07-05 02:00:00,0.01
2025-07-05 03:00:00,0.01
2025-07-05 04:00:00,0.038071173517108065
2025-07-05 05:00:00,0.09222179943414772
2025-07-05 06:00:00,0.15654408839543568
2025-07-05 07:00:00,0.21174912703458437
2025-07-05 08:00:00,0.2464310025840627
2025-07-05 09:00:00,0.2685663626887527
2025-07-05 10:00:00,0.24687106479726373
2025-07-05 11:00:00,0.22957151991885086
2025-07-05 12:00:00,0.18327858743008166
2025-07-05 13:00:00,0.15480954133152564
2025-07-05 14:00:00,0.10361886624217262
2025-07-05 15:00:00,0.14149302408706946
2025-07-05 16:00:00,0.13968666327018026
2025-07-05 17:00:00,0.1628413922898572
2025-07-05 18:00:00,0.11604550545880504
2025-07-05 19:00:00,0.19238495747700213
2025-07-05 20:00:00,0.14489549170938273
2025-07-05 21:00:00,0.13285330554795127
2025-07-05 22:00:00,0.05728820684638358
2025-07-05 23:00:00,0.03458836207874218
2025-07-06 00:00:00,0.01
2025-07-06 01:00:00,0.01
2025-07-06 02:00:00,0.01
2025-07-06 03:00:00,0.01
2025-07-06 04:00:00,0.036892169136022654
2025-07-06 05:00:00,0.10829978748840607
2025-07-06 06:00:00,0.1660659043579159
2025-07-06 07:00:00,0.21422076940956544
2025-07-06 08:00:00,0.2516050910753202
2025-07-06 09:00:00,0.2928444932193886
2025-07-06 10:00:00,0.24436893446126695
2025-07-06 11:00:00,0.22073974436795818
2025-07-06 12:00:00,0.19939049197844105
2025-07-06 13:00:00,0.16935424237777053
2025-07-06 14:00:00,0.15053867100017643
2025-07-06 15:00:00,0.13647040220358647
2025-07-06 16:00:00,0.1164856023473696
2025-07-06 17:00:00,0.17151405353309532
2025-07-06 18:00:00,0.14143549514304654
2025-07-06 19:00:00,0.16474020879049317
2025-07-06 20:00:00,0.13481653828803647
2025-07-06 21:00:00,0.11440982800461011
2025-07-06 22:00:00,0.07695957181443523
2025-07-06 23:00:00,0.029358451641174177
2025-07-07 00:00:00,0.014101973822669256
2025-07-07 01:00:00,0.01
2025-07-07 02:00:00,0.01
2025-07-07 03:00:00,0.01
2025-07-07 04:00:00,0.07223447003346538
2025-07-07 05:00:00,0.13723331533275757
2025-07-07 06:00:00,0.16435904528208514
2025-07-07 07:00:00,0.24506797335097286
2025-07-07 08:00:00,0.2807907536438035
2025-07-07 09:00:00,0.2764722933612278
2025-07-07 10:00:00,0.2900113050872582
2025-07-07 11:00:00,0.23961491133255894
2025-07-07 12:00:00,0.2096568093112132
2025-07-07 13:00:00,0.17431776248995592
2025-07-07 14:00:00,0.1571093886013059
2025-07-07 15:00:00,0.13458780904053388
2025-07-07 16:00:00,0.13617239927022562
2025-07-07 17:00:00,0.19507264296776666
2025-07-07 18:00:00,0.17006874228436514
2025-07-07 19:00:00,0.16947227804087628
2025-07-07 20:00:00,0.1379723108050843
2025-07-07 21:00:00,0.12992996345897567
2025-07-07 22:00:00,0.07632427522958374
2025-07-07 23:00:00,0.07331080728227883
2025-07-08 00:00:00,0.022064305984054733
2025-07-08 01:00:00,0.01
2025-07-08 02:00:00,0.016601046345636028
2025-07-08 03:00:00,0.02348094854630156
2025-07-08 04:00:00,0.05204457889128593
2025-07-08 05:00:00,0.0810440594105596
2025-07-08 06:00:00,0.21628118823277642
2025-07-08 07:00:00,0.21440727243654628
2025-07-08 08:00:00,0.2447360684395619
2025-07-08 09:00:00,0.2954181895265475
2025-07-08 10:00:00,0.3051158761174483
2025-07-08 11:00:00,0.26177372455047987
2025-07-08 12:00:00,0.21537568644470068
2025-07-08 13:00:00,0.18497904211396848
2025-07-08 14:00:00,0.16882082340406376
2025-07-08 15:00:00,0.16155975132553863
2025-07-08 16:00:00,0.16113492100345592
2025-07-08 17:00:00,0.17186197071344547
2025-07-08 18:00:00,0.18097815272542248
2025-07-08 19:00:00,0.17217758158449598
2025-07-08 20:00:00,0.16520692349091365
2025-07-08 21:00:00,0.11326392459616266
2025-07-08 22:00:00,0.09383941486355021
2025-07-08 23:00:00,0.03299560040774477
2025-07-09 00:00:00,0.01
2025-07-09 01:00:00,0.01
2025-07-09 02:00:00,0.01
2025-07-09 03:00:00,0.02167475681491801
2025-07-09 04:00:00,0.0325050820730233
2025-07-09 05:00:00,0.10283626456856383
2025-07-09 06:00:00,0.1951741589471942
2025-07-09 07:00:00,0.2196590900183813
2025-07-09 08:00:00,0.2651930938774156
2025-07-09 09:00:00,0.2874759560152269
2025-07-09 10:00:00,0.2531399646828603
2025-07-09 11:00:00,0.2417358063484672
2025-07-09 12:00:00,0.18605220870359793
2025-07-09 13:00:00,0.16618275381317668
2025-07-09 14:00:00,0.1599618605179529
2025-07-09 15:00:00,0.1254264579592178
2025-07-09 16:00:00,0.16266971219677695
2025-07-09 17:00:00,0.1691499286537228
2025-07-09 18:00:00,0.1893499404436282
2025-07-09 19:00:00,0.18599130391192173
2025-07-09 20:00:00,0.18902469757697862
2025-07-09 21:00:00,0.13968218583226774
2025-07-09 22:00:00,0.08801896763204836
2025-07-09 23:00:00,0.048804471043948486
2025-07-10 00:00:00,0.013359510589552037
2025-07-10 01:00:00,0.01
2025-07-10 02:00:00,0.01
2025-07-10 03:00:00,0.01
2025-07-10 04:00:00,0.04526652639074204
2025-07-10 05:00:00,0.0957890565667588
2025-07-10 06:00:00,0.20645369130181038
2025-07-10 07:00:00,0.21488590141722197
2025-07-10 08:00:00,0.25731646218706766
2025-07-10 09:00:00,0.26759651457295597
2025-07-10 10:00:00,0.2802364461866168
2025-07-10 11:00:00,0.2348783776085327
2025-07-10 12:00:00,0.2239261712441123
2025-07-10 13:00:00,0.16424835813542218
2025-07-10 14:00:00,0.15849749296580717
2025-07-10 15:00:00,0.13593860718993178
2025-07-10 16:00:00,0.1873872770706071
2025-07-10 17:00:00,0.15077796837881563
2025-07-10 18:00:00,0.18485735080741172
2025-07-10 19:00:00,0.1912866941415686
2025-07-10 20:00:00,0.17391702661577874
2025-07-10 21:00:00,0.13417195243601882
2025-07-10 22:00:00,0.09166018927956107
2025-07-10 23:00:00,0.04677462960478619
2025-07-11 00:00:00,0.01
2025-07-11 01:00:00,0.01
2025-07-11 02:00:00,0.013414953998500567
2025-07-11 03:00:00,0.01
2025-07-11 04:00:00,0.03381260465938801
2025-07-11 05:00:00,0.11465351411755328
2025-07-11 06:00:00,0.21805528941788896
2025-07-11 07:00:00,0.22063834062761317
2025-07-11 08:00:00,0.29144640143473516
2025-07-11 09:00:00,0.30268774496670847
2025-07-11 10:00:00,0.25765836610589815
2025-07-11 11:00:00,0.24698697816976012
2025-07-11 12:00:00,0.22878559870000226
2025-07-11 13:00:00,0.1678134105833358
2025-07-11 14:00:00,0.15040848432998263
2025-07-11 15:00:00,0.1388932084786664
2025-07-11 16:00:00,0.1391382983926812
2025-07-11 17:00:00,0.15800239068733613
2025-07-11 18:00:00,0.16100054535164035
2025-07-11 19:00:00,0.18144090215054343
2025-07-11 20:00:00,0.15531005088719455
2025-07-11 21:00:00,0.13960766519511356
2025-07-11 22:00:00,0.06941867428157596
2025-07-11 23:00:00,0.0502302702073843
2025-07-12 00:00:00,0.01
2025-07-12 01:00:00,0.01
2025-07-12 02:00:00,0.01
2025-07-12 03:00:00,0.01
2025-07-12 04:00:00,0.010367055433353811
2025-07-12 05:00:00,0.11521835200603536
2025-07-12 06:00:00,0.15979695585421258
2025-07-12 07:00:00,0.19627030267143072
2025-07-12 08:00:00,0.24017513454885628
2025-07-12 09:00:00,0.26004915780403537
2025-07-12 10:00:00,0.24125429196335196
2025-07-12 11:00:00,0.22068559322932424
2025-07-12 12:00:00,0.16470156681753143
2025-07-12 13:00:00,0.150192760419337
2025-07-12 14:00:00,0.10640849363859106
2025-07-12 15:00:00,0.12010205262831326
2025-07-12 16:00:00,0.11495305609175005
2025-07-12 17:00:00,0.13086062608512744
2025-07-12 18:00:00,0.17205306834187847
2025-07-12 19:00:00,0.17145132329621676
2025-07-12 20:00:00,0.15014874252732954
2025-07-12 21:00:00,0.09386820640881136
2025-07-12 22:00:00,0.06216300358985605
2025-07-12 23:00:00,0.03761555358450289
2025-07-13 00:00:00,0.01
2025-07-13 01:00:00,0.01
2025-07-13 02:00:00,0.01
2025-07-13 03:00:00,0.01
2025-07-13 04:00:00,0.023029608547283642
2025-07-13 05:00:00,0.09128756457180334
2025-07-13 06:00:00,0.15037930796461302
2025-07-13 07:00:00,0.21662179545473498
2025-07-13 08:00:00,0.25451689026223995
2025-07-13 09:00:00,0.2390390970051896
2025-07-13 10:00:00,0.2193004015853984
2025-07-13 11:00:00,0.18421585754267855
2025-07-13 12:00:00,0.18528622541400935
2025-07-13 13:00:00,0.130256533762787
2025-07-13 14:00:00,0.09447553699447782
2025-07-13 15:00:00,0.12675380741310752
2025-07-13 16:00:00,0.16506134827181304
2025-07-13 17:00:00,0.14095719634747483
2025-07-13 18:00:00,0.16524371712709585
2025-07-13 19:00:00,0.15546379666211552
2025-07-13 20:00:00,0.13868301071245404
2025-07-13 21:00:00,0.12319372992031588
2025-07-13 22:00:00,0.0617096969690476
2025-07-13 23:00:00,0.022584657592493007
2025-07-14 00:00:00,0.01
2025-07-14 01:00:00,0.01
2025-07-14 02:00:00,0.01
2025-07-14 03:00:00,0.01
2025-07-14 04:00:00,0.04048777683561752
2025-07-14 05:00:00,0.12148969737131418
2025-07-14 06:00:00,0.16334693450114465
2025-07-14 07:00:00,0.2305804813826321
2025-07-14 08:00:00,0.2641871692783471
2025-07-14 09:00:00,0.2912749711179715
2025-07-14 10:00:00,0.2705469680996534
2025-07-14 11:00:00,0.23554113247573988
2025-07-14 12:00:00,0.21409044871601451
2025-07-14 13:00:00,0.19181774480834385
2025-07-14 14:00:00,0.159293649201732
2025-07-14 15:00:00,0.14523801636048278
2025-07-14 16:00:00,0.13214641074275782
2025-07-14 17:00:00,0.14922915379213167
2025-07-14 18:00:00,0.17224558366269022
2025-07-14 19:00:00,0.1692512719692018
2025-07-14 20:00:00,0.1615193846832285
2025-07-14 21:00:00,0.13441493026664497
2025-07-14 22:00:00,0.09816680516491735
2025-07-14 23:00:00,0.04167388992821709
2025-07-15 00:00:00,0.01
2025-07-15 01:00:00,0.01
2025-07-15 02:00:00,0.01
2025-07-15 03:00:00,0.01
2025-07-15 04:00:00,0.04882340315264516
2025-07-15 05:00:00,0.0944573908356007
2025-07-15 06:00:00,0.18498364743841247
2025-07-15 07:00:00,0.25227978876770984
2025-07-15 08:00:00,0.28176614426392915
2025-07-15 09:00:00,0.27094565682700394
2025-07-15 10:00:00,0.2849481489196626
2025-07-15 11:00:00,0.23730731097540791
2025-07-15 12:00:00,0.19592842692169884
2025-07-15 13:00:00,0.16092435388042922
2025-07-15 14:00:00,0.14555021156959136
2025-07-15 15:00:00,0.13842083704517283
2025-07-15 16:00:00,0.15354095982410174
2025-07-15 17:00:00,0.16677523071446942
2025-07-15 18:00:00,0.17603040679077064
2025-07-15 19:00:00,0.1841087898082455
2025-07-15 20:00:00,0.18134441061026452
2025-07-15 21:00:00,0.14696925568526742
2025-07-15 22:00:00,0.06710870658327704
2025-07-15 23:00:00,0.01
2025-07-16 00:00:00,0.014163689644542288
2025-07-16 01:00:00,0.01
2025-07-16 02:00:00,0.01
2025-07-16 03:00:00,0.01
2025-07-16 04:00:00,0.023119184412252913
2025-07-16 05:00:00,0.11988892738877298
2025-07-16 06:00:00,0.18653621838049295
2025-07-16 07:00:00,0.2198350447591374
2025-07-16 08:00:00,0.22378325659377957
2025-07-16 09:00:00,0.26511780765465365
2025-07-16 10:00:00,0.2676284914354353
2025-07-16 11:00:00,0.21205780007324812
2025-07-16 12:00:00,0.2028992897726406
2025-07-16 13:00:00,0.16905992058343222
2025-07-16 14:00:00,0.15794080384841344
2025-07-16 15:00:00,0.1452013693369874
2025-07-16 16:00:00,0.13555285686272991
2025-07-16 17:00:00,0.18147936801117265
2025-07-16 18:00:00,0.1727709473805487
2025-07-16 19:00:00,0.17630932365688512
2025-07-16 20:00:00,0.14864987158985526
2025-07-16 21:00:00,0.12524088437325875
2025-07-16 22:00:00,0.07527430988710591
2025-07-16 23:00:00,0.03846211744819518
2025-07-17 00:00:00,0.024992352565734732
2025-07-17 01:00:00,0.01
2025-07-17 02:00:00,0.01
2025-07-17 03:00:00,0.023221696873516107
2025-07-17 04:00:00,0.046176870206321635
2025-07-17 05:00:00,0.10089872977344883
2025-07-17 06:00:00,0.1899152956745408
2025-07-17 07:00:00,0.21856630206163163
2025-07-17 08:00:00,0.28920687106680365
2025-07-17 09:00:00,0.2826481968361763
2025-07-17 10:00:00,0.25360059461985796
2025-07-17 11:00:00,0.26576893119148903
2025-07-17 12:00:00,0.19023100151854958
2025-07-17 13:00:00,0.17958883328881317
2025-07-17 14:00:00,0.1529086544481409
2025-07-17 15:00:00,0.1621016175394035
2025-07-17 16:00:00,0.17273939331450244
2025-07-17 17:00:00,0.16317869210983818
2025-07-17 18:00:00,0.1630154573084069
2025-07-17 19:00:00,0.18278630828126724
2025-07-17 20:00:00,0.15165099481731803
2025-07-17 21:00:00,0.16125876124167715
2025-07-17 22:00:00,0.08976221495139688
2025-07-17 23:00:00,0.034744319465011275
2025-07-18 00:00:00,0.01
2025-07-18 01:00:00,0.01
2025-07-18 02:00:00,0.01
2025-07-18 03:00:00,0.01833209145671791
2025-07-18 04:00:00,0.03863505205546826
2025-07-18 05:00:00,0.09440289698955803
2025-07-18 06:00:00,0.1815382575279485
2025-07-18 07:00:00,0.24460783835406913
2025-07-18 08:00:00,0.2717727659000152
2025-07-18 09:00:00,0.2865917649296141
2025-07-18 10:00:00,0.24873908028994116
2025-07-18 11:00:00,0.21125388886781837
2025-07-18 12:00:00,0.22100847101937152
2025-07-18 13:00:00,0.1627889460024811
2025-07-18 14:00:00,0.14382851137165736
2025-07-18 15:00:00,0.16167015120259692
2025-07-18 16:00:00,0.1568319163810491
2025-07-18 17:00:00,0.16870868733151537
2025-07-18 18:00:00,0.2059635014135555
2025-07-18 19:00:00,0.1654056935579179
2025-07-18 20:00:00,0.17490606816125773
2025-07-18 21:00:00,0.13108489027867362
2025-07-18 22:00:00,0.09091481004454424
2025-07-18 23:00:00,0.06232291000732043
2025-07-19 00:00:00,0.01
2025-07-19 01:00:00,0.01
2025-07-19 02:00:00,0.01
2025-07-19 03:00:00,0.01
2025-07-19 04:00:00,0.010076214026240371
2025-07-19 05:00:00,0.06861031661575791
2025-07-19 06:00:00,0.11816901019568546
2025-07-19 07:00:00,0.2318412757795153
2025-07-19 08:00:00,0.21861623355050022
2025-07-19 09:00:00,0.24250813808502658
2025-07-19 10:00:00,0.23011469991643557
2025-07-19 11:00:00,0.21136804213236882
2025-07-19 12:00:00,0.18490041722441497
2025-07-19 13:00:00,0.1547121387067956
2025-07-19 14:00:00,0.11302073783623529
2025-07-19 15:00:00,0.1134163061643512
2025-07-19 16:00:00,0.12690305829365
2025-07-19 17:00:00,0.13231589665382434
2025-07-19 18:00:00,0.1717745426766254
2025-07-19 19:00:00,0.15659898408448011
2025-07-19 20:00:00,0.14618752582707273
2025-07-19 21:00:00,0.11434880523151485
2025-07-19 22:00:00,0.07866392652016156
2025-07-19 23:00:00,0.016287099787974352
2025-07-20 00:00:00,0.01
2025-07-20 01:00:00,0.01
2025-07-20 02:00:00,0.01
2025-07-20 03:00:00,0.01
2025-07-20 04:00:00,0.030640108234535057
2025-07-20 05:00:00,0.10203698951446111
2025-07-20 06:00:00,0.1471637216042496
2025-07-20 07:00:00,0.20481095293627807
2025-07-20 08:00:00,0.2598778721227372
2025-07-20 09:00:00,0.24861852904802484
2025-07-20 10:00:00,0.2724724350443585
2025-07-20 11:00:00,0.21441987526658862
2025-07-20 12:00:00,0.14543320656587141
2025-07-20 13:00:00,0.15228544961485058
2025-07-20 14:00:00,0.1266645641048942
2025-07-20 15:00:00,0.13444971209927173
2025-07-20 16:00:00,0.13194236822225805
2025-07-20 17:00:00,0.1331497127037041
2025-07-20 18:00:00,0.1284801744088682
2025-07-20 19:00:00,0.14527929986749913
2025-07-20 20:00:00,0.12158684114006915
2025-07-20 21:00:00,0.09487802337131598
2025-07-20 22:00:00,0.06907078364107398
2025-07-20 23:00:00,0.03780063288957301
2025-07-21 00:00:00,0.01
2025-07-21 01:00:00,0.01
2025-07-21 02:00:00,0.01
2025-07-21 03:00:00,0.015816464785970596
2025-07-21 04:00:00,0.03688283232398276
2025-07-21 05:00:00,0.10563741387842765
2025-07-21 06:00:00,0.17124989880971145
2025-07-21 07:00:00,0.21258991098662483
2025-07-21 08:00:00,0.2682537823964314
2025-07-21 09:00:00,0.2673779370621444
2025-07-21 10:00:00,0.26392510292582283
2025-07-21 11:00:00,0.2168097758506488
2025-07-21 12:00:00,0.18946770138392235
2025-07-21 13:00:00,0.176005973601264
2025-07-21 14:00:00,0.13953961898584086
2025-07-21 15:00:00,0.16519280649209644
2025-07-21 16:00:00,0.14003503310455445
2025-07-21 17:00:00,0.16278175128530384
2025-07-21 18:00:00,0.18501843836686988
2025-07-21 19:00:00,0.15132409066835886
2025-07-21 20:00:00,0.13211744370906184
2025-07-21 21:00:00,0.10488595833540024
2025-07-21 22:00:00,0.1033657970617374
2025-07-21 23:00:00,0.028659121071480068
2025-07-22 00:00:00,0.033592373651487054
2025-07-22 01:00:00,0.01
2025-07-22 02:00:00,0.01
2025-07-22 03:00:00,0.020188450252493828
2025-07-22 04:00:00,0.07531077768885017
2025-07-22 05:00:00,0.13776003350575722
2025-07-22 06:00:00,0.18834487782536047
2025-07-22 07:00:00,0.23891413204772022
2025-07-22 08:00:00,0.2666072886044811
2025-07-22 09:00:00,0.2800573839114505
2025-07-22 10:00:00,0.24855413899997922
2025-07-22 11:00:00,0.21703898374403552
2025-07-22 12:00:00,0.19516876750529907
2025-07-22 13:00:00,0.16180729237366334
2025-07-22 14:00:00,0.13752350400499808
2025-07-22 15:00:00,0.14892396891313595
2025-07-22 16:00:00,0.159548962495021
2025-07-22 17:00:00,0.15992739217109309
2025-07-22 18:00:00,0.19238233558229229
2025-07-22 19:00:00,0.1546640484280416
2025-07-22 20:00:00,0.15481449247726756
2025-07-22 21:00:00,0.11620827672259942
2025-07-22 22:00:00,0.05561879473192363
2025-07-22 23:00:00,0.03488659144991611
2025-07-23 00:00:00,0.01
2025-07-23 01:00:00,0.01
2025-07-23 02:00:00,0.01
2025-07-23 03:00:00,0.01
2025-07-23 04:00:00,0.07222570195852444
2025-07-23 05:00:00,0.12434791438613985
2025-07-23 06:00:00,0.17814577901554088
2025-07-23 07:00:00,0.21935086177484908
2025-07-23 08:00:00,0.24252272491265942
2025-07-23 09:00:00,0.2619937952249335
2025-07-23 10:00:00,0.2723480831375183
2025-07-23 11:00:00,0.2567756906814376
2025-07-23 12:00:00,0.21756296638759448
2025-07-23 13:00:00,0.15622224948179145
2025-07-23 14:00:00,0.12672259234262034
2025-07-23 15:00:00,0.13978638000200155
2025-07-23 16:00:00,0.11788772298006886
2025-07-23 17:00:00,0.1626437336865354
2025-07-23 18:00:00,0.16720027466903162
2025-07-23 19:00:00,0.16399376670906884
2025-07-23 20:00:00,0.1329937674545097
2025-07-23 21:00:00,0.13385954222723553
2025-07-23 22:00:00,0.07482126049013914
2025-07-23 23:00:00,0.01777297829895058
2025-07-24 00:00:00,0.01
2025-07-24 01:00:00,0.01
2025-07-24 02:00:00,0.01
2025-07-24 03:00:00,0.020370906555532142
2025-07-24 04:00:00,0.036758157891007684
2025-07-24 05:00:00,0.09619951632412299
2025-07-24 06:00:00,0.17564621558092713
2025-07-24 07:00:00,0.20697262994606236
2025-07-24 08:00:00,0.2606414802370937
2025-07-24 09:00:00,0.27826838931805975
2025-07-24 10:00:00,0.27362114047651026
2025-07-24 11:00:00,0.22620487322150928
2025-07-24 12:00:00,0.1905594954871473
2025-07-24 13:00:00,0.14958554028352727
2025-07-24 14:00:00,0.13031393680764775
2025-07-24 15:00:00,0.13347619119610074
2025-07-24 16:00:00,0.14912508434204444
2025-07-24 17:00:00,0.17070027564355256
2025-07-24 18:00:00,0.1565669174795966
2025-07-24 19:00:00,0.19257493104777546
2025-07-24 20:00:00,0.1520477477241632
2025-07-24 21:00:00,0.12503531948975338
2025-07-24 22:00:00,0.0708038861741406
2025-07-24 23:00:00,0.01
2025-07-25 00:00:00,0.01
2025-07-25 01:00:00,0.01
2025-07-25 02:00:00,0.01
2025-07-25 03:00:00,0.01
2025-07-25 04:00:00,0.05055957443273816
2025-07-25 05:00:00,0.08100039380362646
2025-07-25 06:00:00,0.15988469600698227
2025-07-25 07:00:00,0.23306826615558904
2025-07-25 08:00:00,0.23650614481963791
2025-07-25 09:00:00,0.27038643855216377
2025-07-25 10:00:00,0.2340742994762695
2025-07-25 11:00:00,0.2339095185325864
2025-07-25 12:00:00,0.19228586393271443
2025-07-25 13:00:00,0.13773418627366796
2025-07-25 14:00:00,0.15939411686247812
2025-07-25 15:00:00,0.1250603853500278
2025-07-25 16:00:00,0.13066669961196098
2025-07-25 17:00:00,0.15921092863589287
2025-07-25 18:00:00,0.18505004640860742
2025-07-25 19:00:00,0.15415315965608156
2025-07-25 20:00:00,0.15624568391489624
2025-07-25 21:00:00,0.13099396083731343
2025-07-25 22:00:00,0.09161452989768001
2025-07-25 23:00:00,0.036374526867428314
2025-07-26 00:00:00,0.01
2025-07-26 01:00:00,0.01
2025-07-26 02:00:00,0.01
2025-07-26 03:00:00,0.01
2025-07-26 04:00:00,0.01
2025-07-26 05:00:00,0.08519869461133188
2025-07-26 06:00:00,0.15559122467551187
2025-07-26 07:00:00,0.15992202532017633
2025-07-26 08:00:00,0.21438624148856986
2025-07-26 09:00:00,0.24948209937678456
2025-07-26 10:00:00,0.2594971744833383
2025-07-26 11:00:00,0.2014366903032569
2025-07-26 12:00:00,0.15611215794078195
2025-07-26 13:00:00,0.13342943278772026
2025-07-26 14:00:00,0.1367578887248856
2025-07-26 15:00:00,0.10060151220717278
2025-07-26 16:00:00,0.10504432195946514
2025-07-26 17:00:00,0.1231729537367405
2025-07-26 18:00:00,0.1277322729353383
2025-07-26 19:00:00,0.14544225757272172
2025-07-26 20:00:00,0.15390237893626235
2025-07-26 21:00:00,0.10361961832113754
2025-07-26 22:00:00,0.05164435914888081
2025-07-26 23:00:00,0.01
2025-07-27 00:00:00,0.01
2025-07-27 01:00:00,0.01
2025-07-27 02:00:00,0.01
2025-07-27 03:00:00,0.01
2025-07-27 04:00:00,0.0641465965191952
2025-07-27 05:00:00,0.08234937211675551
2025-07-27 06:00:00,0.12997311725009453
2025-07-27 07:00:00,0.18818842885252413
2025-07-27 08:00:00,0.2459766686394736
2025-07-27 09:00:00,0.2411116225620764
2025-07-27 10:00:00,0.2062783537052057
2025-07-27 11:00:00,0.21413099964905719
2025-07-27 12:00:00,0.1562278217184374
2025-07-27 13:00:00,0.1634901269898594
2025-07-27 14:00:00,0.1315532443656859
2025-07-27 15:00:00,0.1027989274014629
2025-07-27 16:00:00,0.135465228427549
2025-07-27 17:00:00,0.1306497201696854
2025-07-27 18:00:00,0.1540415881283556
2025-07-27 19:00:00,0.15009097603452026
2025-07-27 20:00:00,0.11605463317665918
2025-07-27 21:00:00,0.08833796268193853
2025-07-27 22:00:00,0.07009685488679591
2025-07-27 23:00:00,0.01
2025-07-28 00:00:00,0.01
2025-07-28 01:00:00,0.01
2025-07-28 02:00:00,0.01
2025-07-28 03:00:00,0.023249351168634774
2025-07-28 04:00:00,0.024461067068661135
2025-07-28 05:00:00,0.10245544812231452
2025-07-28 06:00:00,0.18665736911370667
2025-07-28 07:00:00,0.2176132497078745
2025-07-28 08:00:00,0.25975963772622124
2025-07-28 09:00:00,0.2477007412627597
2025-07-28 10:00:00,0.25850120761903383
2025-07-28 11:00:00,0.22175947943631383
2025-07-28 12:00:00,0.20526001071767322
2025-07-28 13:00:00,0.17742552890102042
2025-07-28 14:00:00,0.17842005579119832
2025-07-28 15:00:00,0.14242733121550075
2025-07-28 16:00:00,0.14536100553120773
2025-07-28 17:00:00,0.15677172981638732
2025-07-28 18:00:00,0.16017656639031494
2025-07-28 19:00:00,0.17212131920798146
2025-07-28 20:00:00,0.14854303963038978
2025-07-28 21:00:00,0.12474220259169762
2025-07-28 22:00:00,0.09863548343815082
2025-07-28 23:00:00,0.016283339674373898
2025-07-29 00:00:00,0.01
2025-07-29 01:00:00,0.01
2025-07-29 02:00:00,0.01
2025-07-29 03:00:00,0.01
2025-07-29 04:00:00,0.030587335518160536
2025-07-29 05:00:00,0.12077767901274161
2025-07-29 06:00:00,0.16436164439009382
2025-07-29 07:00:00,0.20304894163423834
2025-07-29 08:00:00,0.24463304150615378
2025-07-29 09:00:00,0.275476549124633
2025-07-29 10:00:00,0.2595082092260416
2025-07-29 11:00:00,0.22021326646593845
2025-07-29 12:00:00,0.18420229914735675
2025-07-29 13:00:00,0.15296897043399366
2025-07-29 14:00:00,0.12497105293554339
2025-07-29 15:00:00,0.15719407350144055
2025-07-29 16:00:00,0.13486985828640696
2025-07-29 17:00:00,0.17134394764721156
2025-07-29 18:00:00,0.18752440610341384
2025-07-29 19:00:00,0.18124932957037732
2025-07-29 20:00:00,0.14573036063380632
2025-07-29 21:00:00,0.12750184384480434
2025-07-29 22:00:00,0.0777391908502695
2025-07-29 23:00:00,0.017056554784718403
2025-07-30 00:00:00,0.01
2025-07-30 01:00:00,0.01
2025-07-30 02:00:00,0.01
2025-07-30 03:00:00,0.01
2025-07-30 04:00:00,0.04195941945439938
2025-07-30 05:00:00,0.10480943817924686
2025-07-30 06:00:00,0.16005845001074565
2025-07-30 07:00:00,0.2260762414325209
2025-07-30 08:00:00,0.24431846976696892
2025-07-30 09:00:00,0.2751740674806531
2025-07-30 10:00:00,0.23035486979104947
2025-07-30 11:00:00,0.2249303009384098
2025-07-30 12:00:00,0.21802595960218107
2025-07-30 13:00:00,0.1430777320922971
2025-07-30 14:00:00,0.1278783904368779
2025-07-30 15:00:00,0.1399094151960124
2025-07-30 16:00:00,0.14163575134540077
2025-07-30 17:00:00,0.15758338061566224
2025-07-30 18:00:00,0.17127983156852178
2025-07-30 19:00:00,0.1750328474183142
2025-07-30 20:00:00,0.16808752224565013
2025-07-30 21:00:00,0.12683053163541264
2025-07-30 22:00:00,0.07372061941858485
2025-07-30 23:00:00,0.03993804750544103
2025-07-31 00:00:00,0.016684593667993658
2025-07-31 01:00:00,0.01
2025-07-31 02:00:00,0.01
2025-07-31 03:00:00,0.01
2025-07-31 04:00:00,0.03638064718526149
2025-07-31 05:00:00,0.06721441694410288
2025-07-31 06:00:00,0.17589768980182183
2025-07-31 07:00:00,0.20849025164934162
2025-07-31 08:00:00,0.24932836541000306
2025-07-31 09:00:00,0.26632865300558833
2025-07-31 10:00:00,0.25264640021969537
2025-07-31 11:00:00,0.2329207245305579
2025-07-31 12:00:00,0.18165406908601786
2025-07-31 13:00:00,0.16502362896228065
2025-07-31 14:00:00,0.13339570485925062
2025-07-31 15:00:00,0.1425272946926999
2025-07-31 16:00:00,0.1474168769047613
2025-07-31 17:00:00,0.1375366886241486
2025-07-31 18:00:00,0.179476096387191
2025-07-31 19:00:00,0.15671691374143562
2025-07-31 20:00:00,0.16280723161878266
2025-07-31 21:00:00,0.12543690151076375
2025-07-31 22:00:00,0.10415657941804851
2025-07-31 23:00:00,0.025741792280080986
2025-08-01 00:00:00,0.01
2025-08-01 01:00:00,0.01
2025-08-01 02:00:00,0.01
2025-08-01 03:00:00,0.01
2025-08-01 04:00:00,0.01319325020116241
2025-08-01 05:00:00,0.08325076853026384
2025-08-01 06:00:00,0.14642086550402333
2025-08-01 07:00:00,0.23002633300139982
2025-08-01 08:00:00,0.2755971099164401
2025-08-01 09:00:00,0.25903375445213683
2025-08-01 10:00:00,0.24650812385830495
2025-08-01 11:00:00,0.22258127440331577
2025-08-01 12:00:00,0.2048660838668341
2025-08-01 13:00:00,0.14266828965992653
2025-08-01 14:00:00,0.14011598444717688
2025-08-01 15:00:00,0.14532464660926955
2025-08-01 16:00:00,0.1449543218768089
2025-08-01 17:00:00,0.1536635380869444
2025-08-01 18:00:00,0.17745360071621835
2025-08-01 19:00:00,0.12345942570630351
2025-08-01 20:00:00,0.1601060391206748
2025-08-01 21:00:00,0.10936800124597802
2025-08-01 22:00:00,0.048375875496420556
2025-08-01 23:00:00,0.036013365691679206
2025-08-02 00:00:00,0.01
2025-08-02 01:00:00,0.01
2025-08-02 02:00:00,0.01
2025-08-02 03:00:00,0.01
2025-08-02 04:00:00,0.03142059725296807
2025-08-02 05:00:00,0.09791444387952619
2025-08-02 06:00:00,0.14782879281528574
2025-08-02 07:00:00,0.19116219482681623
2025-08-02 08:00:00,0.2001673932707498
2025-08-02 09:00:00,0.2311685265297458
2025-08-02 10:00:00,0.21065072189790837
2025-08-02 11:00:00,0.2283536038405814
2025-08-02 12:00:00,0.15905859326272234
2025-08-02 13:00:00,0.13268562989604857
2025-08-02 14:00:00,0.11907170146825825
2025-08-02 15:00:00,0.10560968997961605
2025-08-02 16:00:00,0.13712264605566868
2025-08-02 17:00:00,0.11573904453344264
2025-08-02 18:00:00,0.13961599227776603
2025-08-02 19:00:00,0.1271298224373175
2025-08-02 20:00:00,0.10439654278089677
2025-08-02 21:00:00,0.08426157125080624
2025-08-02 22:00:00,0.04953878811503737
2025-08-02 23:00:00,0.01
2025-08-03 00:00:00,0.01
2025-08-03 01:00:00,0.01
2025-08-03 02:00:00,0.01
2025-08-03 03:00:00,0.01
2025-08-03 04:00:00,0.022364337047247385
2025-08-03 05:00:00,0.0738181893756688
2025-08-03 06:00:00,0.11410022509992937
2025-08-03 07:00:00,0.18465917123024034
2025-08-03 08:00:00,0.21218115150804456
2025-08-03 09:00:00,0.23891369865067869
2025-08-03 10:00:00,0.24267279466069439
2025-08-03 11:00:00,0.166928493176124
2025-08-03 12:00:00,0.1626888887791146
2025-08-03 13:00:00,0.12770218300347766
2025-08-03 14:00:00,0.1201361391171042
2025-08-03 15:00:00,0.10742021985029054
2025-08-03 16:00:00,0.09968395761582106
2025-08-03 17:00:00,0.11955959306715612
2025-08-03 18:00:00,0.12402310973985103
2025-08-03 19:00:00,0.15367360544446315
2025-08-03 20:00:00,0.12378317232198247
2025-08-03 21:00:00,0.12122258504337662
2025-08-03 22:00:00,0.048451045006240215
2025-08-03 23:00:00,0.01
2025-08-04 00:00:00,0.01
2025-08-04 01:00:00,0.01
2025-08-04 02:00:00,0.01
2025-08-04 03:00:00,0.01
2025-08-04 04:00:00,0.04286885342141647
2025-08-04 05:00:00,0.07313821303223339
2025-08-04 06:00:00,0.1736635527841092
2025-08-04 07:00:00,0.20632587209180084
2025-08-04 08:00:00,0.2499398732527507
2025-08-04 09:00:00,0.2825838708992865
2025-08-04 10:00:00,0.26029310818939433
2025-08-04 11:00:00,0.2153026009832868
2025-08-04 12:00:00,0.17187009469173817
2025-08-04 13:00:00,0.12210142439810182
2025-08-04 14:00:00,0.12355321866277504
2025-08-04 15:00:00,0.12532979732537392
2025-08-04 16:00:00,0.1204302851656997
2025-08-04 17:00:00,0.14665102807683494
2025-08-04 18:00:00,0.161390756317349
2025-08-04 19:00:00,0.15843513911942714
2025-08-04 20:00:00,0.13798793936061554
2025-08-04 21:00:00,0.11950902531764654
2025-08-04 22:00:00,0.08026454743806478
2025-08-04 23:00:00,0.01
2025-08-05 00:00:00,0.01
2025-08-05 01:00:00,0.01
2025-08-05 02:00:00,0.01
2025-08-05 03:00:00,0.01
2025-08-05 04:00:00,0.03801877884844371
2025-08-05 05:00:00,0.11043568187793779
2025-08-05 06:00:00,0.16382739935751855
2025-08-05 07:00:00,0.20366778605396957
2025-08-05 08:00:00,0.2524430897575827
2025-08-05 09:00:00,0.2405272271721689
2025-08-05 10:00:00,0.24775147284458293
2025-08-05 11:00:00,0.2181146696487311
2025-08-05 12:00:00,0.1813987840204031
2025-08-05 13:00:00,0.15173315155298114
2025-08-05 14:00:00,0.10539534157547048
2025-08-05 15:00:00,0.11954843609819864
2025-08-05 16:00:00,0.13591321039660792
2025-08-05 17:00:00,0.15030028726970424
2025-08-05 18:00:00,0.14410540976560185
2025-08-05 19:00:00,0.18007615526604254
2025-08-05 20:00:00,0.13402791415627366
2025-08-05 21:00:00,0.1308036220525704
2025-08-05 22:00:00,0.07932591192912264
2025-08-05 23:00:00,0.01573454460292742
2025-08-06 00:00:00,0.010441049993926393
2025-08-06 01:00:00,0.01
2025-08-06 02:00:00,0.01
2025-08-06 03:00:00,0.01
2025-08-06 04:00:00,0.02375208346863411
2025-08-06 05:00:00,0.11631646159549663
2025-08-06 06:00:00,0.1550606888857995
2025-08-06 07:00:00,0.2164756008380666
2025-08-06 08:00:00,0.2502162141863521
2025-08-06 09:00:00,0.2549593388852132
2025-08-06 10:00:00,0.25757605108062437
2025-08-06 11:00:00,0.22980630004197378
2025-08-06 12:00:00,0.1575834070062111
2025-08-06 13:00:00,0.17251716759302999
2025-08-06 14:00:00,0.10797654716269253
2025-08-06 15:00:00,0.1425583525047305
2025-08-06 16:00:00,0.15071196365719752
2025-08-06 17:00:00,0.13082879466180786
2025-08-06 18:00:00,0.15264917228546504
2025-08-06 19:00:00,0.1437958173510756
2025-08-06 20:00:00,0.14308757115045273
2025-08-06 21:00:00,0.11093209950717582
2025-08-06 22:00:00,0.08390375421038007
2025-08-06 23:00:00,0.04437343516767117
2025-08-07 00:00:00,0.01
2025-08-07 01:00:00,0.01
2025-08-07 02:00:00,0.01
2025-08-07 03:00:00,0.01
2025-08-07 04:00:00,0.021022686387933476
2025-08-07 05:00:00,0.1092016073715861
2025-08-07 06:00:00,0.1823444797385998
2025-08-07 07:00:00,0.19292931410126246
2025-08-07 08:00:00,0.2367237734980829
2025-08-07 09:00:00,0.2558772344334801
2025-08-07 10:00:00,0.2489156951461143
2025-08-07 11:00:00,0.20505926721545847
2025-08-07 12:00:00,0.1894716530523377
2025-08-07 13:00:00,0.1451438245243865
2025-08-07 14:00:00,0.13199649370064603
2025-08-07 15:00:00,0.1345637739402537
2025-08-07 16:00:00,0.1332070714325404
2025-08-07 17:00:00,0.13994685353772984
2025-08-07 18:00:00,0.15646659032648888
2025-08-07 19:00:00,0.15835529377087715
2025-08-07 20:00:00,0.14006057193714438
2025-08-07 21:00:00,0.11097002361054795
2025-08-07 22:00:00,0.09548790456450326
2025-08-07 23:00:00,0.03243194647558817
2025-08-08 00:00:00,0.01
2025-08-08 01:00:00,0.01
2025-08-08 02:00:00,0.01
2025-08-08 03:00:00,0.01
2025-08-08 04:00:00,0.037963429721725256
2025-08-08 05:00:00,0.09242736016843836
2025-08-08 06:00:00,0.16413455072590802
2025-08-08 07:00:00,0.18718946435181133
2025-08-08 08:00:00,0.22801728480510675
2025-08-08 09:00:00,0.23767250514525567
2025-08-08 10:00:00,0.24616548363865334
2025-08-08 11:00:00,0.24249910445993705
2025-08-08 12:00:00,0.21588829903164336
2025-08-08 13:00:00,0.16113024070543916
2025-08-08 14:00:00,0.1390340043413646
2025-08-08 15:00:00,0.09866170366128466
2025-08-08 16:00:00,0.12427868984274354
2025-08-08 17:00:00,0.13398394507038233
2025-08-08 18:00:00,0.14810608286498714
2025-08-08 19:00:00,0.15646664033356286
2025-08-08 20:00:00,0.13783743817329694
2025-08-08 21:00:00,0.0844705268482952
2025-08-08 22:00:00,0.08203491030207306
2025-08-08 23:00:00,0.01
2025-08-09 00:00:00,0.01
2025-08-09 01:00:00,0.01
2025-08-09 02:00:00,0.01
2025-08-09 03:00:00,0.01
2025-08-09 04:00:00,0.01
2025-08-09 05:00:00,0.08486826001656009
2025-08-09 06:00:00,0.16111098181514252
2025-08-09 07:00:00,0.1666263358791323
2025-08-09 08:00:00,0.22668625835038142
2025-08-09 09:00:00,0.22291869655262045
2025-08-09 10:00:00,0.21674908506571544
2025-08-09 11:00:00,0.23049350283599596
2025-08-09 12:00:00,0.13419121507590634
2025-08-09 13:00:00,0.12968254226932613
2025-08-09 14:00:00,0.11285370795675898
2025-08-09 15:00:00,0.1162813377107457
2025-08-09 16:00:00,0.10820551730389705
2025-08-09 17:00:00,0.12473843260464719
2025-08-09 18:00:00,0.12586104149050675
2025-08-09 19:00:00,0.13734267489409108
2025-08-09 20:00:00,0.11408788586937244
2025-08-09 21:00:00,0.09780057551485255
2025-08-09 22:00:00,0.03958907458273529
2025-08-09 23:00:00,0.01
2025-08-10 00:00:00,0.01
2025-08-10 01:00:00,0.01
2025-08-10 02:00:00,0.01
2025-08-10 03:00:00,0.01
2025-08-10 04:00:00,0.024990681780918123
2025-08-10 05:00:00,0.05409397024701691
2025-08-10 06:00:00,0.12125536419047597
2025-08-10 07:00:00,0.17546074965364086
2025-08-10 08:00:00,0.2391784306677705
2025-08-10 09:00:00,0.19718932946301548
2025-08-10 10:00:00,0.26473062765355204
2025-08-10 11:00:00,0.20599529403510586
2025-08-10 12:00:00,0.15941044298214568
2025-08-10 13:00:00,0.1243791266060379
2025-08-10 14:00:00,0.10944771077151699
2025-08-10 15:00:00,0.10713746853072022
2025-08-10 16:00:00,0.11574009305945913
2025-08-10 17:00:00,0.12777783077051205
2025-08-10 18:00:00,0.13240556948903703
2025-08-10 19:00:00,0.12967178373917923
2025-08-10 20:00:00,0.11629276001540559
2025-08-10 21:00:00,0.08487946223009621
2025-08-10 22:00:00,0.061465870344770426
2025-08-10 23:00:00,0.01
2025-08-11 00:00:00,0.01
2025-08-11 01:00:00,0.01
2025-08-11 02:00:00,0.01
2025-08-11 03:00:00,0.01
2025-08-11 04:00:00,0.02456948754183852
2025-08-11 05:00:00,0.10887705062770994
2025-08-11 06:00:00,0.1696101612700147
2025-08-11 07:00:00,0.19713790911490264
2025-08-11 08:00:00,0.24900304864503983
2025-08-11 09:00:00,0.2389849967225402
2025-08-11 10:00:00,0.22130553224478175
2025-08-11 11:00:00,0.20508908859822916
2025-08-11 12:00:00,0.1933331664239132
2025-08-11 13:00:00,0.16383481736388705
2025-08-11 14:00:00,0.1371960860180751
2025-08-11 15:00:00,0.13453247397571366
2025-08-11 16:00:00,0.1381399386448962
2025-08-11 17:00:00,0.1341569449200796
2025-08-11 18:00:00,0.16187610250828094
2025-08-11 19:00:00,0.1689734079901679
2025-08-11 20:00:00,0.1542116342853754
2025-08-11 21:00:00,0.12997219207546962
2025-08-11 22:00:00,0.07941928166774397
2025-08-11 23:00:00,0.02657640482238882
2025-08-12 00:00:00,0.01
2025-08-12 01:00:00,0.01
2025-08-12 02:00:00,0.01
2025-08-12 03:00:00,0.01
2025-08-12 04:00:00,0.018568642467448992
2025-08-12 05:00:00,0.08123260350467795
2025-08-12 06:00:00,0.15257440207881298
2025-08-12 07:00:00,0.1961896931186313
2025-08-12 08:00:00,0.23762275919496012
2025-08-12 09:00:00,0.22450054553772658
2025-08-12 10:00:00,0.2445441281285837
2025-08-12 11:00:00,0.21385284689888592
2025-08-12 12:00:00,0.1674858526735229
2025-08-12 13:00:00,0.15877154451110576
2025-08-12 14:00:00,0.142908274582388
2025-08-12 15:00:00,0.098887557008833
2025-08-12 16:00:00,0.11830131046105254
2025-08-12 17:00:00,0.13158695140298832
2025-08-12 18:00:00,0.1406436356229128
2025-08-12 19:00:00,0.16875430554210283
2025-08-12 20:00:00,0.13933479005795368
2025-08-12 21:00:00,0.10751568668506474
2025-08-12 22:00:00,0.03808170629500064
2025-08-12 23:00:00,0.030180869963777418
2025-08-13 00:00:00,0.01
2025-08-13 01:00:00,0.01
2025-08-13 02:00:00,0.01
2025-08-13 03:00:00,0.01
2025-08-13 04:00:00,0.01
2025-08-13 05:00:00,0.045422219941758865
2025-08-13 06:00:00,0.15685454996062875
2025-08-13 07:00:00,0.2344382843060711
2025-08-13 08:00:00,0.2601810020834149
2025-08-13 09:00:00,0.25540428142093036
2025-08-13 10:00:00,0.2333248043832865
2025-08-13 11:00:00,0.2252962283677898
2025-08-13 12:00:00,0.16449361379375632
2025-08-13 13:00:00,0.15538285067474056
2025-08-13 14:00:00,0.1357813995552666
2025-08-13 15:00:00,0.1382587282366284
2025-08-13 16:00:00,0.17049170737298952
2025-08-13 17:00:00,0.1483649508072569
2025-08-13 18:00:00,0.1464623524037109
2025-08-13 19:00:00,0.15528319288002426
2025-08-13 20:00:00,0.11506066821598654
2025-08-13 21:00:00,0.10041733698816563
2025-08-13 22:00:00,0.061355029839182965
2025-08-13 23:00:00,0.012142898191397716
2025-08-14 00:00:00,0.01
2025-08-14 01:00:00,0.01
2025-08-14 02:00:00,0.01
2025-08-14 03:00:00,0.01
2025-08-14 04:00:00,0.02832182470906998
2025-08-14 05:00:00,0.08516100426820337
2025-08-14 06:00:00,0.1557891897840339
2025-08-14 07:00:00,0.2191716132902487
2025-08-14 08:00:00,0.22795437629048568
2025-08-14 09:00:00,0.24175216559250798
2025-08-14 10:00:00,0.2355079794729431
2025-08-14 11:00:00,0.1923658483029578
2025-08-14 12:00:00,0.16617246163032676
2025-08-14 13:00:00,0.14045869376805326
2025-08-14 14:00:00,0.14067970761528398
2025-08-14 15:00:00,0.12565852229599994
2025-08-14 16:00:00,0.13136517819666238
2025-08-14 17:00:00,0.15460670346892083
2025-08-14 18:00:00,0.15140075270015826
2025-08-14 19:00:00,0.1608883030486634
2025-08-14 20:00:00,0.13941300323216174
2025-08-14 21:00:00,0.11418299193232179
2025-08-14 22:00:00,0.058117409283531665
2025-08-14 23:00:00,0.01
2025-08-15 00:00:00,0.01
2025-08-15 01:00:00,0.01
2025-08-15 02:00:00,0.01
2025-08-15 03:00:00,0.01
2025-08-15 04:00:00,0.046377899482744414
2025-08-15 05:00:00,0.09078389800982063
2025-08-15 06:00:00,0.15579567426673507
2025-08-15 07:00:00,0.19690497001822085
2025-08-15 08:00:00,0.23559484581524537
2025-08-15 09:00:00,0.2602350893047059
2025-08-15 10:00:00,0.2574967455916273
2025-08-15 11:00:00,0.20983682714934299
2025-08-15 12:00:00,0.17108309968288
2025-08-15 13:00:00,0.14698453538357403
2025-08-15 14:00:00,0.13595658026803173
2025-08-15 15:00:00,0.09943688924846988
2025-08-15 16:00:00,0.09339322435859257
2025-08-15 17:00:00,0.13295979042352943
2025-08-15 18:00:00,0.1345252522669388
2025-08-15 19:00:00,0.1467838364645223
2025-08-15 20:00:00,0.13811923387338906
2025-08-15 21:00:00,0.1027784396854841
2025-08-15 22:00:00,0.08802041129426852
2025-08-15 23:00:00,0.023644527495779194
2025-08-16 00:00:00,0.01
2025-08-16 01:00:00,0.01
2025-08-16 02:00:00,0.01
2025-08-16 03:00:00,0.01
2025-08-16 04:00:00,0.01
2025-08-16 05:00:00,0.07389612424300723
2025-08-16 06:00:00,0.1111429609990388
2025-08-16 07:00:00,0.15724824779848512
2025-08-16 08:00:00,0.22698916436501654
2025-08-16 09:00:00,0.23102954578859153
2025-08-16 10:00:00,0.20029258655772236
2025-08-16 11:00:00,0.17326845590442752
2025-08-16 12:00:00,0.16910234126086268
2025-08-16 13:00:00,0.10352031844670513
2025-08-16 14:00:00,0.12596345417192445
2025-08-16 15:00:00,0.08197028130974497
2025-08-16 16:00:00,0.11179669837876688
2025-08-16 17:00:00,0.1106734468686584
2025-08-16 18:00:00,0.1362686309608763
2025-08-16 19:00:00,0.12062911023650909
2025-08-16 20:00:00,0.1122789259035567
2025-08-16 21:00:00,0.0845758342907551
2025-08-16 22:00:00,0.02558546727947522
2025-08-16 23:00:00,0.01
2025-08-17 00:00:00,0.01
2025-08-17 01:00:00,0.01
2025-08-17 02:00:00,0.01
2025-08-17 03:00:00,0.01
2025-08-17 04:00:00,0.01
2025-08-17 05:00:00,0.09942348113014357
2025-08-17 06:00:00,0.1383852186346723
2025-08-17 07:00:00,0.17966105841427096
2025-08-17 08:00:00,0.21017279187807789
2025-08-17 09:00:00,0.22511572611087027
2025-08-17 10:00:00,0.22142548142227395
2025-08-17 11:00:00,0.16799654471547606
2025-08-17 12:00:00,0.168330979736235
2025-08-17 13:00:00,0.1314875513928945
2025-08-17 14:00:00,0.11149148058026481
2025-08-17 15:00:00,0.1014520632331697
2025-08-17 16:00:00,0.10191040418161176
2025-08-17 17:00:00,0.12509097736595626
2025-08-17 18:00:00,0.13549336632232262
2025-08-17 19:00:00,0.12287554442566741
2025-08-17 20:00:00,0.1055121277227484
2025-08-17 21:00:00,0.08488522591030988
2025-08-17 22:00:00,0.06324891621018593
2025-08-17 23:00:00,0.01
2025-08-18 00:00:00,0.01
2025-08-18 01:00:00,0.01
2025-08-18 02:00:00,0.01
2025-08-18 03:00:00,0.01
2025-08-18 04:00:00,0.029681420264303107
2025-08-18 05:00:00,0.08429218396590146
2025-08-18 06:00:00,0.17337007387470685
2025-08-18 07:00:00,0.18034237241261286
2025-08-18 08:00:00,0.2260946669239719
2025-08-18 09:00:00,0.24763588429592756
2025-08-18 10:00:00,0.212976830506807
2025-08-18 11:00:00,0.20747688885810137
2025-08-18 12:00:00,0.20094417478159593
2025-08-18 13:00:00,0.14547609696518898
2025-08-18 14:00:00,0.12858517625989974
2025-08-18 15:00:00,0.10037842365290879
2025-08-18 16:00:00,0.11677670117508346
2025-08-18 17:00:00,0.13377608110106862
2025-08-18 18:00:00,0.14625639584433214
2025-08-18 19:00:00,0.171816779994313
2025-08-18 20:00:00,0.14688748820655248
2025-08-18 21:00:00,0.0910914801067983
2025-08-18 22:00:00,0.06811715359371187
2025-08-18 23:00:00,0.024402865894220666
2025-08-19 00:00:00,0.01
2025-08-19 01:00:00,0.01
2025-08-19 02:00:00,0.01
2025-08-19 03:00:00,0.01
2025-08-19 04:00:00,0.01
2025-08-19 05:00:00,0.08354669706071342
2025-08-19 06:00:00,0.15743427507426522
2025-08-19 07:00:00,0.2185827270004917
2025-08-19 08:00:00,0.23679963410293234
2025-08-19 09:00:00,0.2438037700112352
2025-08-19 10:00:00,0.2393178097197452
2025-08-19 11:00:00,0.19700433856202668
2025-08-19 12:00:00,0.20678198028299183
2025-08-19 13:00:00,0.12046466139587325
2025-08-19 14:00:00,0.12731254851944995
2025-08-19 15:00:00,0.1490517655808367
2025-08-19 16:00:00,0.1255408971259702
2025-08-19 17:00:00,0.13597021844279983
2025-08-19 18:00:00,0.14507721811541383
2025-08-19 19:00:00,0.14930302500471493
2025-08-19 20:00:00,0.15853162657771816
2025-08-19 21:00:00,0.07400219795280577
2025-08-19 22:00:00,0.08683786459857129
2025-08-19 23:00:00,0.01
2025-08-20 00:00:00,0.01
2025-08-20 01:00:00,0.01
2025-08-20 02:00:00,0.01
2025-08-20 03:00:00,0.01
2025-08-20 04:00:00,0.03179924861462871
2025-08-20 05:00:00,0.1168493984624503
2025-08-20 06:00:00,0.12941904855450742
2025-08-20 07:00:00,0.2060460609316405
2025-08-20 08:00:00,0.22743692595645043
2025-08-20 09:00:00,0.25441755011878275
2025-08-20 10:00:00,0.23675641566307976
2025-08-20 11:00:00,0.19933693761664176
2025-08-20 12:00:00,0.18218474289646572
2025-08-20 13:00:00,0.17107255761527465
2025-08-20 14:00:00,0.12110564212593398
2025-08-20 15:00:00,0.12892180059044417
2025-08-20 16:00:00,0.10546756425533213
2025-08-20 17:00:00,0.1239020174813815
2025-08-20 18:00:00,0.15695275279160525
2025-08-20 19:00:00,0.1736983998250199
2025-08-20 20:00:00,0.14270085885518446
2025-08-20 21:00:00,0.10191201533073042
2025-08-20 22:00:00,0.06325348932630608
2025-08-20 23:00:00,0.01
2025-08-21 00:00:00,0.01
2025-08-21 01:00:00,0.01
2025-08-21 02:00:00,0.01
2025-08-21 03:00:00,0.01
2025-08-21 04:00:00,0.02829374280525357
2025-08-21 05:00:00,0.07937286880961185
2025-08-21 06:00:00,0.14831358014108553
2025-08-21 07:00:00,0.23413520599205556
2025-08-21 08:00:00,0.23310018384928288
2025-08-21 09:00:00,0.24209305048264218
2025-08-21 10:00:00,0.22619498265438936
2025-08-21 11:00:00,0.21956103156187873
2025-08-21 12:00:00,0.17158720676220132
2025-08-21 13:00:00,0.13370565113072538
2025-08-21 14:00:00,0.14322767022301192
2025-08-21 15:00:00,0.1388583872629993
2025-08-21 16:00:00,0.11529921587439229
2025-08-21 17:00:00,0.10968937460031566
2025-08-21 18:00:00,0.16441827470802672
2025-08-21 19:00:00,0.14060612274765363
2025-08-21 20:00:00,0.14866495334791438
2025-08-21 21:00:00,0.07649523925997348
2025-08-21 22:00:00,0.07609198905651868
2025-08-21 23:00:00,0.01
2025-08-22 00:00:00,0.01
2025-08-22 01:00:00,0.01
2025-08-22 02:00:00,0.01
2025-08-22 03:00:00,0.01
2025-08-22 04:00:00,0.034050574785998475
2025-08-22 05:00:00,0.0869623102181244
2025-08-22 06:00:00,0.15752199263873523
2025-08-22 07:00:00,0.2317362164934652
2025-08-22 08:00:00,0.2127921737559822
2025-08-22 09:00:00,0.27117656995866496
2025-08-22 10:00:00,0.23692367737294004
2025-08-22 11:00:00,0.19436661983570785
2025-08-22 12:00:00,0.15380109354556315
2025-08-22 13:00:00,0.1400596694150664
2025-08-22 14:00:00,0.13668308998895873
2025-08-22 15:00:00,0.11510133396080682
2025-08-22 16:00:00,0.1464231218853582
2025-08-22 17:00:00,0.11537006709112663
2025-08-22 18:00:00,0.14857446371395716
2025-08-22 19:00:00,0.13153989703903202
2025-08-22 20:00:00,0.14171027617102247
2025-08-22 21:00:00,0.11880033594828564
2025-08-22 22:00:00,0.05584183064798835
2025-08-22 23:00:00,0.01
2025-08-23 00:00:00,0.01
2025-08-23 01:00:00,0.01
2025-08-23 02:00:00,0.01
2025-08-23 03:00:00,0.01
2025-08-23 04:00:00,0.01
2025-08-23 05:00:00,0.07003884431756893
2025-08-23 06:00:00,0.1411051199332339
2025-08-23 07:00:00,0.14987250328005147
2025-08-23 08:00:00,0.2155122846348489
2025-08-23 09:00:00,0.21381739318343684
2025-08-23 10:00:00,0.20859720752798347
2025-08-23 11:00:00,0.18752523712804614
2025-08-23 12:00:00,0.140909078784361
2025-08-23 13:00:00,0.10722256340371403
2025-08-23 14:00:00,0.09783233388682852
2025-08-23 15:00:00,0.07516759099794411
2025-08-23 16:00:00,0.0819301303127865
2025-08-23 17:00:00,0.12179001100066388
2025-08-23 18:00:00,0.10598559671868446
2025-08-23 19:00:00,0.1347821955332833
2025-08-23 20:00:00,0.11765637663887352
2025-08-23 21:00:00,0.05407163347938347
2025-08-23 22:00:00,0.026451497082585637
2025-08-23 23:00:00,0.01
2025-08-24 00:00:00,0.01
2025-08-24 01:00:00,0.01
2025-08-24 02:00:00,0.01
2025-08-24 03:00:00,0.01
2025-08-24 04:00:00,0.01
2025-08-24 05:00:00,0.050346299380242515
2025-08-24 06:00:00,0.14402640473634684
2025-08-24 07:00:00,0.20210816156191788
2025-08-24 08:00:00,0.22487372757259613
2025-08-24 09:00:00,0.22213321235183225
2025-08-24 10:00:00,0.19716941136469923
2025-08-24 11:00:00,0.16932677334142757
2025-08-24 12:00:00,0.1555285683898556
2025-08-24 13:00:00,0.12310750746927342
2025-08-24 14:00:00,0.11781737608350953
2025-08-24 15:00:00,0.1007063810337332
2025-08-24 16:00:00,0.07514465228447197
2025-08-24 17:00:00,0.12685197558696504
2025-08-24 18:00:00,0.10771994740115307
2025-08-24 19:00:00,0.1185012885051648
2025-08-24 20:00:00,0.11394385990464463
2025-08-24 21:00:00,0.10936709632280686
2025-08-24 22:00:00,0.08273709477250583
2025-08-24 23:00:00,0.01
2025-08-25 00:00:00,0.01
2025-08-25 01:00:00,0.01
2025-08-25 02:00:00,0.01
2025-08-25 03:00:00,0.01
2025-08-25 04:00:00,0.04910417302263757
2025-08-25 05:00:00,0.08724515956157172
2025-08-25 06:00:00,0.1546421490203237
2025-08-25 07:00:00,0.21049867625885466
2025-08-25 08:00:00,0.24099980184316958
2025-08-25 09:00:00,0.2579226935934846
2025-08-25 10:00:00,0.2245197452641928
2025-08-25 11:00:00,0.19789405900366913
2025-08-25 12:00:00,0.15567368918937735
2025-08-25 13:00:00,0.1479091984883301
2025-08-25 14:00:00,0.13296259061507834
2025-08-25 15:00:00,0.12230136851105293
2025-08-25 16:00:00,0.14729338918416582
2025-08-25 17:00:00,0.1354739669117691
2025-08-25 18:00:00,0.15720712751784047
2025-08-25 19:00:00,0.1323704903154439
2025-08-25 20:00:00,0.12886950714683673
2025-08-25 21:00:00,0.11435029621261758
2025-08-25 22:00:00,0.0733099939666561
2025-08-25 23:00:00,0.01
2025-08-26 00:00:00,0.01
2025-08-26 01:00:00,0.01
2025-08-26 02:00:00,0.01
2025-08-26 03:00:00,0.01
2025-08-26 04:00:00,0.03030117266930271
2025-08-26 05:00:00,0.09080117873817029
2025-08-26 06:00:00,0.1474197027354186
2025-08-26 07:00:00,0.2001128546012118
2025-08-26 08:00:00,0.22426828033560248
2025-08-26 09:00:00,0.2553181071332299
2025-08-26 10:00:00,0.23959023197198895
2025-08-26 11:00:00,0.213145962776503
2025-08-26 12:00:00,0.16378257478769054
2025-08-26 13:00:00,0.10851363097470948
2025-08-26 14:00:00,0.13723292848245353
2025-08-26 15:00:00,0.10774930842240002
2025-08-26 16:00:00,0.10873146096705741
2025-08-26 17:00:00,0.14545718561666615
2025-08-26 18:00:00,0.1407929078289173
2025-08-26 19:00:00,0.16414214396198437
2025-08-26 20:00:00,0.14342818667135465
2025-08-26 21:00:00,0.11366786444088953
2025-08-26 22:00:00,0.03958122138125239
2025-08-26 23:00:00,0.030759674579593485
2025-08-27 00:00:00,0.01
2025-08-27 01:00:00,0.01
2025-08-27 02:00:00,0.01
2025-08-27 03:00:00,0.01
2025-08-27 04:00:00,0.02731208223601457
2025-08-27 05:00:00,0.06735981293082138
2025-08-27 06:00:00,0.12589223577615152
2025-08-27 07:00:00,0.17668071206462113
2025-08-27 08:00:00,0.2503726156886534
2025-08-27 09:00:00,0.23490592256090034
2025-08-27 10:00:00,0.2557907460909959
2025-08-27 11:00:00,0.19723785074692687
2025-08-27 12:00:00,0.14557192069991035
2025-08-27 13:00:00,0.12357510080964856
2025-08-27 14:00:00,0.13882200474235248
2025-08-27 15:00:00,0.11210259022957639
2025-08-27 16:00:00,0.11295798061644552
2025-08-27 17:00:00,0.13696446796184839
2025-08-27 18:00:00,0.15370903110631773
2025-08-27 19:00:00,0.16451327307592228
2025-08-27 20:00:00,0.1554097785121984
2025-08-27 21:00:00,0.0975269875421464
2025-08-27 22:00:00,0.03968903439413016
2025-08-27 23:00:00,0.01
2025-08-28 00:00:00,0.01
2025-08-28 01:00:00,0.01
2025-08-28 02:00:00,0.01
2025-08-28 03:00:00,0.01
2025-08-28 04:00:00,0.0199739407555114
2025-08-28 05:00:00,0.0828137764499899
2025-08-28 06:00:00,0.13432629600856713
2025-08-28 07:00:00,0.19558152511006663
2025-08-28 08:00:00,0.2193402288650436
2025-08-28 09:00:00,0.25721928559842766
2025-08-28 10:00:00,0.24783500642836837
2025-08-28 11:00:00,0.1771034907244036
2025-08-28 12:00:00,0.15676106312618204
2025-08-28 13:00:00,0.11739646454779092
2025-08-28 14:00:00,0.11005590739140858
2025-08-28 15:00:00,0.11271092931703464
2025-08-28 16:00:00,0.09895904773359022
2025-08-28 17:00:00,0.12025773334244053
2025-08-28 18:00:00,0.13064436544784572
2025-08-28 19:00:00,0.15038273674363317
2025-08-28 20:00:00,0.1342438910846119
2025-08-28 21:00:00,0.09161888989418754
2025-08-28 22:00:00,0.06175349873271532
2025-08-28 23:00:00,0.01
2025-08-29 00:00:00,0.01
2025-08-29 01:00:00,0.01
2025-08-29 02:00:00,0.01
2025-08-29 03:00:00,0.01
2025-08-29 04:00:00,0.03268353340053444
2025-08-29 05:00:00,0.09402659093946863
2025-08-29 06:00:00,0.12801359780105756
2025-08-29 07:00:00,0.2108530215827547
2025-08-29 08:00:00,0.2558065259085351
2025-08-29 09:00:00,0.22656195844116828
2025-08-29 10:00:00,0.21807754519557676
2025-08-29 11:00:00,0.21959505176390617
2025-08-29 12:00:00,0.17430997679473156
2025-08-29 13:00:00,0.1476503686060136
2025-08-29 14:00:00,0.12444892575679815
2025-08-29 15:00:00,0.11935675878109087
2025-08-29 16:00:00,0.10034046520768058
2025-08-29 17:00:00,0.1493292172419206
2025-08-29 18:00:00,0.16278139701876346
2025-08-29 19:00:00,0.14336668674490727
2025-08-29 20:00:00,0.13208539288513887
2025-08-29 21:00:00,0.07901216175918915
2025-08-29 22:00:00,0.06634882809417054
2025-08-29 23:00:00,0.019725826129152274
2025-08-30 00:00:00,0.01
2025-08-30 01:00:00,0.01
2025-08-30 02:00:00,0.01
2025-08-30 03:00:00,0.01
2025-08-30 04:00:00,0.01
2025-08-30 05:00:00,0.056048704739143
2025-08-30 06:00:00,0.11716857764396611
2025-08-30 07:00:00,0.17649732013720773
2025-08-30 08:00:00,0.20174098758000825
2025-08-30 09:00:00,0.2159743859799213
2025-08-30 10:00:00,0.21877713946257513
2025-08-30 11:00:00,0.17232501058284222
2025-08-30 12:00:00,0.12068523500142848
2025-08-30 13:00:00,0.1401683274206639
2025-08-30 14:00:00,0.11460824307130982
2025-08-30 15:00:00,0.06865872392074625
2025-08-30 16:00:00,0.10512950859118658
2025-08-30 17:00:00,0.10062117446449055
2025-08-30 18:00:00,0.12373619974247457
2025-08-30 19:00:00,0.1257672542212919
2025-08-30 20:00:00,0.10376777450776381
2025-08-30 21:00:00,0.06476863369389087
2025-08-30 22:00:00,0.02282323534932096
2025-08-30 23:00:00,0.01
2025-08-31 00:00:00,0.01
2025-08-31 01:00:00,0.01
2025-08-31 02:00:00,0.01
2025-08-31 03:00:00,0.01
2025-08-31 04:00:00,0.016651585927543344
2025-08-31 05:00:00,0.0472601904667017
2025-08-31 06:00:00,0.12293396110553508
2025-08-31 07:00:00,0.18017198004613338
2025-08-31 08:00:00,0.2139229276612935
2025-08-31 09:00:00,0.21864480601873337
2025-08-31 10:00:00,0.21708567025134412
2025-08-31 11:00:00,0.1856692105166211
2025-08-31 12:00:00,0.12577795726259497
2025-08-31 13:00:00,0.12652091190841744
2025-08-31 14:00:00,0.10675479653494943
2025-08-31 15:00:00,0.07615237486964757
2025-08-31 16:00:00,0.09491196112921846
2025-08-31 17:00:00,0.1179747329999225
2025-08-31 18:00:00,0.11620318630381402
2025-08-31 19:00:00,0.13700756508757544
2025-08-31 20:00:00,0.1423009810167948
2025-08-31 21:00:00,0.06429433027315784
2025-08-31 22:00:00,0.01202468417175398
2025-08-31 23:00:00,0.01
2025-09-01 00:00:00,0.01
2025-09-01 01:00:00,0.01
2025-09-01 02:00:00,0.01
2025-09-01 03:00:00,0.01
2025-09-01 04:00:00,0.029308463410008062
2025-09-01 05:00:00,0.07144486724289843
2025-09-01 06:00:00,0.16970535265764336
2025-09-01 07:00:00,0.22713622415614065
2025-09-01 08:00:00,0.21991483524778366
2025-09-01 09:00:00,0.23383391042839285
2025-09-01 10:00:00,0.24341104274767483
2025-09-01 11:00:00,0.19720030694659801
2025-09-01 12:00:00,0.16823351579555035
2025-09-01 13:00:00,0.138436187717744
2025-09-01 14:00:00,0.08922212710001295
2025-09-01 15:00:00,0.11196589070794222
2025-09-01 16:00:00,0.1085687674535713
2025-09-01 17:00:00,0.12489974623878938
2025-09-01 18:00:00,0.16556916411656614
2025-09-01 19:00:00,0.1266370814239259
2025-09-01 20:00:00,0.14361276186575356
2025-09-01 21:00:00,0.09647146727473495
2025-09-01 22:00:00,0.053115741158652585
2025-09-01 23:00:00,0.021677679876402844
2025-09-02 00:00:00,0.01
2025-09-02 01:00:00,0.01
2025-09-02 02:00:00,0.01
2025-09-02 03:00:00,0.01
2025-09-02 04:00:00,0.01
2025-09-02 05:00:00,0.06384022739270416
2025-09-02 06:00:00,0.1311182318516389
2025-09-02 07:00:00,0.24106961597503906
2025-09-02 08:00:00,0.249669583512375
2025-09-02 09:00:00,0.22139585771069054
2025-09-02 10:00:00,0.21026506082861354
2025-09-02 11:00:00,0.20981996335600742
2025-09-02 12:00:00,0.17670836176199273
2025-09-02 13:00:00,0.1458733246761576
2025-09-02 14:00:00,0.11377759327646161
2025-09-02 15:00:00,0.10987634873610158
2025-09-02 16:00:00,0.12341758266371358
2025-09-02 17:00:00,0.13316968940597523
2025-09-02 18:00:00,0.11020988421011021
2025-09-02 19:00:00,0.14162239611627617
2025-09-02 20:00:00,0.11822829328741849
2025-09-02 21:00:00,0.10286878825012905
2025-09-02 22:00:00,0.10167573446193055
2025-09-02 23:00:00,0.014919032154531053
2025-09-03 00:00:00,0.01
2025-09-03 01:00:00,0.01
2025-09-03 02:00:00,0.01
2025-09-03 03:00:00,0.01
2025-09-03 04:00:00,0.02719989276676041
2025-09-03 05:00:00,0.1105633828307164
2025-09-03 06:00:00,0.1261338073386366
2025-09-03 07:00:00,0.20353542481478212
2025-09-03 08:00:00,0.21670141691880224
2025-09-03 09:00:00,0.2495924069661467
2025-09-03 10:00:00,0.2159193765746778
2025-09-03 11:00:00,0.1959292142933559
2025-09-03 12:00:00,0.16367078515495678
2025-09-03 13:00:00,0.1518750620037699
2025-09-03 14:00:00,0.13097649090610544
2025-09-03 15:00:00,0.09267014605665144
2025-09-03 16:00:00,0.11892114553352309
2025-09-03 17:00:00,0.1208353405575398
2025-09-03 18:00:00,0.12421956020839536
2025-09-03 19:00:00,0.14141187888574064
2025-09-03 20:00:00,0.12596989204168804
2025-09-03 21:00:00,0.13623910832888633
2025-09-03 22:00:00,0.06298899087049198
2025-09-03 23:00:00,0.01
2025-09-04 00:00:00,0.01
2025-09-04 01:00:00,0.01
2025-09-04 02:00:00,0.01
2025-09-04 03:00:00,0.01
2025-09-04 04:00:00,0.01
2025-09-04 05:00:00,0.10739060858357921
2025-09-04 06:00:00,0.14855224812381812
2025-09-04 07:00:00,0.18301745427919403
2025-09-04 08:00:00,0.23822747175509107
2025-09-04 09:00:00,0.20133440278048903
2025-09-04 10:00:00,0.22936120844065586
2025-09-04 11:00:00,0.20671793568480765
2025-09-04 12:00:00,0.18157208755632204
2025-09-04 13:00:00,0.12164027352394041
2025-09-04 14:00:00,0.11809588326274881
2025-09-04 15:00:00,0.09708543890718263
2025-09-04 16:00:00,0.12153879179836932
2025-09-04 17:00:00,0.11765974513806124
2025-09-04 18:00:00,0.13658652287585127
2025-09-04 19:00:00,0.12934080531498196
2025-09-04 20:00:00,0.13997507909060938
2025-09-04 21:00:00,0.11232602937828269
2025-09-04 22:00:00,0.052586186535449525
2025-09-04 23:00:00,0.01
2025-09-05 00:00:00,0.01
2025-09-05 01:00:00,0.01
2025-09-05 02:00:00,0.01
2025-09-05 03:00:00,0.01
2025-09-05 04:00:00,0.01
2025-09-05 05:00:00,0.10091296395480029
2025-09-05 06:00:00,0.15728509148575293
2025-09-05 07:00:00,0.1998755657452028
2025-09-05 08:00:00,0.25621151714669277
2025-09-05 09:00:00,0.24607637537535637
2025-09-05 10:00:00,0.2347721381972286
2025-09-05 11:00:00,0.20062798271740945
2025-09-05 12:00:00,0.1856857431200452
2025-09-05 13:00:00,0.15291992573600297
2025-09-05 14:00:00,0.10704959094976649
2025-09-05 15:00:00,0.09080227479960615
2025-09-05 16:00:00,0.11428750032283094
2025-09-05 17:00:00,0.11871353592805314
2025-09-05 18:00:00,0.1413793412645355
2025-09-05 19:00:00,0.16246378267760872
2025-09-05 20:00:00,0.12297268505746392
2025-09-05 21:00:00,0.09843108632927033
2025-09-05 22:00:00,0.05660001052744791
2025-09-05 23:00:00,0.02096609048793832
2025-09-06 00:00:00,0.01
2025-09-06 01:00:00,0.01
2025-09-06 02:00:00,0.01
2025-09-06 03:00:00,0.01
2025-09-06 04:00:00,0.01
2025-09-06 05:00:00,0.025439573394409
2025-09-06 06:00:00,0.12626544018478122
2025-09-06 07:00:00,0.1607731424569897
2025-09-06 08:00:00,0.18662476860893376
2025-09-06 09:00:00,0.20576717105207848
2025-09-06 10:00:00,0.20080442850889535
2025-09-06 11:00:00,0.16699118115612283
2025-09-06 12:00:00,0.10888627763880317
2025-09-06 13:00:00,0.1245664387936701
2025-09-06 14:00:00,0.11019543449291391
2025-09-06 15:00:00,0.09500137120020363
2025-09-06 16:00:00,0.07490448343891694
2025-09-06 17:00:00,0.10232929999632846
2025-09-06 18:00:00,0.11687194876684734
2025-09-06 19:00:00,0.1275216851122987
2025-09-06 20:00:00,0.11449487582606038
2025-09-06 21:00:00,0.06269838867878991
2025-09-06 22:00:00,0.03159716146304878
2025-09-06 23:00:00,0.01
2025-09-07 00:00:00,0.01
2025-09-07 01:00:00,0.01
2025-09-07 02:00:00,0.01
2025-09-07 03:00:00,0.01
2025-09-07 04:00:00,0.012777705875082868
2025-09-07 05:00:00,0.05938535612617071
2025-09-07 06:00:00,0.10370450004442677
2025-09-07 07:00:00,0.19100517804299316
2025-09-07 08:00:00,0.21458936778511573
2025-09-07 09:00:00,0.20813774178259076
2025-09-07 10:00:00,0.19603096456448557
2025-09-07 11:00:00,0.18016203450304857
2025-09-07 12:00:00,0.1485685906260441
2025-09-07 13:00:00,0.11372088002657235
2025-09-07 14:00:00,0.09539298917711748
2025-09-07 15:00:00,0.1103789521504979
2025-09-07 16:00:00,0.10769396598055361
2025-09-07 17:00:00,0.10786225707625774
2025-09-07 18:00:00,0.1307404774085426
2025-09-07 19:00:00,0.10270296091769808
2025-09-07 20:00:00,0.11008972444623244
2025-09-07 21:00:00,0.10050164110820514
2025-09-07 22:00:00,0.0267475898877009
2025-09-07 23:00:00,0.01
2025-09-08 00:00:00,0.01
2025-09-08 01:00:00,0.01
2025-09-08 02:00:00,0.01
2025-09-08 03:00:00,0.01
2025-09-08 04:00:00,0.01
2025-09-08 05:00:00,0.07813783438933729
2025-09-08 06:00:00,0.15481962149714504
2025-09-08 07:00:00,0.18100293098222647
2025-09-08 08:00:00,0.25157472274497183
2025-09-08 09:00:00,0.2471099286207469
2025-09-08 10:00:00,0.2433467130531501
2025-09-08 11:00:00,0.1905105282114701
2025-09-08 12:00:00,0.1791033422963446
2025-09-08 13:00:00,0.11904713272948957
2025-09-08 14:00:00,0.12874171678133683
2025-09-08 15:00:00,0.11212182682207017
2025-09-08 16:00:00,0.12458423219011709
2025-09-08 17:00:00,0.11203344931622461
2025-09-08 18:00:00,0.1278594162561963
2025-09-08 19:00:00,0.15181388793772693
2025-09-08 20:00:00,0.1145602438269823
2025-09-08 21:00:00,0.10497478543701033
2025-09-08 22:00:00,0.03417585641499782
2025-09-08 23:00:00,0.019915494451438615
2025-09-09 00:00:00,0.01
2025-09-09 01:00:00,0.01
2025-09-09 02:00:00,0.01
2025-09-09 03:00:00,0.01
2025-09-09 04:00:00,0.024694201954371914
2025-09-09 05:00:00,0.0814885328878523
2025-09-09 06:00:00,0.13288117560520996
2025-09-09 07:00:00,0.17916929298104287
2025-09-09 08:00:00,0.19902441807301233
2025-09-09 09:00:00,0.24437113756008408
2025-09-09 10:00:00,0.20409430225611408
2025-09-09 11:00:00,0.20148654906862748
2025-09-09 12:00:00,0.1620120802068673
2025-09-09 13:00:00,0.14529162242474788
2025-09-09 14:00:00,0.11053566133419694
2025-09-09 15:00:00,0.10428085948771654
2025-09-09 16:00:00,0.12694186401242546
2025-09-09 17:00:00,0.13437157839461483
2025-09-09 18:00:00,0.14570614280584274
2025-09-09 19:00:00,0.14957281806880976
2025-09-09 20:00:00,0.10543022159999443
2025-09-09 21:00:00,0.10905686081308391
2025-09-09 22:00:00,0.06354829497986125
2025-09-09 23:00:00,0.01
2025-09-10 00:00:00,0.01
2025-09-10 01:00:00,0.01
2025-09-10 02:00:00,0.01
2025-09-10 03:00:00,0.01
2025-09-10 04:00:00,0.03712643441269617
2025-09-10 05:00:00,0.09350052909006878
2025-09-10 06:00:00,0.12097264478375733
2025-09-10 07:00:00,0.20332079233390413
2025-09-10 08:00:00,0.24808993247825956
2025-09-10 09:00:00,0.2446206438980541
2025-09-10 10:00:00,0.2436231794414618
2025-09-10 11:00:00,0.22993257199964673
2025-09-10 12:00:00,0.18101157587683317
2025-09-10 13:00:00,0.13853623896492828
2025-09-10 14:00:00,0.1304348001749436
2025-09-10 15:00:00,0.11108802301650367
2025-09-10 16:00:00,0.11601447833450276
2025-09-10 17:00:00,0.12376662365977448
2025-09-10 18:00:00,0.16410713306771008
2025-09-10 19:00:00,0.12994950346967926
2025-09-10 20:00:00,0.15114144855540015
2025-09-10 21:00:00,0.10489512170651216
2025-09-10 22:00:00,0.03306379968475549
2025-09-10 23:00:00,0.012078089451193041
2025-09-11 00:00:00,0.01
2025-09-11 01:00:00,0.01
2025-09-11 02:00:00,0.01
2025-09-11 03:00:00,0.01
2025-09-11 04:00:00,0.017215158269812708
2025-09-11 05:00:00,0.1062923998264812
2025-09-11 06:00:00,0.13277574226654992
2025-09-11 07:00:00,0.17781213881871494
2025-09-11 08:00:00,0.25008689386741795
2025-09-11 09:00:00,0.26796333409092854
2025-09-11 10:00:00,0.22701991828664056
2025-09-11 11:00:00,0.21462647099051113
2025-09-11 12:00:00,0.1854840815634422
2025-09-11 13:00:00,0.12336535668747714
2025-09-11 14:00:00,0.10718489567840482
2025-09-11 15:00:00,0.12708383336262186
2025-09-11 16:00:00,0.14063715701110663
2025-09-11 17:00:00,0.13718706024334634
2025-09-11 18:00:00,0.12716472752794816
2025-09-11 19:00:00,0.17173786027955143
2025-09-11 20:00:00,0.11989737936329949
2025-09-11 21:00:00,0.09207610327808535
2025-09-11 22:00:00,0.05889446996937947
2025-09-11 23:00:00,0.02958176651229384
2025-09-12 00:00:00,0.01
2025-09-12 01:00:00,0.01
2025-09-12 02:00:00,0.01
2025-09-12 03:00:00,0.01
2025-09-12 04:00:00,0.023454013717168987
2025-09-12 05:00:00,0.03875661532372479
2025-09-12 06:00:00,0.13563280911334444
2025-09-12 07:00:00,0.1970355598172281
2025-09-12 08:00:00,0.2103167097450988
2025-09-12 09:00:00,0.24403935416905248
2025-09-12 10:00:00,0.22361739306304346
2025-09-12 11:00:00,0.2255066391030306
2025-09-12 12:00:00,0.1886772168776143
2025-09-12 13:00:00,0.1272355148076929
2025-09-12 14:00:00,0.11192189570433486
2025-09-12 15:00:00,0.1072314803500874
2025-09-12 16:00:00,0.10830702885699708
2025-09-12 17:00:00,0.13138920027006537
2025-09-12 18:00:00,0.1287076899660776
2025-09-12 19:00:00,0.12469269174890937
2025-09-12 20:00:00,0.13692258935789542
2025-09-12 21:00:00,0.10626609192789674
2025-09-12 22:00:00,0.04141464422604771
2025-09-12 23:00:00,0.01941966983192367
2025-09-13 00:00:00,0.01
2025-09-13 01:00:00,0.01
2025-09-13 02:00:00,0.01
2025-09-13 03:00:00,0.01
2025-09-13 04:00:00,0.01
2025-09-13 05:00:00,0.04368760099991206
2025-09-13 06:00:00,0.11186895141705627
2025-09-13 07:00:00,0.16506186849935758
2025-09-13 08:00:00,0.19111727497037412
2025-09-13 09:00:00,0.21032692112422863
2025-09-13 10:00:00,0.1781892160639654
2025-09-13 11:00:00,0.16654122659025297
2025-09-13 12:00:00,0.13554281776793267
2025-09-13 13:00:00,0.10511393122612095
2025-09-13 14:00:00,0.08529602885885991
2025-09-13 15:00:00,0.08214826000539767
2025-09-13 16:00:00,0.0970075729397687
2025-09-13 17:00:00,0.11631561079071762
2025-09-13 18:00:00,0.10506947176575374
2025-09-13 19:00:00,0.0983379381112214
2025-09-13 20:00:00,0.08668528398483116
2025-09-13 21:00:00,0.06424913351573198
2025-09-13 22:00:00,0.022934590022786278
2025-09-13 23:00:00,0.01
2025-09-14 00:00:00,0.01
2025-09-14 01:00:00,0.01
2025-09-14 02:00:00,0.01
2025-09-14 03:00:00,0.01
2025-09-14 04:00:00,0.01
2025-09-14 05:00:00,0.04498723730823159
2025-09-14 06:00:00,0.10066363451792551
2025-09-14 07:00:00,0.1674263313890985
2025-09-14 08:00:00,0.18933767963777293
2025-09-14 09:00:00,0.2213236097517408
2025-09-14 10:00:00,0.17437865215006737
2025-09-14 11:00:00,0.16826224669275505
2025-09-14 12:00:00,0.14408071923851132
2025-09-14 13:00:00,0.11146230424054668
2025-09-14 14:00:00,0.1290621544887865
2025-09-14 15:00:00,0.08806988235397567
2025-09-14 16:00:00,0.07450329019800503
2025-09-14 17:00:00,0.10151404995455113
2025-09-14 18:00:00,0.08792041414863841
2025-09-14 19:00:00,0.1149251136847646
2025-09-14 20:00:00,0.08956826829562378
2025-09-14 21:00:00,0.08503619044921577
2025-09-14 22:00:00,0.019718464653258327
2025-09-14 23:00:00,0.01
2025-09-15 00:00:00,0.01
2025-09-15 01:00:00,0.01
2025-09-15 02:00:00,0.01
2025-09-15 03:00:00,0.01
2025-09-15 04:00:00,0.02653874900356655
2025-09-15 05:00:00,0.08317556897157129
2025-09-15 06:00:00,0.14485746978155536
2025-09-15 07:00:00,0.1985672418391213
2025-09-15 08:00:00,0.1979113838816084
2025-09-15 09:00:00,0.23330580506201887
2025-09-15 10:00:00,0.2386063825180013
2025-09-15 11:00:00,0.1976855974485878
2025-09-15 12:00:00,0.14324862486973897
2025-09-15 13:00:00,0.13268108315820445
2025-09-15 14:00:00,0.13899059569406882
2025-09-15 15:00:00,0.12628862113963524
2025-09-15 16:00:00,0.11339641243130211
2025-09-15 17:00:00,0.14198011623791593
2025-09-15 18:00:00,0.1338288672662718
2025-09-15 19:00:00,0.11533839954297262
2025-09-15 20:00:00,0.11295948274984924
2025-09-15 21:00:00,0.1195110312645937
2025-09-15 22:00:00,0.0486140359659092
2025-09-15 23:00:00,0.01
2025-09-16 00:00:00,0.01
2025-09-16 01:00:00,0.01
2025-09-16 02:00:00,0.01
2025-09-16 03:00:00,0.01
2025-09-16 04:00:00,0.011717432692796015
2025-09-16 05:00:00,0.08015557366975114
2025-09-16 06:00:00,0.11635347260748492
2025-09-16 07:00:00,0.21459093703465587
2025-09-16 08:00:00,0.20908641757977775
2025-09-16 09:00:00,0.24051732770772388
2025-09-16 10:00:00,0.209246113312748
2025-09-16 11:00:00,0.18936269107662318
2025-09-16 12:00:00,0.1515441743830513
2025-09-16 13:00:00,0.12412565928373345
2025-09-16 14:00:00,0.10511881068000598
2025-09-16 15:00:00,0.0991378517597425
2025-09-16 16:00:00,0.1266031195255014
2025-09-16 17:00:00,0.11091207346311102
2025-09-16 18:00:00,0.14241123225400482
2025-09-16 19:00:00,0.158942498906961
2025-09-16 20:00:00,0.11890516538109583
2025-09-16 21:00:00,0.08507555465276093
2025-09-16 22:00:00,0.049042701092649216
2025-09-16 23:00:00,0.022706406345300717
2025-09-17 00:00:00,0.01
2025-09-17 01:00:00,0.01
2025-09-17 02:00:00,0.01
2025-09-17 03:00:00,0.01
2025-09-17 04:00:00,0.024114482825191158
2025-09-17 05:00:00,0.08164129527382138
2025-09-17 06:00:00,0.13427696310146367
2025-09-17 07:00:00,0.17964911298592345
2025-09-17 08:00:00,0.21309387633429505
2025-09-17 09:00:00,0.24507893361622324
2025-09-17 10:00:00,0.24393133808432677
2025-09-17 11:00:00,0.18842705659202183
2025-09-17 12:00:00,0.17076989072181922
2025-09-17 13:00:00,0.10172936223458984
2025-09-17 14:00:00,0.10422736458713283
2025-09-17 15:00:00,0.10668697901030527
2025-09-17 16:00:00,0.10024883891381944
2025-09-17 17:00:00,0.11322839905695505
2025-09-17 18:00:00,0.12887739682151367
2025-09-17 19:00:00,0.14484698186702338
2025-09-17 20:00:00,0.12358415489245131
2025-09-17 21:00:00,0.062061848833850505
2025-09-17 22:00:00,0.02048104750057711
2025-09-17 23:00:00,0.01
2025-09-18 00:00:00,0.01
2025-09-18 01:00:00,0.01
2025-09-18 02:00:00,0.01
2025-09-18 03:00:00,0.01
2025-09-18 04:00:00,0.0345245391415083
2025-09-18 05:00:00,0.06954224078243655
2025-09-18 06:00:00,0.14444430723949553
2025-09-18 07:00:00,0.1941521393637785
2025-09-18 08:00:00,0.19424097527127354
2025-09-18 09:00:00,0.24838516412034528
2025-09-18 10:00:00,0.2285329604286698
2025-09-18 11:00:00,0.20541608469240724
2025-09-18 12:00:00,0.2225930380649265
2025-09-18 13:00:00,0.10157845572097668
2025-09-18 14:00:00,0.1386724625932421
2025-09-18 15:00:00,0.10264653251219813
2025-09-18 16:00:00,0.11800940603442672
2025-09-18 17:00:00,0.12639869329911502
2025-09-18 18:00:00,0.13233592746741096
2025-09-18 19:00:00,0.13172197931838106
2025-09-18 20:00:00,0.13114210350197672
2025-09-18 21:00:00,0.07268309418348456
2025-09-18 22:00:00,0.06335561960276426
2025-09-18 23:00:00,0.01
2025-09-19 00:00:00,0.01
2025-09-19 01:00:00,0.01
2025-09-19 02:00:00,0.01
2025-09-19 03:00:00,0.01
2025-09-19 04:00:00,0.018896119690869795
2025-09-19 05:00:00,0.06417306677174132
2025-09-19 06:00:00,0.14988814316657978
2025-09-19 07:00:00,0.20213574129366352
2025-09-19 08:00:00,0.25374844791717166
2025-09-19 09:00:00,0.23404843963772493
2025-09-19 10:00:00,0.235151677867538
2025-09-19 11:00:00,0.1990829111397165
2025-09-19 12:00:00,0.18295739214567072
2025-09-19 13:00:00,0.12187750694866847
2025-09-19 14:00:00,0.12379693548932859
2025-09-19 15:00:00,0.10385762881079715
2025-09-19 16:00:00,0.11255649276109803
2025-09-19 17:00:00,0.12827750719470313
2025-09-19 18:00:00,0.14230292136412567
2025-09-19 19:00:00,0.13834588054447697
2025-09-19 20:00:00,0.12924001316528339
2025-09-19 21:00:00,0.11893231344633642
2025-09-19 22:00:00,0.06669852032350995
2025-09-19 23:00:00,0.017464051676272213
2025-09-20 00:00:00,0.01
2025-09-20 01:00:00,0.01
2025-09-20 02:00:00,0.01
2025-09-20 03:00:00,0.01
2025-09-20 04:00:00,0.010443732537265604
2025-09-20 05:00:00,0.040912058501210366
2025-09-20 06:00:00,0.10991044257059568
2025-09-20 07:00:00,0.14209521975720432
2025-09-20 08:00:00,0.1949666058100878
2025-09-20 09:00:00,0.22646481346218025
2025-09-20 10:00:00,0.1929587820910218
2025-09-20 11:00:00,0.18205345195792005
2025-09-20 12:00:00,0.13549612581103374
2025-09-20 13:00:00,0.11235520516939822
2025-09-20 14:00:00,0.07024084193220975
2025-09-20 15:00:00,0.08289058698033128
2025-09-20 16:00:00,0.04348663283749005
2025-09-20 17:00:00,0.09893213453882316
2025-09-20 18:00:00,0.08889657374527382
2025-09-20 19:00:00,0.13301359092278398
2025-09-20 20:00:00,0.11251478269246853
2025-09-20 21:00:00,0.07709496429567025
2025-09-20 22:00:00,0.04956622542994776
2025-09-20 23:00:00,0.01
2025-09-21 00:00:00,0.01
2025-09-21 01:00:00,0.01
2025-09-21 02:00:00,0.01
2025-09-21 03:00:00,0.01
2025-09-21 04:00:00,0.01
2025-09-21 05:00:00,0.0374529755686413
2025-09-21 06:00:00,0.10407374665321298
2025-09-21 07:00:00,0.1586017366749332
2025-09-21 08:00:00,0.18485422786040467
2025-09-21 09:00:00,0.22971142191072602
2025-09-21 10:00:00,0.1959223168747049
2025-09-21 11:00:00,0.1775827496560685
2025-09-21 12:00:00,0.1296473220056033
2025-09-21 13:00:00,0.08003422033865465
2025-09-21 14:00:00,0.0913559932561237
2025-09-21 15:00:00,0.052777540705333706
2025-09-21 16:00:00,0.08717308181052645
2025-09-21 17:00:00,0.08105977142956837
2025-09-21 18:00:00,0.14301173249027063
2025-09-21 19:00:00,0.12844303410801017
2025-09-21 20:00:00,0.10228889937088068
2025-09-21 21:00:00,0.08889941983180667
2025-09-21 22:00:00,0.013905312461378633
2025-09-21 23:00:00,0.01
2025-09-22 00:00:00,0.01
2025-09-22 01:00:00,0.01
2025-09-22 02:00:00,0.01
2025-09-22 03:00:00,0.01
2025-09-22 04:00:00,0.017396975430758327
2025-09-22 05:00:00,0.04986090443470646
2025-09-22 06:00:00,0.12366542605919102
2025-09-22 07:00:00,0.18955929627853207
2025-09-22 08:00:00,0.22696670610253272
2025-09-22 09:00:00,0.21927564802076177
2025-09-22 10:00:00,0.2608438110005032
2025-09-22 11:00:00,0.2199046139460934
2025-09-22 12:00:00,0.17209789529427025
2025-09-22 13:00:00,0.13328735075271309
2025-09-22 14:00:00,0.10898552631830957
2025-09-22 15:00:00,0.09204611642287132
2025-09-22 16:00:00,0.11422832826616591
2025-09-22 17:00:00,0.1303143131007763
2025-09-22 18:00:00,0.11943971185615865
2025-09-22 19:00:00,0.1446487675206373
2025-09-22 20:00:00,0.12323723475601173
2025-09-22 21:00:00,0.06619023428540027
2025-09-22 22:00:00,0.03855780494824665
2025-09-22 23:00:00,0.01
2025-09-23 00:00:00,0.01
2025-09-23 01:00:00,0.01
2025-09-23 02:00:00,0.01
2025-09-23 03:00:00,0.01
2025-09-23 04:00:00,0.01
2025-09-23 05:00:00,0.09080275809838129
2025-09-23 06:00:00,0.1308774270230591
2025-09-23 07:00:00,0.18987356376332468
2025-09-23 08:00:00,0.2453312465134601
2025-09-23 09:00:00,0.21679942667405117
2025-09-23 10:00:00,0.20359006440207628
2025-09-23 11:00:00,0.188282889534044
2025-09-23 12:00:00,0.17851997956561705
2025-09-23 13:00:00,0.10929478301324855
2025-09-23 14:00:00,0.06956450320711262
2025-09-23 15:00:00,0.09943568675901417
2025-09-23 16:00:00,0.12122040879899108
2025-09-23 17:00:00,0.14433012755666175
2025-09-23 18:00:00,0.1309968763690463
2025-09-23 19:00:00,0.13334289846716807
2025-09-23 20:00:00,0.14275280781416347
2025-09-23 21:00:00,0.06663939847007412
2025-09-23 22:00:00,0.04551394479413831
2025-09-23 23:00:00,0.01
2025-09-24 00:00:00,0.01
2025-09-24 01:00:00,0.01
2025-09-24 02:00:00,0.01
2025-09-24 03:00:00,0.01
2025-09-24 04:00:00,0.01
2025-09-24 05:00:00,0.08125788371469421
2025-09-24 06:00:00,0.1231027470228091
2025-09-24 07:00:00,0.19205573065455822
2025-09-24 08:00:00,0.23204024504866974
2025-09-24 09:00:00,0.23086150292625046
2025-09-24 10:00:00,0.22699665448002174
2025-09-24 11:00:00,0.1824887516862669
2025-09-24 12:00:00,0.1597379883411886
2025-09-24 13:00:00,0.14113107742554154
2025-09-24 14:00:00,0.11429429232959967
2025-09-24 15:00:00,0.09729796132799212
2025-09-24 16:00:00,0.11620040360099118
2025-09-24 17:00:00,0.1369382089064306
2025-09-24 18:00:00,0.10708803835796712
2025-09-24 19:00:00,0.1567932692845486
2025-09-24 20:00:00,0.12029333645641319
2025-09-24 21:00:00,0.10096073370041089
2025-09-24 22:00:00,0.06919332101286388
2025-09-24 23:00:00,0.01
2025-09-25 00:00:00,0.01
2025-09-25 01:00:00,0.01
2025-09-25 02:00:00,0.01
2025-09-25 03:00:00,0.01
2025-09-25 04:00:00,0.01
2025-09-25 05:00:00,0.06602962824241006
2025-09-25 06:00:00,0.14081056991900978
2025-09-25 07:00:00,0.17304630134790877
2025-09-25 08:00:00,0.21930952376862115
2025-09-25 09:00:00,0.2406691167662054
2025-09-25 10:00:00,0.21935436875767134
2025-09-25 11:00:00,0.19543651419037272
2025-09-25 12:00:00,0.15480475275823957
2025-09-25 13:00:00,0.10916835715232755
2025-09-25 14:00:00,0.11667117299349758
2025-09-25 15:00:00,0.1323275033544956
2025-09-25 16:00:00,0.1130207589067167
2025-09-25 17:00:00,0.1295056007139304
2025-09-25 18:00:00,0.14813557577171804
2025-09-25 19:00:00,0.12027477777034548
2025-09-25 20:00:00,0.1507824543169092
2025-09-25 21:00:00,0.09752089355648531
2025-09-25 22:00:00,0.07562004755285794
2025-09-25 23:00:00,0.01
2025-09-26 00:00:00,0.01
2025-09-26 01:00:00,0.01
2025-09-26 02:00:00,0.01
2025-09-26 03:00:00,0.01
2025-09-26 04:00:00,0.01
2025-09-26 05:00:00,0.09229312527914751
2025-09-26 06:00:00,0.1397724529600122
2025-09-26 07:00:00,0.16149481915256916
2025-09-26 08:00:00,0.20840925798668644
2025-09-26 09:00:00,0.23304195203188793
2025-09-26 10:00:00,0.22891958003821872
2025-09-26 11:00:00,0.19591081020769988
2025-09-26 12:00:00,0.18095161675919647
2025-09-26 13:00:00,0.10254120429678605
2025-09-26 14:00:00,0.11392341433831277
2025-09-26 15:00:00,0.07865613936630604
2025-09-26 16:00:00,0.12406273934455403
2025-09-26 17:00:00,0.1246320787059135
2025-09-26 18:00:00,0.1439612044926533
2025-09-26 19:00:00,0.12627881127702584
2025-09-26 20:00:00,0.14435902888715774
2025-09-26 21:00:00,0.11003415203835243
2025-09-26 22:00:00,0.05981767907902599
2025-09-26 23:00:00,0.01
2025-09-27 00:00:00,0.01
2025-09-27 01:00:00,0.01
2025-09-27 02:00:00,0.01
2025-09-27 03:00:00,0.01
2025-09-27 04:00:00,0.01
2025-09-27 05:00:00,0.03827820039936716
2025-09-27 06:00:00,0.11802540171582693
2025-09-27 07:00:00,0.14654082859443562
2025-09-27 08:00:00,0.2086899966243655
2025-09-27 09:00:00,0.2175257765521561
2025-09-27 10:00:00,0.17115943724219182
2025-09-27 11:00:00,0.15426996692695175
2025-09-27 12:00:00,0.1333570585055739
2025-09-27 13:00:00,0.10223192309469192
2025-09-27 14:00:00,0.06856452830389217
2025-09-27 15:00:00,0.08669759573183503
2025-09-27 16:00:00,0.09137624609083808
2025-09-27 17:00:00,0.09807200948730466
2025-09-27 18:00:00,0.10126726945435496
2025-09-27 19:00:00,0.12990474962655968
2025-09-27 20:00:00,0.1249352486530548
2025-09-27 21:00:00,0.062091946864210504
2025-09-27 22:00:00,0.016819097820964274
2025-09-27 23:00:00,0.01
2025-09-28 00:00:00,0.01
2025-09-28 01:00:00,0.01
2025-09-28 02:00:00,0.01
2025-09-28 03:00:00,0.01
2025-09-28 04:00:00,0.01
2025-09-28 05:00:00,0.050264317575436354
2025-09-28 06:00:00,0.10638361705231561
2025-09-28 07:00:00,0.16455131170151155
2025-09-28 08:00:00,0.19949245454605607
2025-09-28 09:00:00,0.1847505780715621
2025-09-28 10:00:00,0.22158262801099074
2025-09-28 11:00:00,0.17226848133371442
2025-09-28 12:00:00,0.14420104617745896
2025-09-28 13:00:00,0.1209699381244329
2025-09-28 14:00:00,0.07134111773578769
2025-09-28 15:00:00,0.08791686554109862
2025-09-28 16:00:00,0.08354139785726643
2025-09-28 17:00:00,0.11363948035924777
2025-09-28 18:00:00,0.08064760291547592
2025-09-28 19:00:00,0.11263960049071013
2025-09-28 20:00:00,0.09101370438398888
2025-09-28 21:00:00,0.07578118564543881
2025-09-28 22:00:00,0.033004136652827545
2025-09-28 23:00:00,0.01
2025-09-29 00:00:00,0.01
2025-09-29 01:00:00,0.01
2025-09-29 02:00:00,0.01
2025-09-29 03:00:00,0.01
2025-09-29 04:00:00,0.01
2025-09-29 05:00:00,0.030535958165555446
2025-09-29 06:00:00,0.13190035511630505
2025-09-29 07:00:00,0.1752783384470575
2025-09-29 08:00:00,0.20055354873371792
2025-09-29 09:00:00,0.21712386979478118
2025-09-29 10:00:00,0.22576635342157056
2025-09-29 11:00:00,0.21654488101826241
2025-09-29 12:00:00,0.16722045307360686
2025-09-29 13:00:00,0.12256581248746996
2025-09-29 14:00:00,0.11846378927163655
2025-09-29 15:00:00,0.09889510414716912
2025-09-29 16:00:00,0.10210368042818496
2025-09-29 17:00:00,0.10858915045238941
2025-09-29 18:00:00,0.11124525386435637
2025-09-29 19:00:00,0.1332438311408213
2025-09-29 20:00:00,0.1273934883144341
2025-09-29 21:00:00,0.09281455808058695
2025-09-29 22:00:00,0.044680641667977944
2025-09-29 23:00:00,0.01
2025-09-30 00:00:00,0.01
2025-09-30 01:00:00,0.01
2025-09-30 02:00:00,0.01
2025-09-30 03:00:00,0.01
2025-09-30 04:00:00,0.01
2025-09-30 05:00:00,0.05212048469777587
2025-09-30 06:00:00,0.12998313486397856
2025-09-30 07:00:00,0.20546766373851774
2025-09-30 08:00:00,0.23273858839392242
2025-09-30 09:00:00,0.25034308215017126
2025-09-30 10:00:00,0.23193884563471603
2025-09-30 11:00:00,0.1800417022682144
2025-09-30 12:00:00,0.15754232870234977
2025-09-30 13:00:00,0.11994185747557509
2025-09-30 14:00:00,0.13156533100629259
2025-09-30 15:00:00,0.0878111102056903
2025-09-30 16:00:00,0.12590963240809977
2025-09-30 17:00:00,0.1392803796291467
2025-09-30 18:00:00,0.16494847009300442
2025-09-30 19:00:00,0.1329288689514015
2025-09-30 20:00:00,0.13568899946096552
2025-09-30 21:00:00,0.1284701717805239
2025-09-30 22:00:00,0.04163700153481384
2025-09-30 23:00:00,0.01
2025-10-01 00:00:00,0.01
2025-10-01 01:00:00,0.01
2025-10-01 02:00:00,0.01
2025-10-01 03:00:00,0.01
2025-10-01 04:00:00,0.0190601608187749
2025-10-01 05:00:00,0.07689619155538713
2025-10-01 06:00:00,0.1438821359759531
2025-10-01 07:00:00,0.19416862064428828
2025-10-01 08:00:00,0.24418345021289137
2025-10-01 09:00:00,0.2213783007045962
2025-10-01 10:00:00,0.2139480763147564
2025-10-01 11:00:00,0.18500315396303496
2025-10-01 12:00:00,0.17495334019112968
2025-10-01 13:00:00,0.14514711918419038
2025-10-01 14:00:00,0.118371383181412
2025-10-01 15:00:00,0.12351164085136129
2025-10-01 16:00:00,0.09482985000254479
2025-10-01 17:00:00,0.1508907291967096
2025-10-01 18:00:00,0.1603490423388744
2025-10-01 19:00:00,0.15010479374545754
2025-10-01 20:00:00,0.15172744664475638
2025-10-01 21:00:00,0.06939234206320204
2025-10-01 22:00:00,0.04303120059080688
2025-10-01 23:00:00,0.01
2025-10-02 00:00:00,0.01
2025-10-02 01:00:00,0.01
2025-10-02 02:00:00,0.01
2025-10-02 03:00:00,0.01
2025-10-02 04:00:00,0.022939618402265438
2025-10-02 05:00:00,0.0783859357456759
2025-10-02 06:00:00,0.12269347478749422
2025-10-02 07:00:00,0.17814262020320995
2025-10-02 08:00:00,0.24375585848045542
2025-10-02 09:00:00,0.24736439336207308
2025-10-02 10:00:00,0.22352882248878617
2025-10-02 11:00:00,0.1903355143434239
2025-10-02 12:00:00,0.13212445680433482
2025-10-02 13:00:00,0.1155894659658128
2025-10-02 14:00:00,0.14028540158654518
2025-10-02 15:00:00,0.08656351417079032
2025-10-02 16:00:00,0.11535377221932167
2025-10-02 17:00:00,0.1410051390091855
2025-10-02 18:00:00,0.11868773488097109
2025-10-02 19:00:00,0.14185223279630255
2025-10-02 20:00:00,0.13908030796366527
2025-10-02 21:00:00,0.09444029189479237
2025-10-02 22:00:00,0.09393508035756318
2025-10-02 23:00:00,0.01
2025-10-03 00:00:00,0.01
2025-10-03 01:00:00,0.01
2025-10-03 02:00:00,0.01
2025-10-03 03:00:00,0.01
2025-10-03 04:00:00,0.01
2025-10-03 05:00:00,0.07759054081465386
2025-10-03 06:00:00,0.1096689776670415
2025-10-03 07:00:00,0.1999200217406717
2025-10-03 08:00:00,0.22950987642787368
2025-10-03 09:00:00,0.24527998537015
2025-10-03 10:00:00,0.24001181469276697
2025-10-03 11:00:00,0.20214437967006832
2025-10-03 12:00:00,0.16475884073498998
2025-10-03 13:00:00,0.11846215173317037
2025-10-03 14:00:00,0.10095672836172394
2025-10-03 15:00:00,0.12359729157549766
2025-10-03 16:00:00,0.1340825305236055
2025-10-03 17:00:00,0.12234774740358706
2025-10-03 18:00:00,0.13822754064681497
2025-10-03 19:00:00,0.12553828458669017
2025-10-03 20:00:00,0.14262885211702747
2025-10-03 21:00:00,0.10425997895857066
2025-10-03 22:00:00,0.08005322060652824
2025-10-03 23:00:00,0.01
2025-10-04 00:00:00,0.01
2025-10-04 01:00:00,0.01
2025-10-04 02:00:00,0.01
2025-10-04 03:00:00,0.01
2025-10-04 04:00:00,0.01
2025-10-04 05:00:00,0.06241743736582325
2025-10-04 06:00:00,0.1233952593804055
2025-10-04 07:00:00,0.15216792722785089
2025-10-04 08:00:00,0.2204098709588042
2025-10-04 09:00:00,0.22829379298265848
2025-10-04 10:00:00,0.20119521677938257
2025-10-04 11:00:00,0.17286477950676915
2025-10-04 12:00:00,0.1458890955089604
2025-10-04 13:00:00,0.09379336023345183
2025-10-04 14:00:00,0.08713124150812689
2025-10-04 15:00:00,0.04855124860790595
2025-10-04 16:00:00,0.10072506362476583
2025-10-04 17:00:00,0.07753773511584594
2025-10-04 18:00:00,0.1351295263686568
2025-10-04 19:00:00,0.10919642830630588
2025-10-04 20:00:00,0.09690322421325412
2025-10-04 21:00:00,0.05990344751613236
2025-10-04 22:00:00,0.021655105454946838
2025-10-04 23:00:00,0.01
2025-10-05 00:00:00,0.01
2025-10-05 01:00:00,0.01
2025-10-05 02:00:00,0.01
2025-10-05 03:00:00,0.01
2025-10-05 04:00:00,0.01
2025-10-05 05:00:00,0.07439774224246318
2025-10-05 06:00:00,0.09845114814545125
2025-10-05 07:00:00,0.14866730347973778
2025-10-05 08:00:00,0.21719346948006313
2025-10-05 09:00:00,0.21587462789136858
2025-10-05 10:00:00,0.18516740807499013
2025-10-05 11:00:00,0.17497570860456832
2025-10-05 12:00:00,0.12224746108998807
2025-10-05 13:00:00,0.12328674966600522
2025-10-05 14:00:00,0.1026568561961331
2025-10-05 15:00:00,0.08887261716174324
2025-10-05 16:00:00,0.09305866726329748
2025-10-05 17:00:00,0.12743347772785488
2025-10-05 18:00:00,0.11262904625541562
2025-10-05 19:00:00,0.09647564023686106
2025-10-05 20:00:00,0.1068758600370768
2025-10-05 21:00:00,0.1006656842528271
2025-10-05 22:00:00,0.010809818568360607
2025-10-05 23:00:00,0.01
2025-10-06 00:00:00,0.01
2025-10-06 01:00:00,0.01
2025-10-06 02:00:00,0.01
2025-10-06 03:00:00,0.01
2025-10-06 04:00:00,0.047504661022899936
2025-10-06 05:00:00,0.07726411756774758
2025-10-06 06:00:00,0.12414302584660103
2025-10-06 07:00:00,0.16780345211092387
2025-10-06 08:00:00,0.22907368991095872
2025-10-06 09:00:00,0.2524247937448726
2025-10-06 10:00:00,0.23143410676851567
2025-10-06 11:00:00,0.19676057520776505
2025-10-06 12:00:00,0.15386497541580146
2025-10-06 13:00:00,0.11546227304694362
2025-10-06 14:00:00,0.12432786046595815
2025-10-06 15:00:00,0.1196693973482467
2025-10-06 16:00:00,0.08951810339228006
2025-10-06 17:00:00,0.14993353937560333
2025-10-06 18:00:00,0.14631511850605108
2025-10-06 19:00:00,0.16026797064340878
2025-10-06 20:00:00,0.1050721339653643
2025-10-06 21:00:00,0.0739579150265876
2025-10-06 22:00:00,0.04886697016768776
2025-10-06 23:00:00,0.011153233967162224
2025-10-07 00:00:00,0.01
2025-10-07 01:00:00,0.01
2025-10-07 02:00:00,0.01
2025-10-07 03:00:00,0.01
2025-10-07 04:00:00,0.031239113246089648
2025-10-07 05:00:00,0.05993661875878961
2025-10-07 06:00:00,0.16221613297688722
2025-10-07 07:00:00,0.18685714470528972
2025-10-07 08:00:00,0.24914783574457014
2025-10-07 09:00:00,0.24613565740867924
2025-10-07 10:00:00,0.22233671269210942
2025-10-07 11:00:00,0.18909074170681733
2025-10-07 12:00:00,0.15767548649511123
2025-10-07 13:00:00,0.1383545323860049
2025-10-07 14:00:00,0.11304899247701203
2025-10-07 15:00:00,0.0971407063690937
2025-10-07 16:00:00,0.11030463350053793
2025-10-07 17:00:00,0.1273496646113417
2025-10-07 18:00:00,0.10585809323908024
2025-10-07 19:00:00,0.14623162715071372
2025-10-07 20:00:00,0.11059328628455029
2025-10-07 21:00:00,0.07723034577239438
2025-10-07 22:00:00,0.025876399070197925
2025-10-07 23:00:00,0.01
2025-10-08 00:00:00,0.01
2025-10-08 01:00:00,0.01
2025-10-08 02:00:00,0.01
2025-10-08 03:00:00,0.01
2025-10-08 04:00:00,0.015555141123123839
2025-10-08 05:00:00,0.08051420581644624
2025-10-08 06:00:00,0.13985486732234112
2025-10-08 07:00:00,0.19006104741229843
2025-10-08 08:00:00,0.2074594830751147
2025-10-08 09:00:00,0.2578153861557792
2025-10-08 10:00:00,0.25159937956211553
2025-10-08 11:00:00,0.1717415917461699
2025-10-08 12:00:00,0.14752846066580771
2025-10-08 13:00:00,0.12783241173852222
2025-10-08 14:00:00,0.09752336298389438
2025-10-08 15:00:00,0.11373714566576323
2025-10-08 16:00:00,0.10196480649300418
2025-10-08 17:00:00,0.15874663505645445
2025-10-08 18:00:00,0.15574711844425734
2025-10-08 19:00:00,0.14264750076216745
2025-10-08 20:00:00,0.14079368347889934
2025-10-08 21:00:00,0.11121862305964117
2025-10-08 22:00:00,0.04282713682978591
2025-10-08 23:00:00,0.01
2025-10-09 00:00:00,0.01
2025-10-09 01:00:00,0.01
2025-10-09 02:00:00,0.01
2025-10-09 03:00:00,0.01
2025-10-09 04:00:00,0.01
2025-10-09 05:00:00,0.07351187778146459
2025-10-09 06:00:00,0.1368683911807449
2025-10-09 07:00:00,0.22092531769156443
2025-10-09 08:00:00,0.20471355610964737
2025-10-09 09:00:00,0.24374979727565813
2025-10-09 10:00:00,0.24694261224900058
2025-10-09 11:00:00,0.2311677040558811
2025-10-09 12:00:00,0.15693741389787294
2025-10-09 13:00:00,0.13951549438150926
2025-10-09 14:00:00,0.12065232098205593
2025-10-09 15:00:00,0.10919437405375358
2025-10-09 16:00:00,0.11152069722704276
2025-10-09 17:00:00,0.13292491059838507
2025-10-09 18:00:00,0.1000196839673371
2025-10-09 19:00:00,0.14980441837015265
2025-10-09 20:00:00,0.12739604380056185
2025-10-09 21:00:00,0.0914074789591365
2025-10-09 22:00:00,0.08210376780298188
2025-10-09 23:00:00,0.01
2025-10-10 00:00:00,0.01
2025-10-10 01:00:00,0.01
2025-10-10 02:00:00,0.01
2025-10-10 03:00:00,0.01
2025-10-10 04:00:00,0.010927146528837917
2025-10-10 05:00:00,0.08736164060199185
2025-10-10 06:00:00,0.1412495654906004
2025-10-10 07:00:00,0.1720769574671017
2025-10-10 08:00:00,0.2176499994333928
2025-10-10 09:00:00,0.22718479478460515
2025-10-10 10:00:00,0.22357675258039889
2025-10-10 11:00:00,0.20361276538865494
2025-10-10 12:00:00,0.16940561421862027
2025-10-10 13:00:00,0.10563302891464857
2025-10-10 14:00:00,0.1281941830721574
2025-10-10 15:00:00,0.1101798334050719
2025-10-10 16:00:00,0.13390050859420927
2025-10-10 17:00:00,0.13317740729991281
2025-10-10 18:00:00,0.15465237224633713
2025-10-10 19:00:00,0.14670070832563342
2025-10-10 20:00:00,0.1458259142233419
2025-10-10 21:00:00,0.10270751458574551
2025-10-10 22:00:00,0.05006125880521331
2025-10-10 23:00:00,0.038126466058097164
2025-10-11 00:00:00,0.01
2025-10-11 01:00:00,0.01
2025-10-11 02:00:00,0.01
2025-10-11 03:00:00,0.01
2025-10-11 04:00:00,0.01
2025-10-11 05:00:00,0.052077222618666916
2025-10-11 06:00:00,0.10406447068727065
2025-10-11 07:00:00,0.16872485945066124
2025-10-11 08:00:00,0.22460571308304927
2025-10-11 09:00:00,0.2218699296831375
2025-10-11 10:00:00,0.1827637218945482
2025-10-11 11:00:00,0.17069625938415806
2025-10-11 12:00:00,0.126201811949607
2025-10-11 13:00:00,0.1016014877613409
2025-10-11 14:00:00,0.08117461455639462
2025-10-11 15:00:00,0.07437039825815718
2025-10-11 16:00:00,0.06944927858279445
2025-10-11 17:00:00,0.09974339344987457
2025-10-11 18:00:00,0.10486719460968574
2025-10-11 19:00:00,0.07090457958594219
2025-10-11 20:00:00,0.1315708895299203
2025-10-11 21:00:00,0.08634908114082361
2025-10-11 22:00:00,0.02102925791007662
2025-10-11 23:00:00,0.01
2025-10-12 00:00:00,0.01
2025-10-12 01:00:00,0.01
2025-10-12 02:00:00,0.01
2025-10-12 03:00:00,0.01
2025-10-12 04:00:00,0.01
2025-10-12 05:00:00,0.05268207366017631
2025-10-12 06:00:00,0.09338379490328058
2025-10-12 07:00:00,0.16059113574604963
2025-10-12 08:00:00,0.20291359598799888
2025-10-12 09:00:00,0.20477904410775552
2025-10-12 10:00:00,0.19675741770333788
2025-10-12 11:00:00,0.17115626575268963
2025-10-12 12:00:00,0.13722149901843764
2025-10-12 13:00:00,0.10835923118895571
2025-10-12 14:00:00,0.07162814086891439
2025-10-12 15:00:00,0.07093820708432236
2025-10-12 16:00:00,0.06916591250092
2025-10-12 17:00:00,0.11648381424196458
2025-10-12 18:00:00,0.08184997235881468
2025-10-12 19:00:00,0.13230853240975426
2025-10-12 20:00:00,0.12172991744536216
2025-10-12 21:00:00,0.06564319484685836
2025-10-12 22:00:00,0.01
2025-10-12 23:00:00,0.01
2025-10-13 00:00:00,0.01
2025-10-13 01:00:00,0.01
2025-10-13 02:00:00,0.01
2025-10-13 03:00:00,0.01
2025-10-13 04:00:00,0.023581490359243285
2025-10-13 05:00:00,0.0613572166987936
2025-10-13 06:00:00,0.11464359538078568
2025-10-13 07:00:00,0.18703613295465557
2025-10-13 08:00:00,0.22290573123446056
2025-10-13 09:00:00,0.24421315413765454
2025-10-13 10:00:00,0.21718037261464618
2025-10-13 11:00:00,0.2053726591840519
2025-10-13 12:00:00,0.19263489352562063
2025-10-13 13:00:00,0.14498077560645503
2025-10-13 14:00:00,0.11198879569319944
2025-10-13 15:00:00,0.10411909869373961
2025-10-13 16:00:00,0.1082574859120191
2025-10-13 17:00:00,0.14469910112175138
2025-10-13 18:00:00,0.12919788123544765
2025-10-13 19:00:00,0.14085592433329774
2025-10-13 20:00:00,0.12687555145293344
2025-10-13 21:00:00,0.08782204719772235
2025-10-13 22:00:00,0.03141805932801184
2025-10-13 23:00:00,0.01
2025-10-14 00:00:00,0.01
2025-10-14 01:00:00,0.01
2025-10-14 02:00:00,0.01
2025-10-14 03:00:00,0.01
2025-10-14 04:00:00,0.01
2025-10-14 05:00:00,0.10109367699139526
2025-10-14 06:00:00,0.11258042959395503
2025-10-14 07:00:00,0.1986503380038173
2025-10-14 08:00:00,0.2334264374792783
2025-10-14 09:00:00,0.2250242046247534
2025-10-14 10:00:00,0.23176342668773803
2025-10-14 11:00:00,0.21708033991668818
2025-10-14 12:00:00,0.13054269465106802
2025-10-14 13:00:00,0.14047682669881512
2025-10-14 14:00:00,0.07549845531487169
2025-10-14 15:00:00,0.09256877802335273
2025-10-14 16:00:00,0.13823247271489314
2025-10-14 17:00:00,0.1184501512507502
2025-10-14 18:00:00,0.1211867777752444
2025-10-14 19:00:00,0.1373959120801896
2025-10-14 20:00:00,0.15731357231383222
2025-10-14 21:00:00,0.06806097069846674
2025-10-14 22:00:00,0.036422788188344976
2025-10-14 23:00:00,0.027163869860166626
2025-10-15 00:00:00,0.01
2025-10-15 01:00:00,0.01
2025-10-15 02:00:00,0.01
2025-10-15 03:00:00,0.01
2025-10-15 04:00:00,0.0379134397836626
2025-10-15 05:00:00,0.08579910421360608
2025-10-15 06:00:00,0.12681076867336336
2025-10-15 07:00:00,0.19159517358893907
2025-10-15 08:00:00,0.22409140269175215
2025-10-15 09:00:00,0.24212215687914596
2025-10-15 10:00:00,0.24736436585783858
2025-10-15 11:00:00,0.2112806421533925
2025-10-15 12:00:00,0.1478361627526533
2025-10-15 13:00:00,0.15378492800279164
2025-10-15 14:00:00,0.11779632638606585
2025-10-15 15:00:00,0.11756156368013027
2025-10-15 16:00:00,0.1359949167966037
2025-10-15 17:00:00,0.11070500467497343
2025-10-15 18:00:00,0.13845942022682772
2025-10-15 19:00:00,0.13259498641061726
2025-10-15 20:00:00,0.1029789125269428
2025-10-15 21:00:00,0.10093868073667661
2025-10-15 22:00:00,0.0900676118027472
2025-10-15 23:00:00,0.01
2025-10-16 00:00:00,0.01
2025-10-16 01:00:00,0.01
2025-10-16 02:00:00,0.01
2025-10-16 03:00:00,0.01
2025-10-16 04:00:00,0.01
2025-10-16 05:00:00,0.07932289975110764
2025-10-16 06:00:00,0.12786154346201836
2025-10-16 07:00:00,0.1596979873366639
2025-10-16 08:00:00,0.2446318864249632
2025-10-16 09:00:00,0.25175137381737556
2025-10-16 10:00:00,0.22659045814846734
2025-10-16 11:00:00,0.2017417060692496
2025-10-16 12:00:00,0.18032777330799069
2025-10-16 13:00:00,0.13671877531400242
2025-10-16 14:00:00,0.12687580681712085
2025-10-16 15:00:00,0.10300954293897137
2025-10-16 16:00:00,0.13389275919586646
2025-10-16 17:00:00,0.13240669351649956
2025-10-16 18:00:00,0.1421237822713454
2025-10-16 19:00:00,0.12173208756015762
2025-10-16 20:00:00,0.13101734093178286
2025-10-16 21:00:00,0.08347490652001864
2025-10-16 22:00:00,0.04303622184088601
2025-10-16 23:00:00,0.01
2025-10-17 00:00:00,0.01
2025-10-17 01:00:00,0.01
2025-10-17 02:00:00,0.01
2025-10-17 03:00:00,0.01
2025-10-17 04:00:00,0.01
2025-10-17 05:00:00,0.07713041254479629
2025-10-17 06:00:00,0.12004089642832352
2025-10-17 07:00:00,0.18234189744251397
2025-10-17 08:00:00,0.2131716060551363
2025-10-17 09:00:00,0.256199854305496
2025-10-17 10:00:00,0.22010260601330245
2025-10-17 11:00:00,0.21456178344070204
2025-10-17 12:00:00,0.17350532415021275
2025-10-17 13:00:00,0.16813876943303072
2025-10-17 14:00:00,0.09135438783773298
2025-10-17 15:00:00,0.12659078223800882
2025-10-17 16:00:00,0.13164012386239587
2025-10-17 17:00:00,0.11322473274623149
2025-10-17 18:00:00,0.15455051085348237
2025-10-17 19:00:00,0.14605568602535923
2025-10-17 20:00:00,0.12353136690708383
2025-10-17 21:00:00,0.08382570566698312
2025-10-17 22:00:00,0.04205432865620337
2025-10-17 23:00:00,0.036098109614267126
2025-10-18 00:00:00,0.01
2025-10-18 01:00:00,0.01
2025-10-18 02:00:00,0.01
2025-10-18 03:00:00,0.01
2025-10-18 04:00:00,0.01
2025-10-18 05:00:00,0.03106271098687964
2025-10-18 06:00:00,0.10846005215182564
2025-10-18 07:00:00,0.16853247963057313
2025-10-18 08:00:00,0.20385884769800547
2025-10-18 09:00:00,0.21016444279765
2025-10-18 10:00:00,0.20722809576528745
2025-10-18 11:00:00,0.18417367763657871
2025-10-18 12:00:00,0.15070782185229467
2025-10-18 13:00:00,0.09404187888546123
2025-10-18 14:00:00,0.08452847257991662
2025-10-18 15:00:00,0.10086847443338065
2025-10-18 16:00:00,0.1031079664840128
2025-10-18 17:00:00,0.08247727140844079
2025-10-18 18:00:00,0.11996045717568776
2025-10-18 19:00:00,0.0865848807033634
2025-10-18 20:00:00,0.10289228220131023
2025-10-18 21:00:00,0.09989599108677252
2025-10-18 22:00:00,0.013867327532926077
2025-10-18 23:00:00,0.01
2025-10-19 00:00:00,0.01
2025-10-19 01:00:00,0.01
2025-10-19 02:00:00,0.01
2025-10-19 03:00:00,0.01
2025-10-19 04:00:00,0.01
2025-10-19 05:00:00,0.04802571986682566
2025-10-19 06:00:00,0.12610995983996784
2025-10-19 07:00:00,0.1746041752323757
2025-10-19 08:00:00,0.20644945012967333
2025-10-19 09:00:00,0.2080229233986794
2025-10-19 10:00:00,0.20710063129272052
2025-10-19 11:00:00,0.17218376661265278
2025-10-19 12:00:00,0.14681425833412912
2025-10-19 13:00:00,0.10163387115354656
2025-10-19 14:00:00,0.08631117994799307
2025-10-19 15:00:00,0.06835658013178397
2025-10-19 16:00:00,0.08942206003514877
2025-10-19 17:00:00,0.09116406574106169
2025-10-19 18:00:00,0.09823647743281244
2025-10-19 19:00:00,0.12039709217665398
2025-10-19 20:00:00,0.1056382708231072
2025-10-19 21:00:00,0.08343150737464906
2025-10-19 22:00:00,0.02187775026317204
2025-10-19 23:00:00,0.01
2025-10-20 00:00:00,0.01
2025-10-20 01:00:00,0.01
2025-10-20 02:00:00,0.01
2025-10-20 03:00:00,0.01
2025-10-20 04:00:00,0.020682285069462764
2025-10-20 05:00:00,0.07694595312200991
2025-10-20 06:00:00,0.10892301575307659
2025-10-20 07:00:00,0.19596133478233002
2025-10-20 08:00:00,0.26090814621960146
2025-10-20 09:00:00,0.23298217499977575
2025-10-20 10:00:00,0.2159015645392569
2025-10-20 11:00:00,0.20491299165322066
2025-10-20 12:00:00,0.16990585378564146
2025-10-20 13:00:00,0.152251885454963
2025-10-20 14:00:00,0.09545469866845341
2025-10-20 15:00:00,0.11944965725208961
2025-10-20 16:00:00,0.12407651154741482
2025-10-20 17:00:00,0.1264698870847867
2025-10-20 18:00:00,0.14530049039746823
2025-10-20 19:00:00,0.15723204362619905
2025-10-20 20:00:00,0.1408049113290696
2025-10-20 21:00:00,0.07981611811271509
2025-10-20 22:00:00,0.0659200130515313
2025-10-20 23:00:00,0.01
2025-10-21 00:00:00,0.01
2025-10-21 01:00:00,0.01
2025-10-21 02:00:00,0.01
2025-10-21 03:00:00,0.01
2025-10-21 04:00:00,0.014251427705167047
2025-10-21 05:00:00,0.06033210066690563
2025-10-21 06:00:00,0.1346042492633593
2025-10-21 07:00:00,0.19652142764914732
2025-10-21 08:00:00,0.24644541886736096
2025-10-21 09:00:00,0.2477162007796254
2025-10-21 10:00:00,0.21435170830014344
2025-10-21 11:00:00,0.23687762848199542
2025-10-21 12:00:00,0.16947882676757495
2025-10-21 13:00:00,0.1537787355179644
2025-10-21 14:00:00,0.11233402097769067
2025-10-21 15:00:00,0.11676635860830883
2025-10-21 16:00:00,0.1280992246706813
2025-10-21 17:00:00,0.14716202228947112
2025-10-21 18:00:00,0.15636772168357863
2025-10-21 19:00:00,0.15516015287758075
2025-10-21 20:00:00,0.12328089613499359
2025-10-21 21:00:00,0.08867223363874246
2025-10-21 22:00:00,0.058893769379324376
2025-10-21 23:00:00,0.02041153555911454
2025-10-22 00:00:00,0.01
2025-10-22 01:00:00,0.01
2025-10-22 02:00:00,0.01
2025-10-22 03:00:00,0.01
2025-10-22 04:00:00,0.01
2025-10-22 05:00:00,0.07532060816502162
2025-10-22 06:00:00,0.14542232858169168
2025-10-22 07:00:00,0.18627344314643293
2025-10-22 08:00:00,0.24859117874186087
2025-10-22 09:00:00,0.24533172488411817
2025-10-22 10:00:00,0.22800238466090872
2025-10-22 11:00:00,0.17836207832973264
2025-10-22 12:00:00,0.14607090131244116
2025-10-22 13:00:00,0.13916395465815476
2025-10-22 14:00:00,0.08292174454497507
2025-10-22 15:00:00,0.12425647253833669
2025-10-22 16:00:00,0.11343583089326895
2025-10-22 17:00:00,0.17783643761302678
2025-10-22 18:00:00,0.17542688231809542
2025-10-22 19:00:00,0.13965640329372184
2025-10-22 20:00:00,0.126713083520884
2025-10-22 21:00:00,0.11248308843406234
2025-10-22 22:00:00,0.07975318732918049
2025-10-22 23:00:00,0.01
2025-10-23 00:00:00,0.01
2025-10-23 01:00:00,0.01
2025-10-23 02:00:00,0.01
2025-10-23 03:00:00,0.01
2025-10-23 04:00:00,0.03216948764579791
2025-10-23 05:00:00,0.05974554838530846
2025-10-23 06:00:00,0.10638075787650703
2025-10-23 07:00:00,0.2073269385446573
2025-10-23 08:00:00,0.21619997172656163
2025-10-23 09:00:00,0.20900818125769824
2025-10-23 10:00:00,0.2299014123888748
2025-10-23 11:00:00,0.21211313377322716
2025-10-23 12:00:00,0.16429205883922104
2025-10-23 13:00:00,0.12839586737337677
2025-10-23 14:00:00,0.11283502271729545
2025-10-23 15:00:00,0.1038229472198503
2025-10-23 16:00:00,0.09590220914193767
2025-10-23 17:00:00,0.11878461017643574
2025-10-23 18:00:00,0.1489421143962474
2025-10-23 19:00:00,0.14751809471526853
2025-10-23 20:00:00,0.13114381291054245
2025-10-23 21:00:00,0.08293691575841765
2025-10-23 22:00:00,0.05179782801056135
2025-10-23 23:00:00,0.01
2025-10-24 00:00:00,0.01
2025-10-24 01:00:00,0.01
2025-10-24 02:00:00,0.01
2025-10-24 03:00:00,0.01
2025-10-24 04:00:00,0.021388037294820195
2025-10-24 05:00:00,0.09686217062032844
2025-10-24 06:00:00,0.13472806636966603
2025-10-24 07:00:00,0.1844014904692648
2025-10-24 08:00:00,0.19941758847792698
2025-10-24 09:00:00,0.24116559095627751
2025-10-24 10:00:00,0.2586851165947683
2025-10-24 11:00:00,0.2047043951725452
2025-10-24 12:00:00,0.16611725092641258
2025-10-24 13:00:00,0.14042334762074699
2025-10-24 14:00:00,0.1153875959333831
2025-10-24 15:00:00,0.09751499286508819
2025-10-24 16:00:00,0.12880063434933384
2025-10-24 17:00:00,0.1332197629710966
2025-10-24 18:00:00,0.14171563439317314
2025-10-24 19:00:00,0.12839094597857537
2025-10-24 20:00:00,0.14850405459318963
2025-10-24 21:00:00,0.10816320395934306
2025-10-24 22:00:00,0.04655508267521492
2025-10-24 23:00:00,0.0223862257904906
2025-10-25 00:00:00,0.01
2025-10-25 01:00:00,0.01
2025-10-25 02:00:00,0.01
2025-10-25 03:00:00,0.01
2025-10-25 04:00:00,0.01
2025-10-25 05:00:00,0.02594452290540597
2025-10-25 06:00:00,0.09836694312174687
2025-10-25 07:00:00,0.13899359024864028
2025-10-25 08:00:00,0.2030025551988699
2025-10-25 09:00:00,0.21270137708914288
2025-10-25 10:00:00,0.19849569777138173
2025-10-25 11:00:00,0.1602475177995815
2025-10-25 12:00:00,0.12421009428918373
2025-10-25 13:00:00,0.11789982588900585
2025-10-25 14:00:00,0.08263786199354987
2025-10-25 15:00:00,0.08979774824859735
2025-10-25 16:00:00,0.07851487029886998
2025-10-25 17:00:00,0.10789144624255159
2025-10-25 18:00:00,0.1363427711504743
2025-10-25 19:00:00,0.12715608837020592
2025-10-25 20:00:00,0.0981073933174861
2025-10-25 21:00:00,0.07739281231125038
2025-10-25 22:00:00,0.02658108259433631
2025-10-25 23:00:00,0.01
2025-10-26 00:00:00,0.01
2025-10-26 01:00:00,0.01
2025-10-26 02:00:00,0.01
2025-10-26 03:00:00,0.01
2025-10-26 04:00:00,0.01
2025-10-26 05:00:00,0.032939266542147946
2025-10-26 06:00:00,0.09314524279231254
2025-10-26 07:00:00,0.15222387877064597
2025-10-26 08:00:00,0.2070412469619301
2025-10-26 09:00:00,0.20192008002997758
2025-10-26 10:00:00,0.21145606670177852
2025-10-26 11:00:00,0.17676259822006343
2025-10-26 12:00:00,0.1126217461582974
2025-10-26 13:00:00,0.12111462046826746
2025-10-26 14:00:00,0.10341382942218771
2025-10-26 15:00:00,0.07050014207216726
2025-10-26 16:00:00,0.09845218250329307
2025-10-26 17:00:00,0.09268374030898224
2025-10-26 18:00:00,0.11861436501109324
2025-10-26 19:00:00,0.09975183402912455
2025-10-26 20:00:00,0.07775271257184951
2025-10-26 21:00:00,0.06814827868085181
2025-10-26 22:00:00,0.028690834787301847
2025-10-26 23:00:00,0.01
2025-10-27 00:00:00,0.01
2025-10-27 01:00:00,0.01
2025-10-27 02:00:00,0.01
2025-10-27 03:00:00,0.01
2025-10-27 04:00:00,0.02025597197637602
2025-10-27 05:00:00,0.06908482400032226
2025-10-27 06:00:00,0.16009422523813022
2025-10-27 07:00:00,0.1782096662631511
2025-10-27 08:00:00,0.23733186097368858
2025-10-27 09:00:00,0.2584094063142749
2025-10-27 10:00:00,0.23633461828706515
2025-10-27 11:00:00,0.1985731757403222
2025-10-27 12:00:00,0.15959400081744315
2025-10-27 13:00:00,0.1522004486281556
2025-10-27 14:00:00,0.09527637301690661
2025-10-27 15:00:00,0.09622536544651505
2025-10-27 16:00:00,0.11155509003501202
2025-10-27 17:00:00,0.14946516739031984
2025-10-27 18:00:00,0.1482149710580013
2025-10-27 19:00:00,0.129567770913315
2025-10-27 20:00:00,0.12536384093661426
2025-10-27 21:00:00,0.09004483652112157
2025-10-27 22:00:00,0.04526908125544099
2025-10-27 23:00:00,0.023109217266832793
2025-10-28 00:00:00,0.01
2025-10-28 01:00:00,0.01
2025-10-28 02:00:00,0.01
2025-10-28 03:00:00,0.01
2025-10-28 04:00:00,0.01095683999664368
2025-10-28 05:00:00,0.07726991738058385
2025-10-28 06:00:00,0.12140365545915188
2025-10-28 07:00:00,0.18836480636510547
2025-10-28 08:00:00,0.23780575539166982
2025-10-28 09:00:00,0.2605044620062312
2025-10-28 10:00:00,0.21289612080342968
2025-10-28 11:00:00,0.1965109262511504
2025-10-28 12:00:00,0.16563144437353475
2025-10-28 13:00:00,0.11610477198920921
2025-10-28 14:00:00,0.12587371168184244
2025-10-28 15:00:00,0.1002998505357053
2025-10-28 16:00:00,0.11497007740936721
2025-10-28 17:00:00,0.12450359660859645
2025-10-28 18:00:00,0.13106085509122747
2025-10-28 19:00:00,0.14436525866839509
2025-10-28 20:00:00,0.1271667889985022
2025-10-28 21:00:00,0.09406429160802074
2025-10-28 22:00:00,0.0453714679733736
2025-10-28 23:00:00,0.013601220109860174
2025-10-29 00:00:00,0.01
2025-10-29 01:00:00,0.01
2025-10-29 02:00:00,0.01
2025-10-29 03:00:00,0.01
2025-10-29 04:00:00,0.020663046092238346
2025-10-29 05:00:00,0.06345419520801374
2025-10-29 06:00:00,0.1211427505898533
2025-10-29 07:00:00,0.18553986318503124
2025-10-29 08:00:00,0.2486751145190354
2025-10-29 09:00:00,0.25570944533536416
2025-10-29 10:00:00,0.2335442357120917
2025-10-29 11:00:00,0.17939869873338968
2025-10-29 12:00:00,0.1653524147320128
2025-10-29 13:00:00,0.14196280198143177
2025-10-29 14:00:00,0.12003220832495466
2025-10-29 15:00:00,0.08389849358544249
2025-10-29 16:00:00,0.10494185678253373
2025-10-29 17:00:00,0.13071736255085312
2025-10-29 18:00:00,0.1513409881455897
2025-10-29 19:00:00,0.11192470795991347
2025-10-29 20:00:00,0.12836476487063392
2025-10-29 21:00:00,0.10218358321619425
2025-10-29 22:00:00,0.0694382639521312
2025-10-29 23:00:00,0.019596905637486617
2025-10-30 00:00:00,0.01
2025-10-30 01:00:00,0.01
2025-10-30 02:00:00,0.01
2025-10-30 03:00:00,0.01
2025-10-30 04:00:00,0.03372989212091623
2025-10-30 05:00:00,0.10122532814540222
2025-10-30 06:00:00,0.15436365127725463
2025-10-30 07:00:00,0.2034793368788988
2025-10-30 08:00:00,0.2369000094685773
2025-10-30 09:00:00,0.23352621694386377
2025-10-30 10:00:00,0.22835705071792742
2025-10-30 11:00:00,0.22783404025908963
2025-10-30 12:00:00,0.1545670446559097
2025-10-30 13:00:00,0.16206777394850952
2025-10-30 14:00:00,0.11297753280385084
2025-10-30 15:00:00,0.1318456692140359
2025-10-30 16:00:00,0.09760318960032477
2025-10-30 17:00:00,0.14087588227050962
2025-10-30 18:00:00,0.13265386270357352
2025-10-30 19:00:00,0.12404640763750586
2025-10-30 20:00:00,0.134483425378952
2025-10-30 21:00:00,0.11558871873690552
2025-10-30 22:00:00,0.044428752785441575
2025-10-30 23:00:00,0.01
2025-10-31 00:00:00,0.01
2025-10-31 01:00:00,0.01
2025-10-31 02:00:00,0.01
2025-10-31 03:00:00,0.01
2025-10-31 04:00:00,0.01823595454443272
2025-10-31 05:00:00,0.10857782747518202
2025-10-31 06:00:00,0.14749070343154952
2025-10-31 07:00:00,0.1922645944675016
2025-10-31 08:00:00,0.20745367187697772
2025-10-31 09:00:00,0.23834987286126527
2025-10-31 10:00:00,0.225683918460797
2025-10-31 11:00:00,0.217624336836649
2025-10-31 12:00:00,0.17606443662452298
2025-10-31 13:00:00,0.12057732278410481
2025-10-31 14:00:00,0.12081353843812959
2025-10-31 15:00:00,0.12245892267427783
2025-10-31 16:00:00,0.14204765265433764
2025-10-31 17:00:00,0.14582164628498306
2025-10-31 18:00:00,0.15553988207819233
2025-10-31 19:00:00,0.14659847295632844
2025-10-31 20:00:00,0.13745186234487186
2025-10-31 21:00:00,0.11961098293929068
2025-10-31 22:00:00,0.03753298092288157
2025-10-31 23:00:00,0.01
2025-11-01 00:00:00,0.01
2025-11-01 01:00:00,0.01
2025-11-01 02:00:00,0.01
2025-11-01 03:00:00,0.01
2025-11-01 04:00:00,0.01
2025-11-01 05:00:00,0.04999658640059071
2025-11-01 06:00:00,0.13326390806647095
2025-11-01 07:00:00,0.180960060424543
2025-11-01 08:00:00,0.21348459580336848
2025-11-01 09:00:00,0.21352448596058032
2025-11-01 10:00:00,0.18697888142135694
2025-11-01 11:00:00,0.18638379953948367
2025-11-01 12:00:00,0.1320475749356905
2025-11-01 13:00:00,0.14646393043199063
2025-11-01 14:00:00,0.10222195058997147
2025-11-01 15:00:00,0.07911085038272245
2025-11-01 16:00:00,0.08539102337538043
2025-11-01 17:00:00,0.10654954349725806
2025-11-01 18:00:00,0.11596927325588363
2025-11-01 19:00:00,0.13788430949274
2025-11-01 20:00:00,0.10985804463237053
2025-11-01 21:00:00,0.06532855316776008
2025-11-01 22:00:00,0.06131587198510277
2025-11-01 23:00:00,0.01
2025-11-02 00:00:00,0.01
2025-11-02 01:00:00,0.01
2025-11-02 02:00:00,0.01
2025-11-02 03:00:00,0.01
2025-11-02 04:00:00,0.01
2025-11-02 05:00:00,0.08685636757028113
2025-11-02 06:00:00,0.13936881233746182
2025-11-02 07:00:00,0.16738502547551876
2025-11-02 08:00:00,0.19097509931678577
2025-11-02 09:00:00,0.22338515303316453
2025-11-02 10:00:00,0.20791215129328344
2025-11-02 11:00:00,0.18443676228097888
2025-11-02 12:00:00,0.14788280636653497
2025-11-02 13:00:00,0.12174343760828643
2025-11-02 14:00:00,0.11582127129294459
2025-11-02 15:00:00,0.09678946633537516
2025-11-02 16:00:00,0.07926431293997449
2025-11-02 17:00:00,0.12882949272456246
2025-11-02 18:00:00,0.14461836387594795
2025-11-02 19:00:00,0.16885999721488573
2025-11-02 20:00:00,0.09065673492502963
2025-11-02 21:00:00,0.08039360278605588
2025-11-02 22:00:00,0.01
2025-11-02 23:00:00,0.01
2025-11-03 00:00:00,0.01
2025-11-03 01:00:00,0.01
2025-11-03 02:00:00,0.01
2025-11-03 03:00:00,0.01
2025-11-03 04:00:00,0.01340012360773829
2025-11-03 05:00:00,0.05245485863976694
2025-11-03 06:00:00,0.15673557153588574
2025-11-03 07:00:00,0.16782664381851622
2025-11-03 08:00:00,0.23339594343602343
2025-11-03 09:00:00,0.21246448582292077
2025-11-03 10:00:00,0.22726715302867034
2025-11-03 11:00:00,0.2292123346842509
2025-11-03 12:00:00,0.17587879808981302
2025-11-03 13:00:00,0.126657352988876
2025-11-03 14:00:00,0.1191035677626337
2025-11-03 15:00:00,0.11399810563376465
2025-11-03 16:00:00,0.12755853490592717
2025-11-03 17:00:00,0.11334810877931573
2025-11-03 18:00:00,0.15435758882598608
2025-11-03 19:00:00,0.10647320601781529
2025-11-03 20:00:00,0.12352081143281891
2025-11-03 21:00:00,0.09488619924668107
2025-11-03 22:00:00,0.06836644173090084
2025-11-03 23:00:00,0.011715959879522397
2025-11-04 00:00:00,0.01
2025-11-04 01:00:00,0.01
2025-11-04 02:00:00,0.01
2025-11-04 03:00:00,0.01
2025-11-04 04:00:00,0.012254607037173404
2025-11-04 05:00:00,0.07534705732877783
2025-11-04 06:00:00,0.15638398863909894
2025-11-04 07:00:00,0.19150988988275636
2025-11-04 08:00:00,0.23212010002127348
2025-11-04 09:00:00,0.2766531009054054
2025-11-04 10:00:00,0.21118876950689464
2025-11-04 11:00:00,0.17725641033699654
2025-11-04 12:00:00,0.18269531365368874
2025-11-04 13:00:00,0.12990250010737198
2025-11-04 14:00:00,0.11527044614401417
2025-11-04 15:00:00,0.10248289584456477
2025-11-04 16:00:00,0.11704446657019693
2025-11-04 17:00:00,0.15830144487340678
2025-11-04 18:00:00,0.15797339556098142
2025-11-04 19:00:00,0.1604448221335951
2025-11-04 20:00:00,0.1121980628448199
2025-11-04 21:00:00,0.08541538979859473
2025-11-04 22:00:00,0.016752748410984397
2025-11-04 23:00:00,0.01
2025-11-05 00:00:00,0.01
2025-11-05 01:00:00,0.01
2025-11-05 02:00:00,0.01
2025-11-05 03:00:00,0.01
2025-11-05 04:00:00,0.011092889196248179
2025-11-05 05:00:00,0.08611565106065396
2025-11-05 06:00:00,0.1579143465270885
2025-11-05 07:00:00,0.17552168031780715
2025-11-05 08:00:00,0.23842088765243946
2025-11-05 09:00:00,0.2585752788016869
2025-11-05 10:00:00,0.2268022083788726
2025-11-05 11:00:00,0.21602926414559484
2025-11-05 12:00:00,0.21364598900196757
2025-11-05 13:00:00,0.1390017077851498
2025-11-05 14:00:00,0.126428318463403
2025-11-05 15:00:00,0.10361408891478027
2025-11-05 16:00:00,0.12414493977391003
2025-11-05 17:00:00,0.14171215121986588
2025-11-05 18:00:00,0.14934880743893136
2025-11-05 19:00:00,0.13270074331282727
2025-11-05 20:00:00,0.137021598904761
2025-11-05 21:00:00,0.12510033858082198
2025-11-05 22:00:00,0.06655316842415337
2025-11-05 23:00:00,0.026763397542050163
2025-11-06 00:00:00,0.01
2025-11-06 01:00:00,0.01
2025-11-06 02:00:00,0.01
2025-11-06 03:00:00,0.01
2025-11-06 04:00:00,0.026700862121615057
2025-11-06 05:00:00,0.0686656925877752
2025-11-06 06:00:00,0.13742984292636007
2025-11-06 07:00:00,0.2030967814531025
2025-11-06 08:00:00,0.2388817111503338
2025-11-06 09:00:00,0.22724714347596267
2025-11-06 10:00:00,0.24933537399581898
2025-11-06 11:00:00,0.21459572385304587
2025-11-06 12:00:00,0.1613521205154687
2025-11-06 13:00:00,0.11799995244796824
2025-11-06 14:00:00,0.11885201874185435
2025-11-06 15:00:00,0.10849266417653641
2025-11-06 16:00:00,0.1236201539054273
2025-11-06 17:00:00,0.1298582016425505
2025-11-06 18:00:00,0.11681119413845681
2025-11-06 19:00:00,0.1426678437486954
2025-11-06 20:00:00,0.12983876038360723
2025-11-06 21:00:00,0.11316918958642098
2025-11-06 22:00:00,0.04984751155202237
2025-11-06 23:00:00,0.0380105845213137
2025-11-07 00:00:00,0.01
2025-11-07 01:00:00,0.01
2025-11-07 02:00:00,0.01
2025-11-07 03:00:00,0.01
2025-11-07 04:00:00,0.02362896785214713
2025-11-07 05:00:00,0.10114337412139612
2025-11-07 06:00:00,0.14162151612297397
2025-11-07 07:00:00,0.18428644900768393
2025-11-07 08:00:00,0.25623950990033206
2025-11-07 09:00:00,0.2438923193055217
2025-11-07 10:00:00,0.2373578630740732
2025-11-07 11:00:00,0.22504580693084492
2025-11-07 12:00:00,0.15695261695984963
2025-11-07 13:00:00,0.15050498640092894
2025-11-07 14:00:00,0.11268606462276666
2025-11-07 15:00:00,0.11370817809142245
2025-11-07 16:00:00,0.1235161300720305
2025-11-07 17:00:00,0.11331052217981416
2025-11-07 18:00:00,0.13574938994895966
2025-11-07 19:00:00,0.1692680397510441
2025-11-07 20:00:00,0.14822481342003807
2025-11-07 21:00:00,0.10323357909653579
2025-11-07 22:00:00,0.06447625709051572
2025-11-07 23:00:00,0.01
2025-11-08 00:00:00,0.01
2025-11-08 01:00:00,0.01
2025-11-08 02:00:00,0.01
2025-11-08 03:00:00,0.01
2025-11-08 04:00:00,0.01
2025-11-08 05:00:00,0.08295265041936245
2025-11-08 06:00:00,0.09999579601601047
2025-11-08 07:00:00,0.20073115892293808
2025-11-08 08:00:00,0.2048625834028815
2025-11-08 09:00:00,0.21747481934726953
2025-11-08 10:00:00,0.18120510497286085
2025-11-08 11:00:00,0.17522337903040255
2025-11-08 12:00:00,0.13235561919675787
2025-11-08 13:00:00,0.10797869932663295
2025-11-08 14:00:00,0.09499559305377181
2025-11-08 15:00:00,0.10557836421407658
2025-11-08 16:00:00,0.10106676743317053
2025-11-08 17:00:00,0.11594977147342989
2025-11-08 18:00:00,0.10651992632947771
2025-11-08 19:00:00,0.11131140659170102
2025-11-08 20:00:00,0.13743359243743078
2025-11-08 21:00:00,0.06866592880589059
2025-11-08 22:00:00,0.06119330056457675
2025-11-08 23:00:00,0.01
2025-11-09 00:00:00,0.01
2025-11-09 01:00:00,0.01
2025-11-09 02:00:00,0.01
2025-11-09 03:00:00,0.01
2025-11-09 04:00:00,0.01
2025-11-09 05:00:00,0.059264496208375914
2025-11-09 06:00:00,0.12855457036994297
2025-11-09 07:00:00,0.1901885725435925
2025-11-09 08:00:00,0.21104865533137346
2025-11-09 09:00:00,0.23093108531929615
2025-11-09 10:00:00,0.2346631438089692
2025-11-09 11:00:00,0.18829743425933979
2025-11-09 12:00:00,0.1531600002865329
2025-11-09 13:00:00,0.09484222241518411
2025-11-09 14:00:00,0.058126795772469125
2025-11-09 15:00:00,0.09756961621973559
2025-11-09 16:00:00,0.09706284397724813
2025-11-09 17:00:00,0.1041453718329921
2025-11-09 18:00:00,0.1271381605092564
2025-11-09 19:00:00,0.12414915228208842
2025-11-09 20:00:00,0.12790191120596967
2025-11-09 21:00:00,0.08151809763552402
2025-11-09 22:00:00,0.025678817791964875
2025-11-09 23:00:00,0.01
2025-11-10 00:00:00,0.01
2025-11-10 01:00:00,0.01
2025-11-10 02:00:00,0.01
2025-11-10 03:00:00,0.01
2025-11-10 04:00:00,0.025291782108588526
2025-11-10 05:00:00,0.0858397837987063
2025-11-10 06:00:00,0.1562266641863056
2025-11-10 07:00:00,0.1983333821502419
2025-11-10 08:00:00,0.20898386189924711
2025-11-10 09:00:00,0.24070023380446492
2025-11-10 10:00:00,0.2475390760414042
2025-11-10 11:00:00,0.2036612000960633
2025-11-10 12:00:00,0.17033350761808488
2025-11-10 13:00:00,0.15796558358946608
2025-11-10 14:00:00,0.11245220062536312
2025-11-10 15:00:00,0.09414598321698148
2025-11-10 16:00:00,0.12161979186292068
2025-11-10 17:00:00,0.13014855389732408
2025-11-10 18:00:00,0.1345355638595043
2025-11-10 19:00:00,0.14796858259090356
2025-11-10 20:00:00,0.14390184336450484
2025-11-10 21:00:00,0.10563115739746401
2025-11-10 22:00:00,0.06703143436765284
2025-11-10 23:00:00,0.042137791504627695
2025-11-11 00:00:00,0.01
2025-11-11 01:00:00,0.01
2025-11-11 02:00:00,0.01
2025-11-11 03:00:00,0.01
2025-11-11 04:00:00,0.01581109477480533
2025-11-11 05:00:00,0.07902142649299447
2025-11-11 06:00:00,0.15497684653927876
2025-11-11 07:00:00,0.2381546561706682
2025-11-11 08:00:00,0.22634405803193425
2025-11-11 09:00:00,0.24149791339432758
2025-11-11 10:00:00,0.23524040475784702
2025-11-11 11:00:00,0.2146142749356249
2025-11-11 12:00:00,0.17853797175539365
2025-11-11 13:00:00,0.16298682383036756
2025-11-11 14:00:00,0.08729136889648763
2025-11-11 15:00:00,0.08203953435795865
2025-11-11 16:00:00,0.11714653699591965
2025-11-11 17:00:00,0.15442611689947955
2025-11-11 18:00:00,0.12609998910198794
2025-11-11 19:00:00,0.10604022525424636
2025-11-11 20:00:00,0.14565240066936
2025-11-11 21:00:00,0.10998079509679073
2025-11-11 22:00:00,0.04662904309563662
2025-11-11 23:00:00,0.01
2025-11-12 00:00:00,0.01
2025-11-12 01:00:00,0.01
2025-11-12 02:00:00,0.01
2025-11-12 03:00:00,0.01
2025-11-12 04:00:00,0.01
2025-11-12 05:00:00,0.07391671312800317
2025-11-12 06:00:00,0.1332605862015065
2025-11-12 07:00:00,0.19964009523366982
2025-11-12 08:00:00,0.22958067923782016
2025-11-12 09:00:00,0.2602816357160964
2025-11-12 10:00:00,0.20886388441871526
2025-11-12 11:00:00,0.20992635038904034
2025-11-12 12:00:00,0.18352644196334786
2025-11-12 13:00:00,0.17214178450867548
2025-11-12 14:00:00,0.117027446427214
2025-11-12 15:00:00,0.12327704751528187
2025-11-12 16:00:00,0.09809345372673678
2025-11-12 17:00:00,0.10265395706072894
2025-11-12 18:00:00,0.16282301125189777
2025-11-12 19:00:00,0.15163799198403202
2025-11-12 20:00:00,0.15532908596214856
2025-11-12 21:00:00,0.08629157944580416
2025-11-12 22:00:00,0.07134738732965971
2025-11-12 23:00:00,0.04409108059442332
2025-11-13 00:00:00,0.01
2025-11-13 01:00:00,0.01
2025-11-13 02:00:00,0.01
2025-11-13 03:00:00,0.01
2025-11-13 04:00:00,0.04606274288745592
2025-11-13 05:00:00,0.07818437974447265
2025-11-13 06:00:00,0.15829639769754597
2025-11-13 07:00:00,0.18061744404731686
2025-11-13 08:00:00,0.220537253884184
2025-11-13 09:00:00,0.27041804324262186
2025-11-13 10:00:00,0.23212215489587695
2025-11-13 11:00:00,0.2316208636213457
2025-11-13 12:00:00,0.17455568896592297
2025-11-13 13:00:00,0.11724135960250677
2025-11-13 14:00:00,0.1382127032262204
2025-11-13 15:00:00,0.11013953692028847
2025-11-13 16:00:00,0.13620948105455638
2025-11-13 17:00:00,0.139489216375154
2025-11-13 18:00:00,0.12758237543265769
2025-11-13 19:00:00,0.15476357110594008
2025-11-13 20:00:00,0.17117249598409268
2025-11-13 21:00:00,0.11486517289469575
2025-11-13 22:00:00,0.06326384217827494
2025-11-13 23:00:00,0.03276671725224746
2025-11-14 00:00:00,0.01
2025-11-14 01:00:00,0.01
2025-11-14 02:00:00,0.01
2025-11-14 03:00:00,0.01
2025-11-14 04:00:00,0.04184944933145854
2025-11-14 05:00:00,0.07539496129345193
2025-11-14 06:00:00,0.1726852354039086
2025-11-14 07:00:00,0.20327601751711244
2025-11-14 08:00:00,0.22550125541212623
2025-11-14 09:00:00,0.2644448626414957
2025-11-14 10:00:00,0.23361842492757423
2025-11-14 11:00:00,0.2218031040264028
2025-11-14 12:00:00,0.17194141860132633
2025-11-14 13:00:00,0.14456108327732975
2025-11-14 14:00:00,0.13282374152866264
2025-11-14 15:00:00,0.12394002678387633
2025-11-14 16:00:00,0.09638482137842831
2025-11-14 17:00:00,0.12288104649404055
2025-11-14 18:00:00,0.16525894785706663
2025-11-14 19:00:00,0.15090575002526202
2025-11-14 20:00:00,0.13096182854363303
2025-11-14 21:00:00,0.08768041502152042
2025-11-14 22:00:00,0.04851921288762283
2025-11-14 23:00:00,0.01
2025-11-15 00:00:00,0.01
2025-11-15 01:00:00,0.01
2025-11-15 02:00:00,0.01
2025-11-15 03:00:00,0.01
2025-11-15 04:00:00,0.01
2025-11-15 05:00:00,0.09493323335880834
2025-11-15 06:00:00,0.10423891759246304
2025-11-15 07:00:00,0.19764169432950404
2025-11-15 08:00:00,0.2290136923011373
2025-11-15 09:00:00,0.21339336119774838
2025-11-15 10:00:00,0.2165682485831456
2025-11-15 11:00:00,0.17914525277475385
2025-11-15 12:00:00,0.15470249759219235
2025-11-15 13:00:00,0.14369481143205343
2025-11-15 14:00:00,0.11010380275382482
2025-11-15 15:00:00,0.10280506731923475
2025-11-15 16:00:00,0.09546252908659161
2025-11-15 17:00:00,0.09303822342229828
2025-11-15 18:00:00,0.12379014572780515
2025-11-15 19:00:00,0.14658629198245082
2025-11-15 20:00:00,0.09150965103706651
2025-11-15 21:00:00,0.06783205552843899
2025-11-15 22:00:00,0.042208644550978475
2025-11-15 23:00:00,0.01
2025-11-16 00:00:00,0.01
2025-11-16 01:00:00,0.01
2025-11-16 02:00:00,0.01
2025-11-16 03:00:00,0.01
2025-11-16 04:00:00,0.013078502399227254
2025-11-16 05:00:00,0.04453463240370112
2025-11-16 06:00:00,0.10355900162999507
2025-11-16 07:00:00,0.1714105187484942
2025-11-16 08:00:00,0.2260064161850653
2025-11-16 09:00:00,0.22273583992995194
2025-11-16 10:00:00,0.20716090785412725
2025-11-16 11:00:00,0.18728504823905856
2025-11-16 12:00:00,0.12634147215452288
2025-11-16 13:00:00,0.12908834579911704
2025-11-16 14:00:00,0.10738114949691618
2025-11-16 15:00:00,0.08964622937080369
2025-11-16 16:00:00,0.1176159513243639
2025-11-16 17:00:00,0.09899654667337411
2025-11-16 18:00:00,0.1444457185462212
2025-11-16 19:00:00,0.13141448940492725
2025-11-16 20:00:00,0.10997879479924502
2025-11-16 21:00:00,0.08397020628207112
2025-11-16 22:00:00,0.039315571781809694
2025-11-16 23:00:00,0.011738744464776657
2025-11-17 00:00:00,0.01
2025-11-17 01:00:00,0.01
2025-11-17 02:00:00,0.01
2025-11-17 03:00:00,0.01
2025-11-17 04:00:00,0.041655357798790496
2025-11-17 05:00:00,0.1152569968736952
2025-11-17 06:00:00,0.14712043623469212
2025-11-17 07:00:00,0.21670160633153118
2025-11-17 08:00:00,0.22334197741871872
2025-11-17 09:00:00,0.26263094451232144
2025-11-17 10:00:00,0.24274126180706201
2025-11-17 11:00:00,0.21933551850012667
2025-11-17 12:00:00,0.16846378055828573
2025-11-17 13:00:00,0.12237178775038296
2025-11-17 14:00:00,0.13479868298850306
2025-11-17 15:00:00,0.09045508718644668
2025-11-17 16:00:00,0.12338710425517861
2025-11-17 17:00:00,0.15564699414536823
2025-11-17 18:00:00,0.1560258276769122
2025-11-17 19:00:00,0.18394250208424467
2025-11-17 20:00:00,0.1560239989275432
2025-11-17 21:00:00,0.10008011297911114
2025-11-17 22:00:00,0.06695452195814439
2025-11-17 23:00:00,0.018344218471743362
2025-11-18 00:00:00,0.01
2025-11-18 01:00:00,0.01
2025-11-18 02:00:00,0.01
2025-11-18 03:00:00,0.01
2025-11-18 04:00:00,0.029490221082127344
2025-11-18 05:00:00,0.08665983687830503
2025-11-18 06:00:00,0.1286844105386791
2025-11-18 07:00:00,0.21317482183159764
2025-11-18 08:00:00,0.25201591022871705
2025-11-18 09:00:00,0.2553459196438137
2025-11-18 10:00:00,0.23551933680866205
2025-11-18 11:00:00,0.22174203396353737
2025-11-18 12:00:00,0.1889811244655031
2025-11-18 13:00:00,0.15252954994922197
2025-11-18 14:00:00,0.11551117568027518
2025-11-18 15:00:00,0.1261856033758423
2025-11-18 16:00:00,0.14671002882073492
2025-11-18 17:00:00,0.1332102876894288
2025-11-18 18:00:00,0.1852469091453392
2025-11-18 19:00:00,0.14746335582215278
2025-11-18 20:00:00,0.14176392425845474
2025-11-18 21:00:00,0.10043176228343584
2025-11-18 22:00:00,0.07052434121871282
2025-11-18 23:00:00,0.01
2025-11-19 00:00:00,0.01
2025-11-19 01:00:00,0.01
2025-11-19 02:00:00,0.01
2025-11-19 03:00:00,0.01
2025-11-19 04:00:00,0.0391083618946043
2025-11-19 05:00:00,0.055461474164750585
2025-11-19 06:00:00,0.18504931388180426
2025-11-19 07:00:00,0.21218127799128403
2025-11-19 08:00:00,0.23027078198049103
2025-11-19 09:00:00,0.2549377712752378
2025-11-19 10:00:00,0.2436636568038703
2025-11-19 11:00:00,0.2035081209625194
2025-11-19 12:00:00,0.1823870190980172
2025-11-19 13:00:00,0.13944686211865537
2025-11-19 14:00:00,0.12245537957597959
2025-11-19 15:00:00,0.11238285488638165
2025-11-19 16:00:00,0.10792819974179127
2025-11-19 17:00:00,0.14498772065136886
2025-11-19 18:00:00,0.16319776063563116
2025-11-19 19:00:00,0.16371152380261247
2025-11-19 20:00:00,0.15421714787741456
2025-11-19 21:00:00,0.11602459940328723
2025-11-19 22:00:00,0.05982484623618868
2025-11-19 23:00:00,0.03292064442544715
2025-11-20 00:00:00,0.01
2025-11-20 01:00:00,0.01
2025-11-20 02:00:00,0.01
2025-11-20 03:00:00,0.01
2025-11-20 04:00:00,0.04421034966035203
2025-11-20 05:00:00,0.09899619599367376
2025-11-20 06:00:00,0.17114746992642788
2025-11-20 07:00:00,0.19521309000615605
2025-11-20 08:00:00,0.2477974487461656
2025-11-20 09:00:00,0.2513534889249911
2025-11-20 10:00:00,0.2543742938849685
2025-11-20 11:00:00,0.21243274108887478
2025-11-20 12:00:00,0.1742943786220997
2025-11-20 13:00:00,0.1573228270717397
2025-11-20 14:00:00,0.14231359983456326
2025-11-20 15:00:00,0.11330211686037076
2025-11-20 16:00:00,0.12915238687796526
2025-11-20 17:00:00,0.12757381695387815
2025-11-20 18:00:00,0.11759760668585684
2025-11-20 19:00:00,0.15964541719303768
2025-11-20 20:00:00,0.15170210229207037
2025-11-20 21:00:00,0.11574075124972995
2025-11-20 22:00:00,0.03922255580349157
2025-11-20 23:00:00,0.015713197868197054
2025-11-21 00:00:00,0.01
2025-11-21 01:00:00,0.01
2025-11-21 02:00:00,0.01
2025-11-21 03:00:00,0.01
2025-11-21 04:00:00,0.04491642961075329
2025-11-21 05:00:00,0.07883762515719812
2025-11-21 06:00:00,0.13873661068647494
2025-11-21 07:00:00,0.21431774799537115
2025-11-21 08:00:00,0.23056352439774502
2025-11-21 09:00:00,0.25542823799035186
2025-11-21 10:00:00,0.23508851147183124
2025-11-21 11:00:00,0.18810359136741345
2025-11-21 12:00:00,0.14727136466862426
2025-11-21 13:00:00,0.15326932602798402
2025-11-21 14:00:00,0.12140755913897562
2025-11-21 15:00:00,0.11569081053660102
2025-11-21 16:00:00,0.14116634254189792
2025-11-21 17:00:00,0.16171192361522985
2025-11-21 18:00:00,0.151640214135064
2025-11-21 19:00:00,0.15218940512542403
2025-11-21 20:00:00,0.15073053045219936
2025-11-21 21:00:00,0.09211557857517566
2025-11-21 22:00:00,0.07247314039826276
2025-11-21 23:00:00,0.02991409190391671
2025-11-22 00:00:00,0.01
2025-11-22 01:00:00,0.01
2025-11-22 02:00:00,0.01
2025-11-22 03:00:00,0.01
2025-11-22 04:00:00,0.01
2025-11-22 05:00:00,0.07522692676422428
2025-11-22 06:00:00,0.15384831868964632
2025-11-22 07:00:00,0.17730699016652046
2025-11-22 08:00:00,0.21143407510331835
2025-11-22 09:00:00,0.24680532626362545
2025-11-22 10:00:00,0.22244885703435505
2025-11-22 11:00:00,0.20950501787468304
2025-11-22 12:00:00,0.16072858262310416
2025-11-22 13:00:00,0.10818159064233146
2025-11-22 14:00:00,0.08550327763473337
2025-11-22 15:00:00,0.07638375167689453
2025-11-22 16:00:00,0.1163284400993337
2025-11-22 17:00:00,0.13760851943451377
2025-11-22 18:00:00,0.15913809469875234
2025-11-22 19:00:00,0.14561424333638603
2025-11-22 20:00:00,0.13634024124098137
2025-11-22 21:00:00,0.07943864475332948
2025-11-22 22:00:00,0.02744888494835493
2025-11-22 23:00:00,0.010056269935313167
2025-11-23 00:00:00,0.01
2025-11-23 01:00:00,0.01
2025-11-23 02:00:00,0.01
2025-11-23 03:00:00,0.01
2025-11-23 04:00:00,0.026333409392047105
2025-11-23 05:00:00,0.08811903575624594
2025-11-23 06:00:00,0.14023946177934887
2025-11-23 07:00:00,0.19809700937677255
2025-11-23 08:00:00,0.2272870947806153
2025-11-23 09:00:00,0.22332119391621202
2025-11-23 10:00:00,0.23002716699638465
2025-11-23 11:00:00,0.17025131309026156
2025-11-23 12:00:00,0.17288452977868193
2025-11-23 13:00:00,0.10829898974282708
2025-11-23 14:00:00,0.11046574617460855
2025-11-23 15:00:00,0.08765761995267315
2025-11-23 16:00:00,0.11537699124036008
2025-11-23 17:00:00,0.11994918261557709
2025-11-23 18:00:00,0.10815481712179371
2025-11-23 19:00:00,0.1399566517331017
2025-11-23 20:00:00,0.11090734484175299
2025-11-23 21:00:00,0.10203458447162236
2025-11-23 22:00:00,0.04549350144681598
2025-11-23 23:00:00,0.01
2025-11-24 00:00:00,0.01
2025-11-24 01:00:00,0.01
2025-11-24 02:00:00,0.01
2025-11-24 03:00:00,0.01
2025-11-24 04:00:00,0.057924321969044124
2025-11-24 05:00:00,0.08230418486556658
2025-11-24 06:00:00,0.173916387821827
2025-11-24 07:00:00,0.1785523141801612
2025-11-24 08:00:00,0.22735082463557743
2025-11-24 09:00:00,0.24154457221164782
2025-11-24 10:00:00,0.22407857568879486
2025-11-24 11:00:00,0.19310242243405493
2025-11-24 12:00:00,0.18895864933402878
2025-11-24 13:00:00,0.1486933275311178
2025-11-24 14:00:00,0.13755728699448233
2025-11-24 15:00:00,0.13637952877860637
2025-11-24 16:00:00,0.13674792054954982
2025-11-24 17:00:00,0.15601201780446944
2025-11-24 18:00:00,0.15672068135832778
2025-11-24 19:00:00,0.14152876560095648
2025-11-24 20:00:00,0.16113087836427373
2025-11-24 21:00:00,0.10566821082542305
2025-11-24 22:00:00,0.057127180792081594
2025-11-24 23:00:00,0.021002314885989082
2025-11-25 00:00:00,0.01
2025-11-25 01:00:00,0.01
2025-11-25 02:00:00,0.01
2025-11-25 03:00:00,0.01
2025-11-25 04:00:00,0.019992535330925487
2025-11-25 05:00:00,0.0877625012228267
2025-11-25 06:00:00,0.1745749813988636
2025-11-25 07:00:00,0.219239797887404
2025-11-25 08:00:00,0.27708596191753804
2025-11-25 09:00:00,0.2743244923359205
2025-11-25 10:00:00,0.2622269227341529
2025-11-25 11:00:00,0.19673454069937973
2025-11-25 12:00:00,0.1949178916018113
2025-11-25 13:00:00,0.1518040616469302
2025-11-25 14:00:00,0.12429779965268006
2025-11-25 15:00:00,0.12923898927011973
2025-11-25 16:00:00,0.1476381593464822
2025-11-25 17:00:00,0.15435436470262515
2025-11-25 18:00:00,0.14528287930717906
2025-11-25 19:00:00,0.1711668708047801
2025-11-25 20:00:00,0.13639617319617045
2025-11-25 21:00:00,0.11845146027695239
2025-11-25 22:00:00,0.06730719493670911
2025-11-25 23:00:00,0.02108440992236882
2025-11-26 00:00:00,0.01
2025-11-26 01:00:00,0.01
2025-11-26 02:00:00,0.01
2025-11-26 03:00:00,0.01
2025-11-26 04:00:00,0.025199896936621224
2025-11-26 05:00:00,0.10133618602431813
2025-11-26 06:00:00,0.16792962468197373
2025-11-26 07:00:00,0.21099158617095345
2025-11-26 08:00:00,0.24580405164042093
2025-11-26 09:00:00,0.263485746867846
2025-11-26 10:00:00,0.24230141040202277
2025-11-26 11:00:00,0.2391552136833745
2025-11-26 12:00:00,0.19675514889891813
2025-11-26 13:00:00,0.16639795479560252
2025-11-26 14:00:00,0.11877510171333171
2025-11-26 15:00:00,0.1262328586541804
2025-11-26 16:00:00,0.12965792295463352
2025-11-26 17:00:00,0.13246279606035413
2025-11-26 18:00:00,0.1645673749446306
2025-11-26 19:00:00,0.15267022659232768
2025-11-26 20:00:00,0.15649596963319762
2025-11-26 21:00:00,0.09985326590720725
2025-11-26 22:00:00,0.09834798099962758
2025-11-26 23:00:00,0.011627339677656418
2025-11-27 00:00:00,0.01
2025-11-27 01:00:00,0.01
2025-11-27 02:00:00,0.01
2025-11-27 03:00:00,0.01
2025-11-27 04:00:00,0.016440480374612737
2025-11-27 05:00:00,0.1182780953191053
2025-11-27 06:00:00,0.16009047331610538
2025-11-27 07:00:00,0.20426587301617075
2025-11-27 08:00:00,0.24289050775520743
2025-11-27 09:00:00,0.27017460678499744
2025-11-27 10:00:00,0.2377139453423063
2025-11-27 11:00:00,0.20773045162918413
2025-11-27 12:00:00,0.18155518537786294
2025-11-27 13:00:00,0.1363644799951434
2025-11-27 14:00:00,0.1612889333391901
2025-11-27 15:00:00,0.11964108830822001
2025-11-27 16:00:00,0.14735248613432506
2025-11-27 17:00:00,0.15140219010658762
2025-11-27 18:00:00,0.1451102235843895
2025-11-27 19:00:00,0.1613589144770089
2025-11-27 20:00:00,0.1591382760312802
2025-11-27 21:00:00,0.11379554148050255
2025-11-27 22:00:00,0.09117238815094059
2025-11-27 23:00:00,0.04110838260444022
2025-11-28 00:00:00,0.01
2025-11-28 01:00:00,0.01
2025-11-28 02:00:00,0.01
2025-11-28 03:00:00,0.01
2025-11-28 04:00:00,0.03854335553308584
2025-11-28 05:00:00,0.10540463761581828
2025-11-28 06:00:00,0.12802617035167832
2025-11-28 07:00:00,0.21381185319299373
2025-11-28 08:00:00,0.2504710798029328
2025-11-28 09:00:00,0.2545991609808394
2025-11-28 10:00:00,0.2665713893867671
2025-11-28 11:00:00,0.22601902516575492
2025-11-28 12:00:00,0.2052526200442985
2025-11-28 13:00:00,0.15150101096290547
2025-11-28 14:00:00,0.1487644441891328
2025-11-28 15:00:00,0.1533845101758197
2025-11-28 16:00:00,0.15527514316217497
2025-11-28 17:00:00,0.1325995220319061
2025-11-28 18:00:00,0.15679460025994935
2025-11-28 19:00:00,0.15699227161491894
2025-11-28 20:00:00,0.15543855944922993
2025-11-28 21:00:00,0.1276362719134812
2025-11-28 22:00:00,0.061413810934255186
2025-11-28 23:00:00,0.027524736502932357
2025-11-29 00:00:00,0.01
2025-11-29 01:00:00,0.01
2025-11-29 02:00:00,0.01
2025-11-29 03:00:00,0.01
2025-11-29 04:00:00,0.01
2025-11-29 05:00:00,0.09013772874667164
2025-11-29 06:00:00,0.0937666230107618
2025-11-29 07:00:00,0.18941387429091883
2025-11-29 08:00:00,0.22224193826925698
2025-11-29 09:00:00,0.2276872572203349
2025-11-29 10:00:00,0.24882515819470086
2025-11-29 11:00:00,0.18211186037779273
2025-11-29 12:00:00,0.17290616229025743
2025-11-29 13:00:00,0.13581368880738767
2025-11-29 14:00:00,0.1293545487981991
2025-11-29 15:00:00,0.09458015619488178
2025-11-29 16:00:00,0.1003346861448661
2025-11-29 17:00:00,0.1411521727541355
2025-11-29 18:00:00,0.14270903925667416
2025-11-29 19:00:00,0.11472516020515194
2025-11-29 20:00:00,0.11573964441477341
2025-11-29 21:00:00,0.09886618660462156
2025-11-29 22:00:00,0.0622931425764775
2025-11-29 23:00:00,0.01
2025-11-30 00:00:00,0.01
2025-11-30 01:00:00,0.01
2025-11-30 02:00:00,0.01
2025-11-30 03:00:00,0.01
2025-11-30 04:00:00,0.01
2025-11-30 05:00:00,0.08589426120010883
2025-11-30 06:00:00,0.1389957145634693
2025-11-30 07:00:00,0.18701541689079598
2025-11-30 08:00:00,0.24540181825183618
2025-11-30 09:00:00,0.24478890645522852
2025-11-30 10:00:00,0.2479134938266674
2025-11-30 11:00:00,0.17526800335379666
2025-11-30 12:00:00,0.16154819344808535
2025-11-30 13:00:00,0.10695642952824849
2025-11-30 14:00:00,0.10772825820800666
2025-11-30 15:00:00,0.1015959878357165
2025-11-30 16:00:00,0.12146565736634085
2025-11-30 17:00:00,0.12613181553477532
2025-11-30 18:00:00,0.14641755988159355
2025-11-30 19:00:00,0.14918805557805903
2025-11-30 20:00:00,0.1568903829681419
2025-11-30 21:00:00,0.08907823014328109
2025-11-30 22:00:00,0.0363485719189553
2025-11-30 23:00:00,0.01
2025-12-01 00:00:00,0.01
2025-12-01 01:00:00,0.01
2025-12-01 02:00:00,0.01
2025-12-01 03:00:00,0.01
2025-12-01 04:00:00,0.030741486674734336
2025-12-01 05:00:00,0.11020557933382366
2025-12-01 06:00:00,0.16044501774352884
2025-12-01 07:00:00,0.20652002998413035
2025-12-01 08:00:00,0.27529150125635404
2025-12-01 09:00:00,0.24813125828456253
2025-12-01 10:00:00,0.24994725398093992
2025-12-01 11:00:00,0.23168839739506142
2025-12-01 12:00:00,0.16334119583574505
2025-12-01 13:00:00,0.16415580735816393
2025-12-01 14:00:00,0.12108714773823827
2025-12-01 15:00:00,0.14341173703933305
2025-12-01 16:00:00,0.1233714573132165
2025-12-01 17:00:00,0.1615846624799861
2025-12-01 18:00:00,0.17939871848642186
2025-12-01 19:00:00,0.17730277115007406
2025-12-01 20:00:00,0.15408097221557265
2025-12-01 21:00:00,0.11608293551323379
2025-12-01 22:00:00,0.06756238846853466
2025-12-01 23:00:00,0.050784160225350955
2025-12-02 00:00:00,0.01
2025-12-02 01:00:00,0.01
2025-12-02 02:00:00,0.01
2025-12-02 03:00:00,0.01
2025-12-02 04:00:00,0.024312355532218666
2025-12-02 05:00:00,0.07852733955141204
2025-12-02 06:00:00,0.15631966040230283
2025-12-02 07:00:00,0.21565639242984813
2025-12-02 08:00:00,0.2547096839091211
2025-12-02 09:00:00,0.2759954850611905
2025-12-02 10:00:00,0.25806931722764137
2025-12-02 11:00:00,0.2197928073298197
2025-12-02 12:00:00,0.18559037284851482
2025-12-02 13:00:00,0.16535634737301227
2025-12-02 14:00:00,0.156754400816583
2025-12-02 15:00:00,0.13371679382128046
2025-12-02 16:00:00,0.13152634518105447
2025-12-02 17:00:00,0.13705222248817944
2025-12-02 18:00:00,0.14188522902802722
2025-12-02 19:00:00,0.17512735384844427
2025-12-02 20:00:00,0.15973298584880394
2025-12-02 21:00:00,0.12896498803598866
2025-12-02 22:00:00,0.07503087592048593
2025-12-02 23:00:00,0.05057474655368012
2025-12-03 00:00:00,0.01
2025-12-03 01:00:00,0.01
2025-12-03 02:00:00,0.01
2025-12-03 03:00:00,0.01
2025-12-03 04:00:00,0.04821044106462383
2025-12-03 05:00:00,0.10708512372486526
2025-12-03 06:00:00,0.16967707784386132
2025-12-03 07:00:00,0.2188754725797854
2025-12-03 08:00:00,0.25125409022910494
2025-12-03 09:00:00,0.29831064975040167
2025-12-03 10:00:00,0.2686888765112439
2025-12-03 11:00:00,0.23425747250854695
2025-12-03 12:00:00,0.19099947382790827
2025-12-03 13:00:00,0.1735705218088814
2025-12-03 14:00:00,0.14619494847917308
2025-12-03 15:00:00,0.13297433058128985
2025-12-03 16:00:00,0.13476902157586873
2025-12-03 17:00:00,0.15149063090016915
2025-12-03 18:00:00,0.11676610041668663
2025-12-03 19:00:00,0.1690514998179029
2025-12-03 20:00:00,0.14449534525320204
2025-12-03 21:00:00,0.14495376359427886
2025-12-03 22:00:00,0.07801010713858995
2025-12-03 23:00:00,0.012395452532926288
2025-12-04 00:00:00,0.01
2025-12-04 01:00:00,0.01
2025-12-04 02:00:00,0.01
2025-12-04 03:00:00,0.01
2025-12-04 04:00:00,0.05445612737960347
2025-12-04 05:00:00,0.08984340152730891
2025-12-04 06:00:00,0.16559865435640167
2025-12-04 07:00:00,0.1979470157756649
2025-12-04 08:00:00,0.2631109546418502
2025-12-04 09:00:00,0.2710341840220689
2025-12-04 10:00:00,0.2591281486068369
2025-12-04 11:00:00,0.2242054010122404
2025-12-04 12:00:00,0.19631012627481134
2025-12-04 13:00:00,0.18329429688268234
2025-12-04 14:00:00,0.13491465943579314
2025-12-04 15:00:00,0.1354269835034526
2025-12-04 16:00:00,0.12379663842525833
2025-12-04 17:00:00,0.14044652299925653
2025-12-04 18:00:00,0.1665557323093791
2025-12-04 19:00:00,0.18321753688708892
2025-12-04 20:00:00,0.14874432054920586
2025-12-04 21:00:00,0.11829101213847576
2025-12-04 22:00:00,0.07238271386697002
2025-12-04 23:00:00,0.022974600221407876
2025-12-05 00:00:00,0.01
2025-12-05 01:00:00,0.01
2025-12-05 02:00:00,0.01
2025-12-05 03:00:00,0.01
2025-12-05 04:00:00,0.05168977265405053
2025-12-05 05:00:00,0.08342933690131821
2025-12-05 06:00:00,0.1758938223306717
2025-12-05 07:00:00,0.22927419928378084
2025-12-05 08:00:00,0.25912425145256684
2025-12-05 09:00:00,0.24910737594796917
2025-12-05 10:00:00,0.25620698359489347
2025-12-05 11:00:00,0.20720796023036941
2025-12-05 12:00:00,0.18706977154603566
2025-12-05 13:00:00,0.17544309423188223
2025-12-05 14:00:00,0.15191428965698342
2025-12-05 15:00:00,0.13434773734540678
2025-12-05 16:00:00,0.1262391217336358
2025-12-05 17:00:00,0.16392694056534335
2025-12-05 18:00:00,0.16615193893794883
2025-12-05 19:00:00,0.13262648717260292
2025-12-05 20:00:00,0.16510066776722618
2025-12-05 21:00:00,0.12223895502961118
2025-12-05 22:00:00,0.09729544871378068
2025-12-05 23:00:00,0.015339579960929606
2025-12-06 00:00:00,0.01
2025-12-06 01:00:00,0.01
2025-12-06 02:00:00,0.01
2025-12-06 03:00:00,0.01
2025-12-06 04:00:00,0.01
2025-12-06 05:00:00,0.1195866815149306
2025-12-06 06:00:00,0.1370561606570771
2025-12-06 07:00:00,0.20593851430911236
2025-12-06 08:00:00,0.21938042245885836
2025-12-06 09:00:00,0.20844835978907444
2025-12-06 10:00:00,0.22568898654588945
2025-12-06 11:00:00,0.19674883409399938
2025-12-06 12:00:00,0.1606421462893586
2025-12-06 13:00:00,0.13406138468186218
2025-12-06 14:00:00,0.11970688432251257
2025-12-06 15:00:00,0.10764733843539892
2025-12-06 16:00:00,0.0976802273501737
2025-12-06 17:00:00,0.13731499625306529
2025-12-06 18:00:00,0.11239974353954782
2025-12-06 19:00:00,0.11245495878370199
2025-12-06 20:00:00,0.14022802728990766
2025-12-06 21:00:00,0.10598685111659267
2025-12-06 22:00:00,0.0541768490148298
2025-12-06 23:00:00,0.01
2025-12-07 00:00:00,0.01
2025-12-07 01:00:00,0.01
2025-12-07 02:00:00,0.01
2025-12-07 03:00:00,0.01
2025-12-07 04:00:00,0.027210555612351514
2025-12-07 05:00:00,0.10045327649378748
2025-12-07 06:00:00,0.13613407924982304
2025-12-07 07:00:00,0.20710673564852775
2025-12-07 08:00:00,0.20121469948088927
2025-12-07 09:00:00,0.2504799525588931
2025-12-07 10:00:00,0.21696891469723298
2025-12-07 11:00:00,0.2061283674192277
2025-12-07 12:00:00,0.1637093142661057
2025-12-07 13:00:00,0.15637248803153275
2025-12-07 14:00:00,0.10341160619304642
2025-12-07 15:00:00,0.12009846783795065
2025-12-07 16:00:00,0.11323298859025333
2025-12-07 17:00:00,0.1284329228798084
2025-12-07 18:00:00,0.1396677921423132
2025-12-07 19:00:00,0.13131050474587047
2025-12-07 20:00:00,0.12971411605110122
2025-12-07 21:00:00,0.09822710437305215
2025-12-07 22:00:00,0.05944166388735844
2025-12-07 23:00:00,0.01
2025-12-08 00:00:00,0.01
2025-12-08 01:00:00,0.01
2025-12-08 02:00:00,0.01
2025-12-08 03:00:00,0.01
2025-12-08 04:00:00,0.02542178328117181
2025-12-08 05:00:00,0.11365276349963357
2025-12-08 06:00:00,0.17751291145836268
2025-12-08 07:00:00,0.19288088610696702
2025-12-08 08:00:00,0.25711151838576074
2025-12-08 09:00:00,0.2593519713899025
2025-12-08 10:00:00,0.2434378911972329
2025-12-08 11:00:00,0.24757219727721153
2025-12-08 12:00:00,0.18341164257825837
2025-12-08 13:00:00,0.1502618530961228
2025-12-08 14:00:00,0.1434547941663399
2025-12-08 15:00:00,0.14675944871711774
2025-12-08 16:00:00,0.14109210089766772
2025-12-08 17:00:00,0.17409429238311047
2025-12-08 18:00:00,0.17618146461728101
2025-12-08 19:00:00,0.13711366066542902
2025-12-08 20:00:00,0.14777482523521449
2025-12-08 21:00:00,0.11653042536272229
2025-12-08 22:00:00,0.08880470361081716
2025-12-08 23:00:00,0.01
2025-12-09 00:00:00,0.03224891848623214
2025-12-09 01:00:00,0.01
2025-12-09 02:00:00,0.01
2025-12-09 03:00:00,0.013574705199265874
2025-12-09 04:00:00,0.07916858364765571
2025-12-09 05:00:00,0.11869306801404031
2025-12-09 06:00:00,0.18324596930254064
2025-12-09 07:00:00,0.22430793301651702
2025-12-09 08:00:00,0.2543908865549621
2025-12-09 09:00:00,0.2600394245978805
2025-12-09 10:00:00,0.2432246333581921
2025-12-09 11:00:00,0.21780114398888067
2025-12-09 12:00:00,0.17375543339032162
2025-12-09 13:00:00,0.16201637844026492
2025-12-09 14:00:00,0.11784629957551442
2025-12-09 15:00:00,0.14013629355244386
2025-12-09 16:00:00,0.14346881373483122
2025-12-09 17:00:00,0.1595997068415187
2025-12-09 18:00:00,0.16118179930516646
2025-12-09 19:00:00,0.21673667918175474
2025-12-09 20:00:00,0.17691551135817102
2025-12-09 21:00:00,0.10708686251937366
2025-12-09 22:00:00,0.085904253788426
2025-12-09 23:00:00,0.025801098082499765
2025-12-10 00:00:00,0.01
2025-12-10 01:00:00,0.01
2025-12-10 02:00:00,0.01
2025-12-10 03:00:00,0.01
2025-12-10 04:00:00,0.059333584251559435
2025-12-10 05:00:00,0.1213410225988859
2025-12-10 06:00:00,0.19042490966935313
2025-12-10 07:00:00,0.2103642021941548
2025-12-10 08:00:00,0.2644466780515615
2025-12-10 09:00:00,0.27746559054330355
2025-12-10 10:00:00,0.2493060616430658
2025-12-10 11:00:00,0.21733219715919508
2025-12-10 12:00:00,0.21895900387782102
2025-12-10 13:00:00,0.16736930937223612
2025-12-10 14:00:00,0.15345825053030135
2025-12-10 15:00:00,0.12574382654858435
2025-12-10 16:00:00,0.1265269268933485
2025-12-10 17:00:00,0.1496563517840518
2025-12-10 18:00:00,0.16795587308033147
2025-12-10 19:00:00,0.155422894562502
2025-12-10 20:00:00,0.15716852176142562
2025-12-10 21:00:00,0.10122984323533205
2025-12-10 22:00:00,0.06641294217568951
2025-12-10 23:00:00,0.04578727998642779
2025-12-11 00:00:00,0.01
2025-12-11 01:00:00,0.01
2025-12-11 02:00:00,0.01
2025-12-11 03:00:00,0.01
2025-12-11 04:00:00,0.04002483133117461
2025-12-11 05:00:00,0.11690972788472162
2025-12-11 06:00:00,0.1845475403904592
2025-12-11 07:00:00,0.21650968878214977
2025-12-11 08:00:00,0.24082146863052256
2025-12-11 09:00:00,0.272804092990777
2025-12-11 10:00:00,0.24487337083935048
2025-12-11 11:00:00,0.2219426480662831
2025-12-11 12:00:00,0.2155029963768499
2025-12-11 13:00:00,0.17717126379385478
2025-12-11 14:00:00,0.14709601008250997
2025-12-11 15:00:00,0.11980384283842536
2025-12-11 16:00:00,0.14879480353235422
2025-12-11 17:00:00,0.17494561889235927
2025-12-11 18:00:00,0.16498935003381132
2025-12-11 19:00:00,0.1924605671436759
2025-12-11 20:00:00,0.17751503436306743
2025-12-11 21:00:00,0.1523210746676246
2025-12-11 22:00:00,0.0885999615398208
2025-12-11 23:00:00,0.04534214788847778
2025-12-12 00:00:00,0.01764932624034804
2025-12-12 01:00:00,0.01
2025-12-12 02:00:00,0.01
2025-12-12 03:00:00,0.01
2025-12-12 04:00:00,0.05001484122198782
2025-12-12 05:00:00,0.08869619107593638
2025-12-12 06:00:00,0.16928763318491885
2025-12-12 07:00:00,0.2412185334829205
2025-12-12 08:00:00,0.2260677091479025
2025-12-12 09:00:00,0.29261633184478714
2025-12-12 10:00:00,0.27487467057437304
2025-12-12 11:00:00,0.2236326303068314
2025-12-12 12:00:00,0.2045873793334589
2025-12-12 13:00:00,0.16562441016405058
2025-12-12 14:00:00,0.16398891282040587
2025-12-12 15:00:00,0.15443553689175274
2025-12-12 16:00:00,0.12543545606763662
2025-12-12 17:00:00,0.16862735762759645
2025-12-12 18:00:00,0.16835209911073304
2025-12-12 19:00:00,0.1742490062467341
2025-12-12 20:00:00,0.1480139384008345
2025-12-12 21:00:00,0.15439980011737242
2025-12-12 22:00:00,0.10043490383547657
2025-12-12 23:00:00,0.026247366826880503
2025-12-13 00:00:00,0.01
2025-12-13 01:00:00,0.01
2025-12-13 02:00:00,0.01
2025-12-13 03:00:00,0.01
2025-12-13 04:00:00,0.04105093113870918
2025-12-13 05:00:00,0.09572083008964624
2025-12-13 06:00:00,0.16179747415347914
2025-12-13 07:00:00,0.20549057957042705
2025-12-13 08:00:00,0.21391445781402063
2025-12-13 09:00:00,0.24248104420246966
2025-12-13 10:00:00,0.2497578252442594
2025-12-13 11:00:00,0.20557367746822267
2025-12-13 12:00:00,0.17980029429654176
2025-12-13 13:00:00,0.13661339138356746
2025-12-13 14:00:00,0.10590930141750174
2025-12-13 15:00:00,0.11366255064131575
2025-12-13 16:00:00,0.12688965041267536
2025-12-13 17:00:00,0.12580052748551593
2025-12-13 18:00:00,0.14371827009433552
2025-12-13 19:00:00,0.13473199091097662
2025-12-13 20:00:00,0.15154261253064696
2025-12-13 21:00:00,0.09957832956854318
2025-12-13 22:00:00,0.08244273156563446
2025-12-13 23:00:00,0.03609257389639241
2025-12-14 00:00:00,0.01
2025-12-14 01:00:00,0.01
2025-12-14 02:00:00,0.01
2025-12-14 03:00:00,0.01
2025-12-14 04:00:00,0.01
2025-12-14 05:00:00,0.10537101825764
2025-12-14 06:00:00,0.1498132471643737
2025-12-14 07:00:00,0.20725375601143428
2025-12-14 08:00:00,0.20226956322194262
2025-12-14 09:00:00,0.22826896532019825
2025-12-14 10:00:00,0.2479846153811077
2025-12-14 11:00:00,0.21147007267061513
2025-12-14 12:00:00,0.17086779917568556
2025-12-14 13:00:00,0.15068919108004528
2025-12-14 14:00:00,0.1467153858264506
2025-12-14 15:00:00,0.11301901423773562
2025-12-14 16:00:00,0.12411642539584056
2025-12-14 17:00:00,0.13934673664719113
2025-12-14 18:00:00,0.1839575228850794
2025-12-14 19:00:00,0.11815553516326496
2025-12-14 20:00:00,0.14582422357780161
2025-12-14 21:00:00,0.10309507178976171
2025-12-14 22:00:00,0.06997491387028838
2025-12-14 23:00:00,0.01
2025-12-15 00:00:00,0.01
2025-12-15 01:00:00,0.01
2025-12-15 02:00:00,0.021493204760508422
2025-12-15 03:00:00,0.012860051561838143
2025-12-15 04:00:00,0.036181108152837094
2025-12-15 05:00:00,0.10416379238270211
2025-12-15 06:00:00,0.16710088049753694
2025-12-15 07:00:00,0.20030125432792947
2025-12-15 08:00:00,0.2564507392477732
2025-12-15 09:00:00,0.28305711175310855
2025-12-15 10:00:00,0.24139115071558667
2025-12-15 11:00:00,0.24872191451796044
2025-12-15 12:00:00,0.20621871443955983
2025-12-15 13:00:00,0.1570292696388031
2025-12-15 14:00:00,0.1458816879416709
2025-12-15 15:00:00,0.1661356920727321
2025-12-15 16:00:00,0.15990530932588273
2025-12-15 17:00:00,0.162415751457019
2025-12-15 18:00:00,0.17033684236888
2025-12-15 19:00:00,0.17662122895365048
2025-12-15 20:00:00,0.15372563875416018
2025-12-15 21:00:00,0.09907207670268767
2025-12-15 22:00:00,0.11793222040287188
2025-12-15 23:00:00,0.04213938448237903
2025-12-16 00:00:00,0.01
2025-12-16 01:00:00,0.01
2025-12-16 02:00:00,0.01
2025-12-16 03:00:00,0.01
2025-12-16 04:00:00,0.02574141381127594
2025-12-16 05:00:00,0.1455067282047381
2025-12-16 06:00:00,0.15621465526785466
2025-12-16 07:00:00,0.21258665078056788
2025-12-16 08:00:00,0.25562844717839456
2025-12-16 09:00:00,0.2922160545194639
2025-12-16 10:00:00,0.2615525106115743
2025-12-16 11:00:00,0.21528288093264047
2025-12-16 12:00:00,0.21854741065555072
2025-12-16 13:00:00,0.17983802199104676
2025-12-16 14:00:00,0.15691139998088124
2025-12-16 15:00:00,0.15372712169657507
2025-12-16 16:00:00,0.18564776375292735
2025-12-16 17:00:00,0.19589066317998433
2025-12-16 18:00:00,0.16443160509914118
2025-12-16 19:00:00,0.20066061090993872
2025-12-16 20:00:00,0.16797985809057409
2025-12-16 21:00:00,0.138959999651435
2025-12-16 22:00:00,0.06274573239109685
2025-12-16 23:00:00,0.03808396613446094
2025-12-17 00:00:00,0.01
2025-12-17 01:00:00,0.01
2025-12-17 02:00:00,0.01
2025-12-17 03:00:00,0.01
2025-12-17 04:00:00,0.050235838739638425
2025-12-17 05:00:00,0.1290123797613642
2025-12-17 06:00:00,0.17276617726500082
2025-12-17 07:00:00,0.23983612616882294
2025-12-17 08:00:00,0.26833384371410873
2025-12-17 09:00:00,0.27885384858147955
2025-12-17 10:00:00,0.2580991774071219
2025-12-17 11:00:00,0.2164102322665737
2025-12-17 12:00:00,0.18374340948832713
2025-12-17 13:00:00,0.1803473267616062
2025-12-17 14:00:00,0.14996077591092963
2025-12-17 15:00:00,0.141747450865416
2025-12-17 16:00:00,0.14420801106486722
2025-12-17 17:00:00,0.15937043352774327
2025-12-17 18:00:00,0.19127003861702463
2025-12-17 19:00:00,0.17210770124526295
2025-12-17 20:00:00,0.14295039100017895
2025-12-17 21:00:00,0.14346236549798325
2025-12-17 22:00:00,0.08589067136328793
2025-12-17 23:00:00,0.041944717053787425
2025-12-18 00:00:00,0.02551759894578426
2025-12-18 01:00:00,0.01
2025-12-18 02:00:00,0.01
2025-12-18 03:00:00,0.01
2025-12-18 04:00:00,0.04810888256452725
2025-12-18 05:00:00,0.1221649105176686
2025-12-18 06:00:00,0.15307331834217303
2025-12-18 07:00:00,0.23275041054061227
2025-12-18 08:00:00,0.26541579043946373
2025-12-18 09:00:00,0.2751858195860909
2025-12-18 10:00:00,0.2785638482081092
2025-12-18 11:00:00,0.2405130847014263
2025-12-18 12:00:00,0.22357500282513834
2025-12-18 13:00:00,0.15564075896095506
2025-12-18 14:00:00,0.15254533323651076
2025-12-18 15:00:00,0.14592969898046274
2025-12-18 16:00:00,0.13536510694346546
2025-12-18 17:00:00,0.1791302538914139
2025-12-18 18:00:00,0.21127402393758396
2025-12-18 19:00:00,0.17771883400611505
2025-12-18 20:00:00,0.17147924067389814
2025-12-18 21:00:00,0.13441292865219973
2025-12-18 22:00:00,0.07909761392274021
2025-12-18 23:00:00,0.014999937553854703
2025-12-19 00:00:00,0.01
2025-12-19 01:00:00,0.01
2025-12-19 02:00:00,0.01
2025-12-19 03:00:00,0.01
2025-12-19 04:00:00,0.04705598507086148
2025-12-19 05:00:00,0.12720017786813406
2025-12-19 06:00:00,0.1604185084637307
2025-12-19 07:00:00,0.21907562423058569
2025-12-19 08:00:00,0.2657658590452983
2025-12-19 09:00:00,0.2908388932804089
2025-12-19 10:00:00,0.27137259106254474
2025-12-19 11:00:00,0.2400622347732141
2025-12-19 12:00:00,0.2034165410351093
2025-12-19 13:00:00,0.1773889901845446
2025-12-19 14:00:00,0.15437210896195172
2025-12-19 15:00:00,0.13005396371973688
2025-12-19 16:00:00,0.15293596333106632
2025-12-19 17:00:00,0.1495213496330548
2025-12-19 18:00:00,0.17846101315008142
2025-12-19 19:00:00,0.17160505665782627
2025-12-19 20:00:00,0.20283549934831197
2025-12-19 21:00:00,0.13338758641547152
2025-12-19 22:00:00,0.0695786411342014
2025-12-19 23:00:00,0.04113948921750844
2025-12-20 00:00:00,0.01
2025-12-20 01:00:00,0.01
2025-12-20 02:00:00,0.01
2025-12-20 03:00:00,0.01
2025-12-20 04:00:00,0.0403412196793025
2025-12-20 05:00:00,0.06899777940909095
2025-12-20 06:00:00,0.14654633288522553
2025-12-20 07:00:00,0.20255816701925786
2025-12-20 08:00:00,0.23954416270833617
2025-12-20 09:00:00,0.26158871476644047
2025-12-20 10:00:00,0.22943669065198585
2025-12-20 11:00:00,0.2080753083542432
2025-12-20 12:00:00,0.177874609213597
2025-12-20 13:00:00,0.14947331121569354
2025-12-20 14:00:00,0.12865861250690053
2025-12-20 15:00:00,0.12788752397099837
2025-12-20 16:00:00,0.14074625715246386
2025-12-20 17:00:00,0.14736008075285437
2025-12-20 18:00:00,0.15989244736047611
2025-12-20 19:00:00,0.13092531778022148
2025-12-20 20:00:00,0.141342079995323
2025-12-20 21:00:00,0.11702250489304009
2025-12-20 22:00:00,0.07742024204795074
2025-12-20 23:00:00,0.01
2025-12-21 00:00:00,0.01
2025-12-21 01:00:00,0.01
2025-12-21 02:00:00,0.01
2025-12-21 03:00:00,0.01
2025-12-21 04:00:00,0.02282344118155208
2025-12-21 05:00:00,0.10417287298507977
2025-12-21 06:00:00,0.15578753992839503
2025-12-21 07:00:00,0.20540486592757454
2025-12-21 08:00:00,0.23826457934365655
2025-12-21 09:00:00,0.2632970966624461
2025-12-21 10:00:00,0.24542155042117605
2025-12-21 11:00:00,0.2471653068345475
2025-12-21 12:00:00,0.16615197314596628
2025-12-21 13:00:00,0.15584754566644968
2025-12-21 14:00:00,0.1200998680221973
2025-12-21 15:00:00,0.10915481082091832
2025-12-21 16:00:00,0.12877233573540153
2025-12-21 17:00:00,0.1443775344922837
2025-12-21 18:00:00,0.19770794611682752
2025-12-21 19:00:00,0.15274315632925892
2025-12-21 20:00:00,0.12448266184865583
2025-12-21 21:00:00,0.11477173071852005
2025-12-21 22:00:00,0.036213201849286766
2025-12-21 23:00:00,0.01846340842295538
2025-12-22 00:00:00,0.01
2025-12-22 01:00:00,0.01
2025-12-22 02:00:00,0.01
2025-12-22 03:00:00,0.01
2025-12-22 04:00:00,0.05252534874733694
2025-12-22 05:00:00,0.1049108419973738
2025-12-22 06:00:00,0.16286362064467055
2025-12-22 07:00:00,0.23776679045158042
2025-12-22 08:00:00,0.24818077573783695
2025-12-22 09:00:00,0.2717277388606957
2025-12-22 10:00:00,0.2514594899467413
2025-12-22 11:00:00,0.24712238939004666
2025-12-22 12:00:00,0.23180601045578328
2025-12-22 13:00:00,0.1544014165698099
2025-12-22 14:00:00,0.12609182210176628
2025-12-22 15:00:00,0.1461700285213568
2025-12-22 16:00:00,0.15502002590615233
2025-12-22 17:00:00,0.17144635307839745
2025-12-22 18:00:00,0.1730897512382708
2025-12-22 19:00:00,0.17834497025798532
2025-12-22 20:00:00,0.17279721512489496
2025-12-22 21:00:00,0.1521322495216367
2025-12-22 22:00:00,0.06385628703356788
2025-12-22 23:00:00,0.04015788475240728
2025-12-23 00:00:00,0.01
2025-12-23 01:00:00,0.01
2025-12-23 02:00:00,0.01
2025-12-23 03:00:00,0.01
2025-12-23 04:00:00,0.05501667108922749
2025-12-23 05:00:00,0.12559448833671902
2025-12-23 06:00:00,0.17176678956230831
2025-12-23 07:00:00,0.20627127547135546
2025-12-23 08:00:00,0.26170624349058874
2025-12-23 09:00:00,0.29424025313573
2025-12-23 10:00:00,0.26218517487100357
2025-12-23 11:00:00,0.2270321295013589
2025-12-23 12:00:00,0.2195211445368776
2025-12-23 13:00:00,0.16981511529906487
2025-12-23 14:00:00,0.14708618956802735
2025-12-23 15:00:00,0.15113667557410826
2025-12-23 16:00:00,0.16719731453861855
2025-12-23 17:00:00,0.204743668880577
2025-12-23 18:00:00,0.19304460300919812
2025-12-23 19:00:00,0.19960366166374277
2025-12-23 20:00:00,0.1605465684095189
2025-12-23 21:00:00,0.12198926696997275
2025-12-23 22:00:00,0.09496849126017978
2025-12-23 23:00:00,0.048151027494323956
2025-12-24 00:00:00,0.01
2025-12-24 01:00:00,0.01
2025-12-24 02:00:00,0.01
2025-12-24 03:00:00,0.013732915277815921
2025-12-24 04:00:00,0.06405391555579644
2025-12-24 05:00:00,0.12247216419684193
2025-12-24 06:00:00,0.17388446786598152
2025-12-24 07:00:00,0.22711489814938468
2025-12-24 08:00:00,0.2510053267851242
2025-12-24 09:00:00,0.30642380674529646
2025-12-24 10:00:00,0.2682938936027657
2025-12-24 11:00:00,0.2372093845470164
2025-12-24 12:00:00,0.1925577165332455
2025-12-24 13:00:00,0.21966514363502296
2025-12-24 14:00:00,0.1394922176501328
2025-12-24 15:00:00,0.14331565170576313
2025-12-24 16:00:00,0.16272715029932328
2025-12-24 17:00:00,0.17887469675144857
2025-12-24 18:00:00,0.19585857858326766
2025-12-24 19:00:00,0.21017372614515215
2025-12-24 20:00:00,0.17658196258694303
2025-12-24 21:00:00,0.12239036292071051
2025-12-24 22:00:00,0.09103288049976183
2025-12-24 23:00:00,0.0520145007138339
2025-12-25 00:00:00,0.038368305750215534
2025-12-25 01:00:00,0.01
2025-12-25 02:00:00,0.01
2025-12-25 03:00:00,0.01188104726833683
2025-12-25 04:00:00,0.06991237315607043
2025-12-25 05:00:00,0.11743308986783717
2025-12-25 06:00:00,0.16970842567573333
2025-12-25 07:00:00,0.24694181661273318
2025-12-25 08:00:00,0.2796613805342125
2025-12-25 09:00:00,0.2950883530162117
2025-12-25 10:00:00,0.26874788597539256
2025-12-25 11:00:00,0.2324401674067373
2025-12-25 12:00:00,0.18396311020227063
2025-12-25 13:00:00,0.18877619149479324
2025-12-25 14:00:00,0.1628057977427319
2025-12-25 15:00:00,0.1361169484694907
2025-12-25 16:00:00,0.14926631002817886
2025-12-25 17:00:00,0.16372543745860865
2025-12-25 18:00:00,0.160100148647892
2025-12-25 19:00:00,0.17164967995213207
2025-12-25 20:00:00,0.1528374597755329
2025-12-25 21:00:00,0.13289895711448735
2025-12-25 22:00:00,0.08466191227424097
2025-12-25 23:00:00,0.02384725868572027
2025-12-26 00:00:00,0.038540613521669834
2025-12-26 01:00:00,0.01
2025-12-26 02:00:00,0.01
2025-12-26 03:00:00,0.014125497610444154
2025-12-26 04:00:00,0.06446373641044707
2025-12-26 05:00:00,0.13768614337447774
2025-12-26 06:00:00,0.1709226846632265
2025-12-26 07:00:00,0.25291717161694904
2025-12-26 08:00:00,0.2624831805000236
2025-12-26 09:00:00,0.2613264074030861
2025-12-26 10:00:00,0.280666348831289
2025-12-26 11:00:00,0.2616557190538709
2025-12-26 12:00:00,0.24702039466608794
2025-12-26 13:00:00,0.1593465584318484
2025-12-26 14:00:00,0.1677880957177834
2025-12-26 15:00:00,0.14531351424104655
2025-12-26 16:00:00,0.16995214072098813
2025-12-26 17:00:00,0.14952632130491095
2025-12-26 18:00:00,0.16426021342764924
2025-12-26 19:00:00,0.17313363848921126
2025-12-26 20:00:00,0.1718862207481489
2025-12-26 21:00:00,0.13032676823023048
2025-12-26 22:00:00,0.10648503484338515
2025-12-26 23:00:00,0.06451259670808965
2025-12-27 00:00:00,0.01
2025-12-27 01:00:00,0.01
2025-12-27 02:00:00,0.01
2025-12-27 03:00:00,0.01
2025-12-27 04:00:00,0.05451052636295904
2025-12-27 05:00:00,0.08660063061554192
2025-12-27 06:00:00,0.17271615615516753
2025-12-27 07:00:00,0.23599970170229553
2025-12-27 08:00:00,0.2534101988208399
2025-12-27 09:00:00,0.23478007986490185
2025-12-27 10:00:00,0.23188923654068097
2025-12-27 11:00:00,0.23799362829206783
2025-12-27 12:00:00,0.18152303837524175
2025-12-27 13:00:00,0.15439415902909037
2025-12-27 14:00:00,0.144544785280782
2025-12-27 15:00:00,0.13776349442591068
2025-12-27 16:00:00,0.13824187584566588
2025-12-27 17:00:00,0.14431175760182902
2025-12-27 18:00:00,0.15436985197389863
2025-12-27 19:00:00,0.17349836181283496
2025-12-27 20:00:00,0.15486342162590086
2025-12-27 21:00:00,0.11194160581579529
2025-12-27 22:00:00,0.08868902297633727
2025-12-27 23:00:00,0.023031784304030467
2025-12-28 00:00:00,0.01
2025-12-28 01:00:00,0.01
2025-12-28 02:00:00,0.01
2025-12-28 03:00:00,0.01
2025-12-28 04:00:00,0.05342488081388018
2025-12-28 05:00:00,0.08446068441312758
2025-12-28 06:00:00,0.16274615305410883
2025-12-28 07:00:00,0.20340248624851104
2025-12-28 08:00:00,0.2435143810197657
2025-12-28 09:00:00,0.23543098186154615
2025-12-28 10:00:00,0.2432134835799331
2025-12-28 11:00:00,0.2161060185706697
2025-12-28 12:00:00,0.19302333579937275
2025-12-28 13:00:00,0.15740890768274177
2025-12-28 14:00:00,0.11604567514300049
2025-12-28 15:00:00,0.1444407631343123
2025-12-28 16:00:00,0.1380735622421672
2025-12-28 17:00:00,0.15127682390675165
2025-12-28 18:00:00,0.15978128133806024
2025-12-28 19:00:00,0.15372265570408483
2025-12-28 20:00:00,0.15068605173506816
2025-12-28 21:00:00,0.12379407034294419
2025-12-28 22:00:00,0.04711304089021015
2025-12-28 23:00:00,0.017745021449739107
2025-12-29 00:00:00,0.01
2025-12-29 01:00:00,0.01
2025-12-29 02:00:00,0.01
2025-12-29 03:00:00,0.01
2025-12-29 04:00:00,0.053309491716595075
2025-12-29 05:00:00,0.11470900324891238
2025-12-29 06:00:00,0.1737560055672946
2025-12-29 07:00:00,0.23390493178626373
2025-12-29 08:00:00,0.28484095271868226
2025-12-29 09:00:00,0.26813397039088516
2025-12-29 10:00:00,0.27879867572460015
2025-12-29 11:00:00,0.21934296859749447
2025-12-29 12:00:00,0.20235884947222965
2025-12-29 13:00:00,0.17497725726066685
2025-12-29 14:00:00,0.18500435489101758
2025-12-29 15:00:00,0.14991565768239426
2025-12-29 16:00:00,0.12776026731709894
2025-12-29 17:00:00,0.144177490326196
2025-12-29 18:00:00,0.18628936321406295
2025-12-29 19:00:00,0.19655548302929218
2025-12-29 20:00:00,0.1789107572832715
2025-12-29 21:00:00,0.1450336981710557
2025-12-29 22:00:00,0.11661027300300389
2025-12-29 23:00:00,0.043592468478899
2025-12-30 00:00:00,0.025062990532610546
2025-12-30 01:00:00,0.01
2025-12-30 02:00:00,0.01
2025-12-30 03:00:00,0.01
2025-12-30 04:00:00,0.05751665268216136
2025-12-30 05:00:00,0.12256350942296103
2025-12-30 06:00:00,0.18835085457560605
2025-12-30 07:00:00,0.24090139227960022
2025-12-30 08:00:00,0.26022603223003227
2025-12-30 09:00:00,0.28194830292849765
2025-12-30 10:00:00,0.25078017254156587
2025-12-30 11:00:00,0.2661803494480988
2025-12-30 12:00:00,0.20708494109873826
2025-12-30 13:00:00,0.1734467177516268
2025-12-30 14:00:00,0.18457597749731336
2025-12-30 15:00:00,0.13626440702379167
2025-12-30 16:00:00,0.1447555254817287
2025-12-30 17:00:00,0.1585779318294318
2025-12-30 18:00:00,0.18562126146671604
2025-12-30 19:00:00,0.19468380741035304
2025-12-30 20:00:00,0.1852344642139757
2025-12-30 21:00:00,0.18196048911981094
2025-12-30 22:00:00,0.06629530500075297
2025-12-30 23:00:00,0.06167778340016776
2025-12-31 00:00:00,0.01
2025-12-31 01:00:00,0.01
2025-12-31 02:00:00,0.01
2025-12-31 03:00:00,0.01
2025-12-31 04:00:00,0.0877678725190518
2025-12-31 05:00:00,0.1367525553949565
2025-12-31 06:00:00,0.18784793967836066
2025-12-31 07:00:00,0.26109904608139
2025-12-31 08:00:00,0.2523120655205169
2025-12-31 09:00:00,0.2657020064325238
2025-12-31 10:00:00,0.24143302439552358
2025-12-31 11:00:00,0.23610136452705754
2025-12-31 12:00:00,0.21492547790057134
2025-12-31 13:00:00,0.18318355601405897
2025-12-31 14:00:00,0.1638426690443421
2025-12-31 15:00:00,0.13459292036883067
2025-12-31 16:00:00,0.17454732113921037
2025-12-31 17:00:00,0.17947631728383706
2025-12-31 18:00:00,0.19849581422199003
2025-12-31 19:00:00,0.1606785681097301
2025-12-31 20:00:00,0.17967236288196686
2025-12-31 21:00:00,0.12642474856641528
2025-12-31 22:00:00,0.0949376108332858
2025-12-31 23:00:00,0.06142289085063905
2026-01-01 00:00:00,0.014727071901630362
2026-01-01 01:00:00,0.01
2026-01-01 02:00:00,0.01
2026-01-01 03:00:00,0.01
2026-01-01 04:00:00,0.08061467874626617
2026-01-01 05:00:00,0.12189950300509589
2026-01-01 06:00:00,0.20513891697162162
2026-01-01 07:00:00,0.23379650229543605
2026-01-01 08:00:00,0.26800702798169296
2026-01-01 09:00:00,0.27506044941071167
2026-01-01 10:00:00,0.28810581716163175
2026-01-01 11:00:00,0.23681178307677142
2026-01-01 12:00:00,0.2230295992940194
2026-01-01 13:00:00,0.1767645591878263
2026-01-01 14:00:00,0.1328237586878613
2026-01-01 15:00:00,0.14806472962581663
2026-01-01 16:00:00,0.145674044592349
2026-01-01 17:00:00,0.17725111317327885
2026-01-01 18:00:00,0.1705045517726744
2026-01-01 19:00:00,0.20382029509209182
2026-01-01 20:00:00,0.1744945299024963
2026-01-01 21:00:00,0.14243795505158882
2026-01-01 22:00:00,0.11159650949616165
2026-01-01 23:00:00,0.06872668919002295
2026-01-02 00:00:00,0.013919599304592467
2026-01-02 01:00:00,0.01
2026-01-02 02:00:00,0.01
2026-01-02 03:00:00,0.01
2026-01-02 04:00:00,0.05496289688141785
2026-01-02 05:00:00,0.12744503786576966
2026-01-02 06:00:00,0.18404387736406688
2026-01-02 07:00:00,0.25287388495599367
2026-01-02 08:00:00,0.26752633151207694
2026-01-02 09:00:00,0.2865280464808308
2026-01-02 10:00:00,0.2935834326075345
2026-01-02 11:00:00,0.25344104141936863
2026-01-02 12:00:00,0.21332051745580882
2026-01-02 13:00:00,0.17433259129718356
2026-01-02 14:00:00,0.15382515000885652
2026-01-02 15:00:00,0.14472065462167993
2026-01-02 16:00:00,0.1561059775943938
2026-01-02 17:00:00,0.18893797267255405
2026-01-02 18:00:00,0.18589275651175327
2026-01-02 19:00:00,0.17054448531399966
2026-01-02 20:00:00,0.20324361997703402
2026-01-02 21:00:00,0.1507617856134929
2026-01-02 22:00:00,0.08151438919499593
2026-01-02 23:00:00,0.048500764043618194
2026-01-03 00:00:00,0.01
2026-01-03 01:00:00,0.01
2026-01-03 02:00:00,0.01
2026-01-03 03:00:00,0.01
2026-01-03 04:00:00,0.06107327976574781
2026-01-03 05:00:00,0.09226926427479205
2026-01-03 06:00:00,0.16091827907825917
2026-01-03 07:00:00,0.2028701544446411
2026-01-03 08:00:00,0.24952906624495808
2026-01-03 09:00:00,0.26269471714850634
2026-01-03 10:00:00,0.26157827371084214
2026-01-03 11:00:00,0.24052631805537622
2026-01-03 12:00:00,0.178859542391838
2026-01-03 13:00:00,0.1297117847428467
2026-01-03 14:00:00,0.13886485205046292
2026-01-03 15:00:00,0.13774281914551417
2026-01-03 16:00:00,0.1438222486764383
2026-01-03 17:00:00,0.14856278915877907
2026-01-03 18:00:00,0.16695226485612172
2026-01-03 19:00:00,0.18938265626002726
2026-01-03 20:00:00,0.15830699589560032
2026-01-03 21:00:00,0.11622168415129458
2026-01-03 22:00:00,0.07097547572627894
2026-01-03 23:00:00,0.028440615367089986
2026-01-04 00:00:00,0.015491220767575531
2026-01-04 01:00:00,0.01
2026-01-04 02:00:00,0.01
2026-01-04 03:00:00,0.01
2026-01-04 04:00:00,0.057424871701745456
2026-01-04 05:00:00,0.13195577565103403
2026-01-04 06:00:00,0.1726993170815868
2026-01-04 07:00:00,0.22051552469098235
2026-01-04 08:00:00,0.2539918638377295
2026-01-04 09:00:00,0.22833810291081746
2026-01-04 10:00:00,0.2637199246828321
2026-01-04 11:00:00,0.22704520020896046
2026-01-04 12:00:00,0.1973652521000269
2026-01-04 13:00:00,0.14940886577393434
2026-01-04 14:00:00,0.1342758085339035
2026-01-04 15:00:00,0.12803352012739028
2026-01-04 16:00:00,0.15626446610121159
2026-01-04 17:00:00,0.14864062830132163
2026-01-04 18:00:00,0.19718002617176297
2026-01-04 19:00:00,0.1739730583989224
2026-01-04 20:00:00,0.13430488144018
2026-01-04 21:00:00,0.1207531541065148
2026-01-04 22:00:00,0.06956245412932595
2026-01-04 23:00:00,0.01
2026-01-05 00:00:00,0.04079030403857911
2026-01-05 01:00:00,0.01
2026-01-05 02:00:00,0.01
2026-01-05 03:00:00,0.021116711438880248
2026-01-05 04:00:00,0.04606797640648576
2026-01-05 05:00:00,0.1211620783332887
2026-01-05 06:00:00,0.20442495155863252
2026-01-05 07:00:00,0.22936374928421976
2026-01-05 08:00:00,0.2413217001931101
2026-01-05 09:00:00,0.28655423322264606
2026-01-05 10:00:00,0.27627441700490313
2026-01-05 11:00:00,0.2529242738119998
2026-01-05 12:00:00,0.22772601958959038
2026-01-05 13:00:00,0.19550300446541438
2026-01-05 14:00:00,0.16978232739397503
2026-01-05 15:00:00,0.17798998359299484
2026-01-05 16:00:00,0.1440136932246726
2026-01-05 17:00:00,0.18774887166428522
2026-01-05 18:00:00,0.20119631538692648
2026-01-05 19:00:00,0.17477480641924958
2026-01-05 20:00:00,0.15675518080663647
2026-01-05 21:00:00,0.13735033520491646
2026-01-05 22:00:00,0.09527257792069913
2026-01-05 23:00:00,0.06900694926050206
2026-01-06 00:00:00,0.01
2026-01-06 01:00:00,0.01
2026-01-06 02:00:00,0.01
2026-01-06 03:00:00,0.03627198648219726
2026-01-06 04:00:00,0.06785073548802602
2026-01-06 05:00:00,0.12658441498176598
2026-01-06 06:00:00,0.19100500239185597
2026-01-06 07:00:00,0.26536979968135455
2026-01-06 08:00:00,0.2689175089733231
2026-01-06 09:00:00,0.31055029263896095
2026-01-06 10:00:00,0.2824150697346382
2026-01-06 11:00:00,0.24934137677164836
2026-01-06 12:00:00,0.255168592341386
2026-01-06 13:00:00,0.17096116987046672
2026-01-06 14:00:00,0.16145233885731053
2026-01-06 15:00:00,0.14242738911973363
2026-01-06 16:00:00,0.1819420144304143
2026-01-06 17:00:00,0.206374823387399
2026-01-06 18:00:00,0.21770392659344134
2026-01-06 19:00:00,0.21258431694314267
2026-01-06 20:00:00,0.17719077785543225
2026-01-06 21:00:00,0.1439176973752022
2026-01-06 22:00:00,0.08098499790651696
2026-01-06 23:00:00,0.0891006052711919
2026-01-07 00:00:00,0.0255450734171946
2026-01-07 01:00:00,0.01
2026-01-07 02:00:00,0.014328715201328251
2026-01-07 03:00:00,0.01
2026-01-07 04:00:00,0.07460973275830773
2026-01-07 05:00:00,0.12753906072035304
2026-01-07 06:00:00,0.20309055934317216
2026-01-07 07:00:00,0.24589060895126078
2026-01-07 08:00:00,0.25924648387829924
2026-01-07 09:00:00,0.29280663123750583
2026-01-07 10:00:00,0.29584590475154193
2026-01-07 11:00:00,0.25216473878606466
2026-01-07 12:00:00,0.23013712906880396
2026-01-07 13:00:00,0.17196813730493077
2026-01-07 14:00:00,0.16721903072436373
2026-01-07 15:00:00,0.15240151825346085
2026-01-07 16:00:00,0.1797151148465383
2026-01-07 17:00:00,0.1823646801891496
2026-01-07 18:00:00,0.20386150739001685
2026-01-07 19:00:00,0.21139605941091646
2026-01-07 20:00:00,0.19138468087178845
2026-01-07 21:00:00,0.15434840592455046
2026-01-07 22:00:00,0.09193467798885274
2026-01-07 23:00:00,0.059376027956057384
2026-01-08 00:00:00,0.011367582575425694
2026-01-08 01:00:00,0.01
2026-01-08 02:00:00,0.01
2026-01-08 03:00:00,0.01
2026-01-08 04:00:00,0.04000385976865338
2026-01-08 05:00:00,0.12095988837049466
2026-01-08 06:00:00,0.19726463038452563
2026-01-08 07:00:00,0.22747509271833585
2026-01-08 08:00:00,0.2820991721527376
2026-01-08 09:00:00,0.32103054837281536
2026-01-08 10:00:00,0.2963123273128907
2026-01-08 11:00:00,0.278109643871378
2026-01-08 12:00:00,0.22523085675965415
2026-01-08 13:00:00,0.20601726329553385
2026-01-08 14:00:00,0.1576070080270903
2026-01-08 15:00:00,0.15295760743515535
2026-01-08 16:00:00,0.12827683551360114
2026-01-08 17:00:00,0.2005380252265498
2026-01-08 18:00:00,0.21746879830296156
2026-01-08 19:00:00,0.18763628069903504
2026-01-08 20:00:00,0.17805466300970468
2026-01-08 21:00:00,0.13979723406547698
2026-01-08 22:00:00,0.11350120149938181
2026-01-08 23:00:00,0.07714534415630513
2026-01-09 00:00:00,0.01
2026-01-09 01:00:00,0.01
2026-01-09 02:00:00,0.01
2026-01-09 03:00:00,0.023753773510226756
2026-01-09 04:00:00,0.07710035105832841
2026-01-09 05:00:00,0.12901049994136968
2026-01-09 06:00:00,0.19366163823212734
2026-01-09 07:00:00,0.24534112331397945
2026-01-09 08:00:00,0.29727018406003825
2026-01-09 09:00:00,0.2996594238376142
2026-01-09 10:00:00,0.28512673447771836
2026-01-09 11:00:00,0.23524374784573665
2026-01-09 12:00:00,0.21453674488501676
2026-01-09 13:00:00,0.2028361557833756
2026-01-09 14:00:00,0.16988343000851677
2026-01-09 15:00:00,0.173367185911873
2026-01-09 16:00:00,0.19671311803812858
2026-01-09 17:00:00,0.19917643658159837
2026-01-09 18:00:00,0.19661281609871023
2026-01-09 19:00:00,0.18912060425385901
2026-01-09 20:00:00,0.14441219709237557
2026-01-09 21:00:00,0.14943089436129944
2026-01-09 22:00:00,0.10372271321751751
2026-01-09 23:00:00,0.06697835132023797
2026-01-10 00:00:00,0.01
2026-01-10 01:00:00,0.01
2026-01-10 02:00:00,0.01
2026-01-10 03:00:00,0.01
2026-01-10 04:00:00,0.05321442282108224
2026-01-10 05:00:00,0.1334213671658122
2026-01-10 06:00:00,0.16960177645288954
2026-01-10 07:00:00,0.2293156331067707
2026-01-10 08:00:00,0.27285182956336596
2026-01-10 09:00:00,0.2570638315685578
2026-01-10 10:00:00,0.2631694082367994
2026-01-10 11:00:00,0.21904988824299831
2026-01-10 12:00:00,0.20903702378643907
2026-01-10 13:00:00,0.1674763802734238
2026-01-10 14:00:00,0.14964397479723934
2026-01-10 15:00:00,0.1275844510826169
2026-01-10 16:00:00,0.15667014260323567
2026-01-10 17:00:00,0.19071725553779117
2026-01-10 18:00:00,0.15594598177765082
2026-01-10 19:00:00,0.16753827286794187
2026-01-10 20:00:00,0.16203876932159525
2026-01-10 21:00:00,0.1396019775541893
2026-01-10 22:00:00,0.07606892255128804
2026-01-10 23:00:00,0.01
2026-01-11 00:00:00,0.017299177904622515
2026-01-11 01:00:00,0.01
2026-01-11 02:00:00,0.01
2026-01-11 03:00:00,0.01
2026-01-11 04:00:00,0.07043407193507209
2026-01-11 05:00:00,0.13024637725877813
2026-01-11 06:00:00,0.18599093583234638
2026-01-11 07:00:00,0.22260345877684923
2026-01-11 08:00:00,0.26065614677434984
2026-01-11 09:00:00,0.26811003181775794
2026-01-11 10:00:00,0.27543747261963863
2026-01-11 11:00:00,0.2178662820236424
2026-01-11 12:00:00,0.18482434066889916
2026-01-11 13:00:00,0.18120613163977636
2026-01-11 14:00:00,0.14534845403793267
2026-01-11 15:00:00,0.1608471186587912
2026-01-11 16:00:00,0.13683865238745402
2026-01-11 17:00:00,0.1594715645973319
2026-01-11 18:00:00,0.15807514071950293
2026-01-11 19:00:00,0.17359177648709656
2026-01-11 20:00:00,0.13723313143718022
2026-01-11 21:00:00,0.12133806134301593
2026-01-11 22:00:00,0.06376498713979663
2026-01-11 23:00:00,0.048227601361124334
2026-01-12 00:00:00,0.0335040650898257
2026-01-12 01:00:00,0.01
2026-01-12 02:00:00,0.018660970797495652
2026-01-12 03:00:00,0.06205386848724112
2026-01-12 04:00:00,0.07344532079447605
2026-01-12 05:00:00,0.12475660657980922
2026-01-12 06:00:00,0.24012018385847667
2026-01-12 07:00:00,0.23130450731297825
2026-01-12 08:00:00,0.2855568219964674
2026-01-12 09:00:00,0.29861214248539747
2026-01-12 10:00:00,0.30453497967866106
2026-01-12 11:00:00,0.2622438922492396
2026-01-12 12:00:00,0.2152757165566042
2026-01-12 13:00:00,0.17762813678268555
2026-01-12 14:00:00,0.1667304380681828
2026-01-12 15:00:00,0.1509100874140757
2026-01-12 16:00:00,0.1734726047902012
2026-01-12 17:00:00,0.1776741868057757
2026-01-12 18:00:00,0.17534465809408473
2026-01-12 19:00:00,0.21815241259263535
2026-01-12 20:00:00,0.17779013714199535
2026-01-12 21:00:00,0.13547440008397943
2026-01-12 22:00:00,0.10862879759767402
2026-01-12 23:00:00,0.06468821585403911
2026-01-13 00:00:00,0.01
2026-01-13 01:00:00,0.01
2026-01-13 02:00:00,0.01
2026-01-13 03:00:00,0.05109892438558242
2026-01-13 04:00:00,0.08145548333135928
2026-01-13 05:00:00,0.12921567128831646
2026-01-13 06:00:00,0.18741855909544802
2026-01-13 07:00:00,0.2503553698308389
2026-01-13 08:00:00,0.2952879367739576
2026-01-13 09:00:00,0.2963762471239179
2026-01-13 10:00:00,0.2819412339215993
2026-01-13 11:00:00,0.2585642126413835
2026-01-13 12:00:00,0.21453819168165397
2026-01-13 13:00:00,0.18758866409263664
2026-01-13 14:00:00,0.1414117294450771
2026-01-13 15:00:00,0.18146074194781567
2026-01-13 16:00:00,0.17807804235503472
2026-01-13 17:00:00,0.17537614249995886
2026-01-13 18:00:00,0.22707710037053688
2026-01-13 19:00:00,0.2014713236296749
2026-01-13 20:00:00,0.17055392207058032
2026-01-13 21:00:00,0.1681883641374433
2026-01-13 22:00:00,0.1179642585194034
2026-01-13 23:00:00,0.07042219280356483
2026-01-14 00:00:00,0.018047304230523586
2026-01-14 01:00:00,0.01
2026-01-14 02:00:00,0.01
2026-01-14 03:00:00,0.03461017667249747
2026-01-14 04:00:00,0.0458594714901379
2026-01-14 05:00:00,0.1295436318453576
2026-01-14 06:00:00,0.22526596476742042
2026-01-14 07:00:00,0.24126143626337798
2026-01-14 08:00:00,0.2778760638378997
2026-01-14 09:00:00,0.2908768016260355
2026-01-14 10:00:00,0.26781408664041173
2026-01-14 11:00:00,0.22540200928578052
2026-01-14 12:00:00,0.22097484232244333
2026-01-14 13:00:00,0.1956122070065963
2026-01-14 14:00:00,0.1727486026506616
2026-01-14 15:00:00,0.16551923270590108
2026-01-14 16:00:00,0.17507925136305333
2026-01-14 17:00:00,0.20315816488381103
2026-01-14 18:00:00,0.1965769455113593
2026-01-14 19:00:00,0.1923924004175693
2026-01-14 20:00:00,0.1827167560269762
2026-01-14 21:00:00,0.1648650668618273
2026-01-14 22:00:00,0.13401150110000243
2026-01-14 23:00:00,0.05591889958385311
2026-01-15 00:00:00,0.026751671561242557
2026-01-15 01:00:00,0.01
2026-01-15 02:00:00,0.01
2026-01-15 03:00:00,0.027411338861515464
2026-01-15 04:00:00,0.053282556895677916
2026-01-15 05:00:00,0.11035000568946629
2026-01-15 06:00:00,0.20576886087419322
2026-01-15 07:00:00,0.24784335342993258
2026-01-15 08:00:00,0.2908018708701276
2026-01-15 09:00:00,0.2981618235031718
2026-01-15 10:00:00,0.2722242044042963
2026-01-15 11:00:00,0.25868143285525114
2026-01-15 12:00:00,0.20677114518058654
2026-01-15 13:00:00,0.21527292747090426
2026-01-15 14:00:00,0.15403064996135377
2026-01-15 15:00:00,0.1655896585261025
2026-01-15 16:00:00,0.15963359093510063
2026-01-15 17:00:00,0.19720588686647333
2026-01-15 18:00:00,0.19529619418658684
2026-01-15 19:00:00,0.19405766473507205
2026-01-15 20:00:00,0.20056568793158264
2026-01-15 21:00:00,0.1574503507961508
2026-01-15 22:00:00,0.12141479106640504
2026-01-15 23:00:00,0.05145519307914065
2026-01-16 00:00:00,0.01
2026-01-16 01:00:00,0.01
2026-01-16 02:00:00,0.01
2026-01-16 03:00:00,0.03733184456102677
2026-01-16 04:00:00,0.07489928108676701
2026-01-16 05:00:00,0.14079213345497266
2026-01-16 06:00:00,0.17674716992758663
2026-01-16 07:00:00,0.2827582717650041
2026-01-16 08:00:00,0.28613427810122477
2026-01-16 09:00:00,0.30972429583428096
2026-01-16 10:00:00,0.27515907320185473
2026-01-16 11:00:00,0.2648106390388722
2026-01-16 12:00:00,0.2065552364238341
2026-01-16 13:00:00,0.20201960279567427
2026-01-16 14:00:00,0.16986083698936166
2026-01-16 15:00:00,0.16979453827056065
2026-01-16 16:00:00,0.18656751832865676
2026-01-16 17:00:00,0.17099170771865313
2026-01-16 18:00:00,0.19083053191751334
2026-01-16 19:00:00,0.2095277728665876
2026-01-16 20:00:00,0.22007122999490647
2026-01-16 21:00:00,0.1557679000219612
2026-01-16 22:00:00,0.12336240926712044
2026-01-16 23:00:00,0.06540075319992135
2026-01-17 00:00:00,0.03105780556537488
2026-01-17 01:00:00,0.01
2026-01-17 02:00:00,0.01
2026-01-17 03:00:00,0.01
2026-01-17 04:00:00,0.014325548085979689
2026-01-17 05:00:00,0.11800414793054562
2026-01-17 06:00:00,0.17901658858624234
2026-01-17 07:00:00,0.2259853773719824
2026-01-17 08:00:00,0.26283121029343415
2026-01-17 09:00:00,0.32156119655758697
2026-01-17 10:00:00,0.2596540349520028
2026-01-17 11:00:00,0.2436685696916884
2026-01-17 12:00:00,0.19218364934982227
2026-01-17 13:00:00,0.17549328761471342
2026-01-17 14:00:00,0.14745315689664007
2026-01-17 15:00:00,0.13902511723790636
2026-01-17 16:00:00,0.17920759962703534
2026-01-17 17:00:00,0.1829638006020476
2026-01-17 18:00:00,0.17897532135501892
2026-01-17 19:00:00,0.1439309433784518
2026-01-17 20:00:00,0.15900898329524188
2026-01-17 21:00:00,0.17421076227528487
2026-01-17 22:00:00,0.08686165626599102
2026-01-17 23:00:00,0.059379802595928566
2026-01-18 00:00:00,0.02437519726210341
2026-01-18 01:00:00,0.01
2026-01-18 02:00:00,0.01
2026-01-18 03:00:00,0.01
2026-01-18 04:00:00,0.06300850936194877
2026-01-18 05:00:00,0.10214281668020915
2026-01-18 06:00:00,0.18038831801112984
2026-01-18 07:00:00,0.21233256593305896
2026-01-18 08:00:00,0.2612674981257614
2026-01-18 09:00:00,0.27641443045881786
2026-01-18 10:00:00,0.2683775053269228
2026-01-18 11:00:00,0.22011631105143506
2026-01-18 12:00:00,0.22069972546423477
2026-01-18 13:00:00,0.1629333168069088
2026-01-18 14:00:00,0.12673155970445965
2026-01-18 15:00:00,0.14436948276818437
2026-01-18 16:00:00,0.15326169086821137
2026-01-18 17:00:00,0.1685368072406429
2026-01-18 18:00:00,0.19817804728809066
2026-01-18 19:00:00,0.17576932945535742
2026-01-18 20:00:00,0.16345176686728285
2026-01-18 21:00:00,0.1179395226794962
2026-01-18 22:00:00,0.1034518233976891
2026-01-18 23:00:00,0.04641811456507926
2026-01-19 00:00:00,0.022263067175205736
2026-01-19 01:00:00,0.01
2026-01-19 02:00:00,0.026127125632000647
2026-01-19 03:00:00,0.011985700215289719
2026-01-19 04:00:00,0.06969431294407263
2026-01-19 05:00:00,0.14555674624050619
2026-01-19 06:00:00,0.1856151141553679
2026-01-19 07:00:00,0.234494646204906
2026-01-19 08:00:00,0.25920426934410823
2026-01-19 09:00:00,0.31254102078069046
2026-01-19 10:00:00,0.2819882297921673
2026-01-19 11:00:00,0.306565117100625
2026-01-19 12:00:00,0.21364815710015514
2026-01-19 13:00:00,0.18388239507825832
2026-01-19 14:00:00,0.16918512890878107
2026-01-19 15:00:00,0.17546927574651744
2026-01-19 16:00:00,0.17151043300283855
2026-01-19 17:00:00,0.20113037080490795
2026-01-19 18:00:00,0.18888465723478842
2026-01-19 19:00:00,0.18440960808124535
2026-01-19 20:00:00,0.1640902619934816
2026-01-19 21:00:00,0.12695109773073843
2026-01-19 22:00:00,0.10918990741404856
2026-01-19 23:00:00,0.06495619576981317
2026-01-20 00:00:00,0.01990458956745786
2026-01-20 01:00:00,0.023982744024773323
2026-01-20 02:00:00,0.0236940577453838
2026-01-20 03:00:00,0.026191516765550482
2026-01-20 04:00:00,0.05246732828182621
2026-01-20 05:00:00,0.1324936638486278
2026-01-20 06:00:00,0.19537882407094975
2026-01-20 07:00:00,0.24785293033961975
2026-01-20 08:00:00,0.281410361421232
2026-01-20 09:00:00,0.2927367849463212
2026-01-20 10:00:00,0.28518056111968315
2026-01-20 11:00:00,0.25393561112637913
2026-01-20 12:00:00,0.23250098260908958
2026-01-20 13:00:00,0.20392235306335252
2026-01-20 14:00:00,0.1648190090504122
2026-01-20 15:00:00,0.19170089770463306
2026-01-20 16:00:00,0.16467521045209646
2026-01-20 17:00:00,0.16849104028272766
2026-01-20 18:00:00,0.21008781605018145
2026-01-20 19:00:00,0.19368502373707142
2026-01-20 20:00:00,0.19669551704106647
2026-01-20 21:00:00,0.12506234312837586
2026-01-20 22:00:00,0.13866044372350786
2026-01-20 23:00:00,0.08036796347140497
2026-01-21 00:00:00,0.01
2026-01-21 01:00:00,0.01
2026-01-21 02:00:00,0.0311652542918376
2026-01-21 03:00:00,0.020960524153861543
2026-01-21 04:00:00,0.06767103337782922
2026-01-21 05:00:00,0.10781112018632727
2026-01-21 06:00:00,0.19992213302479528
2026-01-21 07:00:00,0.25510182168036727
2026-01-21 08:00:00,0.30341620256036084
2026-01-21 09:00:00,0.2823602130885391
2026-01-21 10:00:00,0.2689820446036533
2026-01-21 11:00:00,0.2710408282593726
2026-01-21 12:00:00,0.2452847571772246
2026-01-21 13:00:00,0.17575719818712426
2026-01-21 14:00:00,0.1955090577817586
2026-01-21 15:00:00,0.17400570656594277
2026-01-21 16:00:00,0.19656088619493828
2026-01-21 17:00:00,0.19251240519630639
2026-01-21 18:00:00,0.16734963734649935
2026-01-21 19:00:00,0.20447429614765883
2026-01-21 20:00:00,0.20858596338888763
2026-01-21 21:00:00,0.14851884298774104
2026-01-21 22:00:00,0.11276179119676298
2026-01-21 23:00:00,0.06844922092664717
2026-01-22 00:00:00,0.01
2026-01-22 01:00:00,0.032011952863356036
2026-01-22 02:00:00,0.01
2026-01-22 03:00:00,0.04040967522913798
2026-01-22 04:00:00,0.07968571010231051
2026-01-22 05:00:00,0.16146860847967198
2026-01-22 06:00:00,0.21207706898095488
2026-01-22 07:00:00,0.25579617286580403
2026-01-22 08:00:00,0.28008350075674443
2026-01-22 09:00:00,0.31611657106775337
2026-01-22 10:00:00,0.2644871479636583
2026-01-22 11:00:00,0.27476716607757884
2026-01-22 12:00:00,0.21450055587121059
2026-01-22 13:00:00,0.21891115941895717
2026-01-22 14:00:00,0.18250826066291795
2026-01-22 15:00:00,0.18390685649710717
2026-01-22 16:00:00,0.18221605935190444
2026-01-22 17:00:00,0.16808247522767075
2026-01-22 18:00:00,0.1930752896936036
2026-01-22 19:00:00,0.21764206798228525
2026-01-22 20:00:00,0.1959860644049313
2026-01-22 21:00:00,0.1804423028892969
2026-01-22 22:00:00,0.1254328052116474
2026-01-22 23:00:00,0.05739311615508702
2026-01-23 00:00:00,0.019842208246370785
2026-01-23 01:00:00,0.01
2026-01-23 02:00:00,0.01
2026-01-23 03:00:00,0.05872221519403745
2026-01-23 04:00:00,0.08840937135784371
2026-01-23 05:00:00,0.16180678475766136
2026-01-23 06:00:00,0.18307411120004283
2026-01-23 07:00:00,0.27878545751159417
2026-01-23 08:00:00,0.32775565397759654
2026-01-23 09:00:00,0.28513257838400824
2026-01-23 10:00:00,0.30495673761418074
2026-01-23 11:00:00,0.26589240211139653
2026-01-23 12:00:00,0.2086166625884567
2026-01-23 13:00:00,0.20831710723503233
2026-01-23 14:00:00,0.19338975876318446
2026-01-23 15:00:00,0.16602504485696953
2026-01-23 16:00:00,0.1992719181160087
2026-01-23 17:00:00,0.17016362372059443
2026-01-23 18:00:00,0.18436182811543572
2026-01-23 19:00:00,0.21040213201959249
2026-01-23 20:00:00,0.1946639494817644
2026-01-23 21:00:00,0.15277579515099693
2026-01-23 22:00:00,0.13232454647331482
2026-01-23 23:00:00,0.08065400239651287
2026-01-24 00:00:00,0.020446485524308833
2026-01-24 01:00:00,0.01
2026-01-24 02:00:00,0.01
2026-01-24 03:00:00,0.01
2026-01-24 04:00:00,0.08838167981159759
2026-01-24 05:00:00,0.10700430839821679
2026-01-24 06:00:00,0.21415386090217334
2026-01-24 07:00:00,0.23643152846072474
2026-01-24 08:00:00,0.24944173611676748
2026-01-24 09:00:00,0.3012581731201153
2026-01-24 10:00:00,0.2710654606646669
2026-01-24 11:00:00,0.25443384356490906
2026-01-24 12:00:00,0.22593223823843758
2026-01-24 13:00:00,0.18178441011754795
2026-01-24 14:00:00,0.1477933271665503
2026-01-24 15:00:00,0.16546887296015927
2026-01-24 16:00:00,0.1575857320721176
2026-01-24 17:00:00,0.18124417124967698
2026-01-24 18:00:00,0.15026844085342675
2026-01-24 19:00:00,0.19084912598902729
2026-01-24 20:00:00,0.16049561208312318
2026-01-24 21:00:00,0.16411527118315478
2026-01-24 22:00:00,0.10531816930019128
2026-01-24 23:00:00,0.052079683019131365
2026-01-25 00:00:00,0.015654330030869107
2026-01-25 01:00:00,0.01
2026-01-25 02:00:00,0.01
2026-01-25 03:00:00,0.04006765300438174
2026-01-25 04:00:00,0.06425338278883908
2026-01-25 05:00:00,0.14383382914896833
2026-01-25 06:00:00,0.17482245715052783
2026-01-25 07:00:00,0.2247367864313261
2026-01-25 08:00:00,0.27147355136154966
2026-01-25 09:00:00,0.28804637910862196
2026-01-25 10:00:00,0.2640524202904129
2026-01-25 11:00:00,0.2505187856150499
2026-01-25 12:00:00,0.21295552236171705
2026-01-25 13:00:00,0.16252575584632395
2026-01-25 14:00:00,0.16524411577083553
2026-01-25 15:00:00,0.16457137660326054
2026-01-25 16:00:00,0.16093171989447172
2026-01-25 17:00:00,0.18903130618979327
2026-01-25 18:00:00,0.16509862322816157
2026-01-25 19:00:00,0.19194893723617446
2026-01-25 20:00:00,0.1533054695346642
2026-01-25 21:00:00,0.12338968692229768
2026-01-25 22:00:00,0.08729317724610518
2026-01-25 23:00:00,0.03513619474809543
2026-01-26 00:00:00,0.02591884234640443
2026-01-26 01:00:00,0.01
2026-01-26 02:00:00,0.022593556544048432
2026-01-26 03:00:00,0.03115881064444838
2026-01-26 04:00:00,0.06035439402597767
2026-01-26 05:00:00,0.1628578928146969
2026-01-26 06:00:00,0.19658242762329597
2026-01-26 07:00:00,0.2615917830150371
2026-01-26 08:00:00,0.30333682723163224
2026-01-26 09:00:00,0.3102955193060509
2026-01-26 10:00:00,0.31215401321878755
2026-01-26 11:00:00,0.27541640940731976
2026-01-26 12:00:00,0.22121913593206496
2026-01-26 13:00:00,0.2359578895824704
2026-01-26 14:00:00,0.18615632195603893
2026-01-26 15:00:00,0.17518744906302083
2026-01-26 16:00:00,0.19859766097335513
2026-01-26 17:00:00,0.20126244832672469
2026-01-26 18:00:00,0.2151272025216115
2026-01-26 19:00:00,0.24809154038011272
2026-01-26 20:00:00,0.19251195820369585
2026-01-26 21:00:00,0.16111359338243877
2026-01-26 22:00:00,0.1242849169292647
2026-01-26 23:00:00,0.0911189360323304
2026-01-27 00:00:00,0.012313456634164499
2026-01-27 01:00:00,0.01
2026-01-27 02:00:00,0.01
2026-01-27 03:00:00,0.012240039298643562
2026-01-27 04:00:00,0.07853899687413594
2026-01-27 05:00:00,0.15406705801870782
2026-01-27 06:00:00,0.19655023413373657
2026-01-27 07:00:00,0.24184287822938538
2026-01-27 08:00:00,0.2984515245127507
2026-01-27 09:00:00,0.32101220275873577
2026-01-27 10:00:00,0.27108940588771524
2026-01-27 11:00:00,0.28130753569051714
2026-01-27 12:00:00,0.24717106014309545
2026-01-27 13:00:00,0.2183634209644439
2026-01-27 14:00:00,0.20229121068853972
2026-01-27 15:00:00,0.21120044879173666
2026-01-27 16:00:00,0.17957008635773472
2026-01-27 17:00:00,0.19993694529844044
2026-01-27 18:00:00,0.20366489058830017
2026-01-27 19:00:00,0.21151112053193855
2026-01-27 20:00:00,0.2204045674215652
2026-01-27 21:00:00,0.14647747699323865
2026-01-27 22:00:00,0.11039318162609309
2026-01-27 23:00:00,0.09647659850568222
2026-01-28 00:00:00,0.05097806114867384
2026-01-28 01:00:00,0.01
2026-01-28 02:00:00,0.024391003183509452
2026-01-28 03:00:00,0.0426331677800354
2026-01-28 04:00:00,0.10818163268015736
2026-01-28 05:00:00,0.14841325294229207
2026-01-28 06:00:00,0.22606199525323128
2026-01-28 07:00:00,0.30364150199661677
2026-01-28 08:00:00,0.3071490008708545
2026-01-28 09:00:00,0.3095800194345528
2026-01-28 10:00:00,0.30811675870190114
2026-01-28 11:00:00,0.2642908833009911
2026-01-28 12:00:00,0.27149702912801355
2026-01-28 13:00:00,0.2075192564556562
2026-01-28 14:00:00,0.18068605412020372
2026-01-28 15:00:00,0.16640095130466387
2026-01-28 16:00:00,0.20213581641923914
2026-01-28 17:00:00,0.21206722924781068
2026-01-28 18:00:00,0.20321719797393117
2026-01-28 19:00:00,0.22089428449555973
2026-01-28 20:00:00,0.1755491740219497
2026-01-28 21:00:00,0.17019329933641805
2026-01-28 22:00:00,0.13086631844784916
2026-01-28 23:00:00,0.10219487805962416
2026-01-29 00:00:00,0.024874409964859012
2026-01-29 01:00:00,0.01
2026-01-29 02:00:00,0.01
2026-01-29 03:00:00,0.01822558109857797
2026-01-29 04:00:00,0.10648655237217416
2026-01-29 05:00:00,0.1712843769208979
2026-01-29 06:00:00,0.21623994067502184
2026-01-29 07:00:00,0.2830899259851516
2026-01-29 08:00:00,0.30094606771449295
2026-01-29 09:00:00,0.3081726006927656
2026-01-29 10:00:00,0.29304366809842686
2026-01-29 11:00:00,0.2658734097640328
2026-01-29 12:00:00,0.213219668661154
2026-01-29 13:00:00,0.20954119080497344
2026-01-29 14:00:00,0.18493422373102264
2026-01-29 15:00:00,0.19087587570177944
2026-01-29 16:00:00,0.18783954445236858
2026-01-29 17:00:00,0.1973780409925051
2026-01-29 18:00:00,0.198368796555675
2026-01-29 19:00:00,0.21408899133169668
2026-01-29 20:00:00,0.21001025046803184
2026-01-29 21:00:00,0.15102783430470967
2026-01-29 22:00:00,0.1261462579325567
2026-01-29 23:00:00,0.08083975364982494
2026-01-30 00:00:00,0.02641780575372482
2026-01-30 01:00:00,0.01
2026-01-30 02:00:00,0.016545399861048193
2026-01-30 03:00:00,0.022024878831121836
2026-01-30 04:00:00,0.09243763323673973
2026-01-30 05:00:00,0.13537655739285878
2026-01-30 06:00:00,0.2281315829034971
2026-01-30 07:00:00,0.3005900034829083
2026-01-30 08:00:00,0.28677742548247154
2026-01-30 09:00:00,0.31836447884610664
2026-01-30 10:00:00,0.2878901893132124
2026-01-30 11:00:00,0.2868956727438725
2026-01-30 12:00:00,0.21820990137172064
2026-01-30 13:00:00,0.21353825622948847
2026-01-30 14:00:00,0.17319648338310245
2026-01-30 15:00:00,0.1773427815063452
2026-01-30 16:00:00,0.17172339838078926
2026-01-30 17:00:00,0.2129059390816872
2026-01-30 18:00:00,0.19963407219140508
2026-01-30 19:00:00,0.2220382421715571
2026-01-30 20:00:00,0.19452730708406385
2026-01-30 21:00:00,0.16721291909619407
2026-01-30 22:00:00,0.12780257574055698
2026-01-30 23:00:00,0.06666882480420941
2026-01-31 00:00:00,0.016089053895718464
2026-01-31 01:00:00,0.01184407774518162
2026-01-31 02:00:00,0.01
2026-01-31 03:00:00,0.032348115939225236
2026-01-31 04:00:00,0.08540501169492197
2026-01-31 05:00:00,0.11230931784693249
2026-01-31 06:00:00,0.16610772811624694
2026-01-31 07:00:00,0.24579677048926665
2026-01-31 08:00:00,0.2672224343511021
2026-01-31 09:00:00,0.3141251788825379
2026-01-31 10:00:00,0.2750582006785466
2026-01-31 11:00:00,0.23499313870098434
2026-01-31 12:00:00,0.19572615452742959
2026-01-31 13:00:00,0.1984227989240416
2026-01-31 14:00:00,0.1534683279597863
2026-01-31 15:00:00,0.15684975201933352
2026-01-31 16:00:00,0.17727058836929244
2026-01-31 17:00:00,0.16905157642389482
2026-01-31 18:00:00,0.18724461476150284
2026-01-31 19:00:00,0.18925502181884826
2026-01-31 20:00:00,0.1856834148653466
2026-01-31 21:00:00,0.15353593939043828
2026-01-31 22:00:00,0.09802930084533898
2026-01-31 23:00:00,0.05479570048614625
2026-02-01 00:00:00,0.01
2026-02-01 01:00:00,0.01
2026-02-01 02:00:00,0.01
2026-02-01 03:00:00,0.04389107337828588
2026-02-01 04:00:00,0.05041499325791156
2026-02-01 05:00:00,0.11369343021398488
2026-02-01 06:00:00,0.1756098637936214
2026-02-01 07:00:00,0.2528734668432093
2026-02-01 08:00:00,0.2828980621812241
2026-02-01 09:00:00,0.28445529838451833
2026-02-01 10:00:00,0.26150303482213694
2026-02-01 11:00:00,0.2491490148717832
2026-02-01 12:00:00,0.19020144845824047
2026-02-01 13:00:00,0.18496285621621383
2026-02-01 14:00:00,0.1758461865380404
2026-02-01 15:00:00,0.1381615661535942
2026-02-01 16:00:00,0.14068300621583257
2026-02-01 17:00:00,0.20074425325395245
2026-02-01 18:00:00,0.17949438577570875
2026-02-01 19:00:00,0.2072799988310157
2026-02-01 20:00:00,0.17386081539031
2026-02-01 21:00:00,0.14298268527933577
2026-02-01 22:00:00,0.10864443048228338
2026-02-01 23:00:00,0.041318214888174165
2026-02-02 00:00:00,0.041387715729349614
2026-02-02 01:00:00,0.01
2026-02-02 02:00:00,0.01
2026-02-02 03:00:00,0.04629990629532331
2026-02-02 04:00:00,0.08545064147374623
2026-02-02 05:00:00,0.14866298163999228
2026-02-02 06:00:00,0.19624784442570262
2026-02-02 07:00:00,0.291605073887442
2026-02-02 08:00:00,0.3150509713727067
2026-02-02 09:00:00,0.32702518024198235
2026-02-02 10:00:00,0.29642112841873364
2026-02-02 11:00:00,0.2475550978632705
2026-02-02 12:00:00,0.2686940193142577
2026-02-02 13:00:00,0.2076244733019009
2026-02-02 14:00:00,0.17727080201505807
2026-02-02 15:00:00,0.18891105502898356
2026-02-02 16:00:00,0.20690707039696446
2026-02-02 17:00:00,0.20243640474588503
2026-02-02 18:00:00,0.23357888609600563
2026-02-02 19:00:00,0.23221525842824886
2026-02-02 20:00:00,0.1857545407658841
2026-02-02 21:00:00,0.16103463415720098
2026-02-02 22:00:00,0.1421607756476677
2026-02-02 23:00:00,0.0396184874908517
2026-02-03 00:00:00,0.03787993026090611
2026-02-03 01:00:00,0.01
2026-02-03 02:00:00,0.01
2026-02-03 03:00:00,0.037476880920455286
2026-02-03 04:00:00,0.08474809998976836
2026-02-03 05:00:00,0.14345594236643977
2026-02-03 06:00:00,0.19866461091394877
2026-02-03 07:00:00,0.30283424445474627
2026-02-03 08:00:00,0.33063369572080126
2026-02-03 09:00:00,0.29585336175702437
2026-02-03 10:00:00,0.3254560573063784
2026-02-03 11:00:00,0.268222365930195
2026-02-03 12:00:00,0.24205957775835665
2026-02-03 13:00:00,0.20831333360500118
2026-02-03 14:00:00,0.17932807641801538
2026-02-03 15:00:00,0.19813832364729506
2026-02-03 16:00:00,0.19201006361703085
2026-02-03 17:00:00,0.19635539882034442
2026-02-03 18:00:00,0.19555292400137392
2026-02-03 19:00:00,0.20328784122617502
2026-02-03 20:00:00,0.1780010639243495
2026-02-03 21:00:00,0.1720463460497867
2026-02-03 22:00:00,0.11056924139567123
2026-02-03 23:00:00,0.07704577534169614
2026-02-04 00:00:00,0.06138661561871141
2026-02-04 01:00:00,0.0347800934956399
2026-02-04 02:00:00,0.016248394024572732
2026-02-04 03:00:00,0.041366233519920984
2026-02-04 04:00:00,0.11903320605587099
2026-02-04 05:00:00,0.16026452510968447
2026-02-04 06:00:00,0.21091799091640806
2026-02-04 07:00:00,0.24777862585183408
2026-02-04 08:00:00,0.309243186087027
2026-02-04 09:00:00,0.3264375278057865
2026-02-04 10:00:00,0.2929628553252951
2026-02-04 11:00:00,0.2792957117705332
2026-02-04 12:00:00,0.23538148839083045
2026-02-04 13:00:00,0.20721527917164478
2026-02-04 14:00:00,0.15262029732956478
2026-02-04 15:00:00,0.18076713959363572
2026-02-04 16:00:00,0.20537562735067671
2026-02-04 17:00:00,0.19474595399130956
2026-02-04 18:00:00,0.21662298333778565
2026-02-04 19:00:00,0.2060658279877579
2026-02-04 20:00:00,0.20874171295894747
2026-02-04 21:00:00,0.16932846701669144
2026-02-04 22:00:00,0.11514392432588197
2026-02-04 23:00:00,0.10173077720062607
2026-02-05 00:00:00,0.055473993875673214
2026-02-05 01:00:00,0.01
2026-02-05 02:00:00,0.024904297935512826
2026-02-05 03:00:00,0.0514386103125081
2026-02-05 04:00:00,0.10117453219785769
2026-02-05 05:00:00,0.1277442707225118
2026-02-05 06:00:00,0.23163911178817947
2026-02-05 07:00:00,0.26132833902288904
2026-02-05 08:00:00,0.298672594671071
2026-02-05 09:00:00,0.35427082335908067
2026-02-05 10:00:00,0.3076706547619491
2026-02-05 11:00:00,0.2698377591698892
2026-02-05 12:00:00,0.20846059808135148
2026-02-05 13:00:00,0.2315271530269593
2026-02-05 14:00:00,0.1704644089890049
2026-02-05 15:00:00,0.16974720295501938
2026-02-05 16:00:00,0.18656972918637232
2026-02-05 17:00:00,0.22616809505844648
2026-02-05 18:00:00,0.22813861347267644
2026-02-05 19:00:00,0.21574245179866697
2026-02-05 20:00:00,0.20866439462727235
2026-02-05 21:00:00,0.16427545544480163
2026-02-05 22:00:00,0.13203227863772649
2026-02-05 23:00:00,0.08354748221545537
2026-02-06 00:00:00,0.05676788278325842
2026-02-06 01:00:00,0.03269951827188265
2026-02-06 02:00:00,0.02554345470267895
2026-02-06 03:00:00,0.038638537582358995
2026-02-06 04:00:00,0.10336366876389005
2026-02-06 05:00:00,0.15247490284474038
2026-02-06 06:00:00,0.2010076188173412
2026-02-06 07:00:00,0.26452082726345905
2026-02-06 08:00:00,0.306004239104803
2026-02-06 09:00:00,0.329052154505497
2026-02-06 10:00:00,0.3010859521441248
2026-02-06 11:00:00,0.2581909363083509
2026-02-06 12:00:00,0.24308745959749048
2026-02-06 13:00:00,0.21307885229396037
2026-02-06 14:00:00,0.19412643916002334
2026-02-06 15:00:00,0.1992931799221765
2026-02-06 16:00:00,0.20752018294938665
2026-02-06 17:00:00,0.19670507577256524
2026-02-06 18:00:00,0.20799418247730406
2026-02-06 19:00:00,0.20320335445728693
2026-02-06 20:00:00,0.2152185694022453
2026-02-06 21:00:00,0.19570986313828206
2026-02-06 22:00:00,0.1259075650509605
2026-02-06 23:00:00,0.07952229324825653
2026-02-07 00:00:00,0.0399255818592409
2026-02-07 01:00:00,0.01
2026-02-07 02:00:00,0.01
2026-02-07 03:00:00,0.01
2026-02-07 04:00:00,0.07810476454494758
2026-02-07 05:00:00,0.11560489388785786
2026-02-07 06:00:00,0.17591354071673193
2026-02-07 07:00:00,0.24105607964834058
2026-02-07 08:00:00,0.27163695265402593
2026-02-07 09:00:00,0.2877624314924684
2026-02-07 10:00:00,0.25791165936632643
2026-02-07 11:00:00,0.2663986707316782
2026-02-07 12:00:00,0.23483913792350278
2026-02-07 13:00:00,0.15785438373871802
2026-02-07 14:00:00,0.18170325096919843
2026-02-07 15:00:00,0.1490246868932538
2026-02-07 16:00:00,0.1807784765604981
2026-02-07 17:00:00,0.18027905062601213
2026-02-07 18:00:00,0.1933554769669713
2026-02-07 19:00:00,0.19171737953801887
2026-02-07 20:00:00,0.1986057815692586
2026-02-07 21:00:00,0.13107125048305904
2026-02-07 22:00:00,0.11543890820833762
2026-02-07 23:00:00,0.07535121335019283
2026-02-08 00:00:00,0.02934743863014949
2026-02-08 01:00:00,0.02942833322415489
2026-02-08 02:00:00,0.01
2026-02-08 03:00:00,0.0347993263584587
2026-02-08 04:00:00,0.06701097789192206
2026-02-08 05:00:00,0.14872152405708133
2026-02-08 06:00:00,0.19348700248622283
2026-02-08 07:00:00,0.2411180104881913
2026-02-08 08:00:00,0.3006934204801178
2026-02-08 09:00:00,0.28439149173924705
2026-02-08 10:00:00,0.2590139914169789
2026-02-08 11:00:00,0.24494221680334277
2026-02-08 12:00:00,0.2278878316208714
2026-02-08 13:00:00,0.20862359604092368
2026-02-08 14:00:00,0.16937181842993493
2026-02-08 15:00:00,0.18163406626537562
2026-02-08 16:00:00,0.14822971359987946
2026-02-08 17:00:00,0.1753352899600269
2026-02-08 18:00:00,0.1892737106647319
2026-02-08 19:00:00,0.19345394678353642
2026-02-08 20:00:00,0.18236375324579632
2026-02-08 21:00:00,0.16070722894810444
2026-02-08 22:00:00,0.1003276944710422
2026-02-08 23:00:00,0.06159518509743353
2026-02-09 00:00:00,0.04359477168964804
2026-02-09 01:00:00,0.01
2026-02-09 02:00:00,0.018464074329843427
2026-02-09 03:00:00,0.043954138693564446
2026-02-09 04:00:00,0.09179540656946317
2026-02-09 05:00:00,0.15636610238297854
2026-02-09 06:00:00,0.22040671815370966
2026-02-09 07:00:00,0.2661209971519839
2026-02-09 08:00:00,0.32586233605407783
2026-02-09 09:00:00,0.29989198900895125
2026-02-09 10:00:00,0.2950596037959043
2026-02-09 11:00:00,0.320063652036769
2026-02-09 12:00:00,0.22870174471967045
2026-02-09 13:00:00,0.19310597226893642
2026-02-09 14:00:00,0.20439130659797103
2026-02-09 15:00:00,0.15637359007272264
2026-02-09 16:00:00,0.1907425063949223
2026-02-09 17:00:00,0.23984089343090825
2026-02-09 18:00:00,0.19609757621220789
2026-02-09 19:00:00,0.19111214853200903
2026-02-09 20:00:00,0.1842838970151434
2026-02-09 21:00:00,0.18948823573489182
2026-02-09 22:00:00,0.14954072546585226
2026-02-09 23:00:00,0.07749020046092452
2026-02-10 00:00:00,0.05517966411176503
2026-02-10 01:00:00,0.04174082005168914
2026-02-10 02:00:00,0.04763913388975255
2026-02-10 03:00:00,0.04307386543156368
2026-02-10 04:00:00,0.06040940228669925
2026-02-10 05:00:00,0.1442363897053517
2026-02-10 06:00:00,0.21352941512772022
2026-02-10 07:00:00,0.2693812058971582
2026-02-10 08:00:00,0.3046135870366182
2026-02-10 09:00:00,0.33487748042319676
2026-02-10 10:00:00,0.32565044483050665
2026-02-10 11:00:00,0.27644895587178414
2026-02-10 12:00:00,0.2614087511925264
2026-02-10 13:00:00,0.21943707589628936
2026-02-10 14:00:00,0.19500160802313152
2026-02-10 15:00:00,0.20178841324322042
2026-02-10 16:00:00,0.1960152587753178
2026-02-10 17:00:00,0.23918055021846754
2026-02-10 18:00:00,0.19835531054983072
2026-02-10 19:00:00,0.21377391533894963
2026-02-10 20:00:00,0.2055336945974398
2026-02-10 21:00:00,0.1832644955737971
2026-02-10 22:00:00,0.15234834497985159
2026-02-10 23:00:00,0.08547291691429999
2026-02-11 00:00:00,0.02424828616952074
2026-02-11 01:00:00,0.034174951446199225
2026-02-11 02:00:00,0.03280357202579948
2026-02-11 03:00:00,0.018291267618935153
2026-02-11 04:00:00,0.09552466890705191
2026-02-11 05:00:00,0.13334769894165738
2026-02-11 06:00:00,0.210611964449583
2026-02-11 07:00:00,0.2603734068017569
2026-02-11 08:00:00,0.3202207013857437
2026-02-11 09:00:00,0.3204967669271843
2026-02-11 10:00:00,0.28790040627921737
2026-02-11 11:00:00,0.2928753029853809
2026-02-11 12:00:00,0.22407464355318774
2026-02-11 13:00:00,0.219674115114252
2026-02-11 14:00:00,0.18247411125118446
2026-02-11 15:00:00,0.183355347508978
2026-02-11 16:00:00,0.20314579213268968
2026-02-11 17:00:00,0.2167853764082589
2026-02-11 18:00:00,0.24063626701545335
2026-02-11 19:00:00,0.22091792619062295
2026-02-11 20:00:00,0.212678493856564
2026-02-11 21:00:00,0.1707568982412272
2026-02-11 22:00:00,0.13670903877301208
2026-02-11 23:00:00,0.09308143900333488
2026-02-12 00:00:00,0.044747533229831576
2026-02-12 01:00:00,0.01
2026-02-12 02:00:00,0.027091704008166823
2026-02-12 03:00:00,0.053528019699491475
2026-02-12 04:00:00,0.086019578796428
2026-02-12 05:00:00,0.1385744708903075
2026-02-12 06:00:00,0.24336036819920676
2026-02-12 07:00:00,0.28192767339914826
2026-02-12 08:00:00,0.3052859654778216
2026-02-12 09:00:00,0.30232927109692265
2026-02-12 10:00:00,0.29549749889377097
2026-02-12 11:00:00,0.29985361952234757
2026-02-12 12:00:00,0.24828711005466797
2026-02-12 13:00:00,0.2071040522817106
2026-02-12 14:00:00,0.202970059788461
2026-02-12 15:00:00,0.1772649809647743
2026-02-12 16:00:00,0.21873482639585295
2026-02-12 17:00:00,0.2298960934753502
2026-02-12 18:00:00,0.21422356987360563
2026-02-12 19:00:00,0.21336212800976523
2026-02-12 20:00:00,0.16945018296126307
2026-02-12 21:00:00,0.1557396965335549
2026-02-12 22:00:00,0.11452759393883712
2026-02-12 23:00:00,0.08915745342755133
2026-02-13 00:00:00,0.041959132794562884
2026-02-13 01:00:00,0.01
2026-02-13 02:00:00,0.018532637345771097
2026-02-13 03:00:00,0.05627011217340591
2026-02-13 04:00:00,0.10477022860991714
2026-02-13 05:00:00,0.12997567963804804
2026-02-13 06:00:00,0.21992868615392588
2026-02-13 07:00:00,0.2544363365006942
2026-02-13 08:00:00,0.32287856881828747
2026-02-13 09:00:00,0.3317774180089735
2026-02-13 10:00:00,0.29498477034476034
2026-02-13 11:00:00,0.26945454295408416
2026-02-13 12:00:00,0.23993363260370876
2026-02-13 13:00:00,0.1822014147852872
2026-02-13 14:00:00,0.20099470134123587
2026-02-13 15:00:00,0.18601874300090326
2026-02-13 16:00:00,0.21140526459970124
2026-02-13 17:00:00,0.19375840460199711
2026-02-13 18:00:00,0.21256579413743437
2026-02-13 19:00:00,0.20082476026417745
2026-02-13 20:00:00,0.19428827990876954
2026-02-13 21:00:00,0.1608641355853382
2026-02-13 22:00:00,0.15018970316543623
2026-02-13 23:00:00,0.07728612800100575
2026-02-14 00:00:00,0.024335551623751506
2026-02-14 01:00:00,0.01
2026-02-14 02:00:00,0.01
2026-02-14 03:00:00,0.021785826602520042
2026-02-14 04:00:00,0.08145946633053626
2026-02-14 05:00:00,0.11597462095417999
2026-02-14 06:00:00,0.20960960821355304
2026-02-14 07:00:00,0.23806091232450188
2026-02-14 08:00:00,0.2777281574614897
2026-02-14 09:00:00,0.3035957466002207
2026-02-14 10:00:00,0.2741239143727339
2026-02-14 11:00:00,0.25712912187152714
2026-02-14 12:00:00,0.21775255392076098
2026-02-14 13:00:00,0.19355411379821355
2026-02-14 14:00:00,0.13586437014817376
2026-02-14 15:00:00,0.13828646195928299
2026-02-14 16:00:00,0.18171242144328492
2026-02-14 17:00:00,0.20141254194757016
2026-02-14 18:00:00,0.18381561579960956
2026-02-14 19:00:00,0.19538249184359618
2026-02-14 20:00:00,0.18939370514611686
2026-02-14 21:00:00,0.16461240754264106
2026-02-14 22:00:00,0.08045521689907581
2026-02-14 23:00:00,0.05008973001899995
2026-02-15 00:00:00,0.018094140416340554
2026-02-15 01:00:00,0.01
2026-02-15 02:00:00,0.03645674799146727
2026-02-15 03:00:00,0.021500161809455298
2026-02-15 04:00:00,0.051978169182528886
2026-02-15 05:00:00,0.14073494776185613
2026-02-15 06:00:00,0.2178977679571994
2026-02-15 07:00:00,0.2530368527228662
2026-02-15 08:00:00,0.2719831029367743
2026-02-15 09:00:00,0.31061532363877664
2026-02-15 10:00:00,0.29463855577000914
2026-02-15 11:00:00,0.24178420108006118
2026-02-15 12:00:00,0.22880421537710388
2026-02-15 13:00:00,0.20718249197404576
2026-02-15 14:00:00,0.189913722130916
2026-02-15 15:00:00,0.16534486931926876
2026-02-15 16:00:00,0.16771163942139894
2026-02-15 17:00:00,0.20487384295555972
2026-02-15 18:00:00,0.1799304235693755
2026-02-15 19:00:00,0.20623152125148467
2026-02-15 20:00:00,0.16503243170362228
2026-02-15 21:00:00,0.17080470236316092
2026-02-15 22:00:00,0.1076096080014775
2026-02-15 23:00:00,0.08301899701989403
2026-02-16 00:00:00,0.05605339326012847
2026-02-16 01:00:00,0.01
2026-02-16 02:00:00,0.04594907751751037
2026-02-16 03:00:00,0.0737882975087239
2026-02-16 04:00:00,0.11191649930378385
2026-02-16 05:00:00,0.14887647942900026
2026-02-16 06:00:00,0.21909199259943446
2026-02-16 07:00:00,0.279197419969967
2026-02-16 08:00:00,0.3006265459248241
2026-02-16 09:00:00,0.3472299839042313
2026-02-16 10:00:00,0.31244963936913006
2026-02-16 11:00:00,0.24222456383709207
2026-02-16 12:00:00,0.25377253910613895
2026-02-16 13:00:00,0.21260051830760984
2026-02-16 14:00:00,0.19666084395146277
2026-02-16 15:00:00,0.186411684262832
2026-02-16 16:00:00,0.21078789816389593
2026-02-16 17:00:00,0.2288594231033484
2026-02-16 18:00:00,0.22792799934867544
2026-02-16 19:00:00,0.22016253488130408
2026-02-16 20:00:00,0.21056214384265806
2026-02-16 21:00:00,0.18071742332863822
2026-02-16 22:00:00,0.12504321093837925
2026-02-16 23:00:00,0.09827354901445741
2026-02-17 00:00:00,0.056171486006106205
2026-02-17 01:00:00,0.04833298183210963
2026-02-17 02:00:00,0.04399855747408252
2026-02-17 03:00:00,0.040823143981859655
2026-02-17 04:00:00,0.11157532676583373
2026-02-17 05:00:00,0.14662464589153013
2026-02-17 06:00:00,0.23470983266231202
2026-02-17 07:00:00,0.2698554479608826
2026-02-17 08:00:00,0.2964220527975655
2026-02-17 09:00:00,0.326634114691148
2026-02-17 10:00:00,0.27075488460433106
2026-02-17 11:00:00,0.25709880016102765
2026-02-17 12:00:00,0.24660847289158505
2026-02-17 13:00:00,0.21964815499279583
2026-02-17 14:00:00,0.19283360997427032
2026-02-17 15:00:00,0.16883807950225715
2026-02-17 16:00:00,0.1870024735161217
2026-02-17 17:00:00,0.2185208955670122
2026-02-17 18:00:00,0.23299757770762475
2026-02-17 19:00:00,0.225597505157841
2026-02-17 20:00:00,0.2291233578637541
2026-02-17 21:00:00,0.18697303366526596
2026-02-17 22:00:00,0.1264564759603823
2026-02-17 23:00:00,0.08597073771811829
2026-02-18 00:00:00,0.028805612026709893
2026-02-18 01:00:00,0.024182031616216765
2026-02-18 02:00:00,0.04242757329470395
2026-02-18 03:00:00,0.06196537225300462
2026-02-18 04:00:00,0.12087874427361459
2026-02-18 05:00:00,0.15692342121759079
2026-02-18 06:00:00,0.24504010130254164
2026-02-18 07:00:00,0.27528285078219317
2026-02-18 08:00:00,0.33442238062337615
2026-02-18 09:00:00,0.3226833365756836
2026-02-18 10:00:00,0.3220596153703358
2026-02-18 11:00:00,0.3060678724783824
2026-02-18 12:00:00,0.2469471899561097
2026-02-18 13:00:00,0.2222651165430643
2026-02-18 14:00:00,0.21828409614136618
2026-02-18 15:00:00,0.1911123297606987
2026-02-18 16:00:00,0.18003522014723536
2026-02-18 17:00:00,0.24537561471385347
2026-02-18 18:00:00,0.21780213741977072
2026-02-18 19:00:00,0.22879994592247177
2026-02-18 20:00:00,0.22968870442659464
2026-02-18 21:00:00,0.1724624229940379
2026-02-18 22:00:00,0.12312804530805199
2026-02-18 23:00:00,0.09456208120754353
2026-02-19 00:00:00,0.023519144455242225
2026-02-19 01:00:00,0.022052211358169566
2026-02-19 02:00:00,0.02998833001021531
2026-02-19 03:00:00,0.048203428569063
2026-02-19 04:00:00,0.0772635262761419
2026-02-19 05:00:00,0.18594605525673624
2026-02-19 06:00:00,0.22696836273316576
2026-02-19 07:00:00,0.30021638198443923
2026-02-19 08:00:00,0.3090147466712214
2026-02-19 09:00:00,0.3103776941010543
2026-02-19 10:00:00,0.31605554460619945
2026-02-19 11:00:00,0.28127106615791164
2026-02-19 12:00:00,0.23274886855405777
2026-02-19 13:00:00,0.2416027316508145
2026-02-19 14:00:00,0.19018377745896206
2026-02-19 15:00:00,0.16607006748681646
2026-02-19 16:00:00,0.22033778123328812
2026-02-19 17:00:00,0.20623272469699083
2026-02-19 18:00:00,0.21629793203469377
2026-02-19 19:00:00,0.20050447739205934
2026-02-19 20:00:00,0.23902941272288297
2026-02-19 21:00:00,0.16281430878096098
2026-02-19 22:00:00,0.13968949225606905
2026-02-19 23:00:00,0.10501201263312801
2026-02-20 00:00:00,0.05729649533924329
2026-02-20 01:00:00,0.026031438751574265
2026-02-20 02:00:00,0.01
2026-02-20 03:00:00,0.04066228540519998
2026-02-20 04:00:00,0.10378774641483471
2026-02-20 05:00:00,0.15078122578413988
2026-02-20 06:00:00,0.22902113324417842
2026-02-20 07:00:00,0.289530702270509
2026-02-20 08:00:00,0.3279082846311984
2026-02-20 09:00:00,0.3057406343794943
2026-02-20 10:00:00,0.3455229725473251
2026-02-20 11:00:00,0.29657551414141564
2026-02-20 12:00:00,0.25094502903916094
2026-02-20 13:00:00,0.23645446743542042
2026-02-20 14:00:00,0.23555439830264038
2026-02-20 15:00:00,0.17264871266316573
2026-02-20 16:00:00,0.1975918017068266
2026-02-20 17:00:00,0.17867617095634902
2026-02-20 18:00:00,0.2288605143339173
2026-02-20 19:00:00,0.23302165574665484
2026-02-20 20:00:00,0.21288330961255547
2026-02-20 21:00:00,0.1728939649444004
2026-02-20 22:00:00,0.1086254832229282
2026-02-20 23:00:00,0.0974811639664667
2026-02-21 00:00:00,0.04834630981226859
2026-02-21 01:00:00,0.01
2026-02-21 02:00:00,0.01
2026-02-21 03:00:00,0.01
2026-02-21 04:00:00,0.08337298850892647
2026-02-21 05:00:00,0.13223215357711685
2026-02-21 06:00:00,0.19007852329449507
2026-02-21 07:00:00,0.24344314772938178
2026-02-21 08:00:00,0.2831106188230436
2026-02-21 09:00:00,0.3054138756914144
2026-02-21 10:00:00,0.2684348849140499
2026-02-21 11:00:00,0.2546506452089278
2026-02-21 12:00:00,0.2258927158835516
2026-02-21 13:00:00,0.17916988153063482
2026-02-21 14:00:00,0.20256731095710792
2026-02-21 15:00:00,0.15697113318744052
2026-02-21 16:00:00,0.16647323884903642
2026-02-21 17:00:00,0.17522207781645335
2026-02-21 18:00:00,0.22849199386061056
2026-02-21 19:00:00,0.21137837175611185
2026-02-21 20:00:00,0.17496591245988413
2026-02-21 21:00:00,0.17484949310161646
2026-02-21 22:00:00,0.11792273258942813
2026-02-21 23:00:00,0.07128101124130455
2026-02-22 00:00:00,0.021880124706552012
2026-02-22 01:00:00,0.01
2026-02-22 02:00:00,0.01
2026-02-22 03:00:00,0.020708390985417352
2026-02-22 04:00:00,0.10429861728146542
2026-02-22 05:00:00,0.11962601174894022
2026-02-22 06:00:00,0.22508963443066304
2026-02-22 07:00:00,0.2537113098999568
2026-02-22 08:00:00,0.29403356884815546
2026-02-22 09:00:00,0.312707232739768
2026-02-22 10:00:00,0.2791960837912162
2026-02-22 11:00:00,0.2741035912372252
2026-02-22 12:00:00,0.18643412500712123
2026-02-22 13:00:00,0.1853881171845837
2026-02-22 14:00:00,0.16228888110616677
2026-02-22 15:00:00,0.15150346548708432
2026-02-22 16:00:00,0.1738229602666546
2026-02-22 17:00:00,0.19621543687081633
2026-02-22 18:00:00,0.21258718281532846
2026-02-22 19:00:00,0.20723043496942584
2026-02-22 20:00:00,0.17956188086443564
2026-02-22 21:00:00,0.16432375657039452
2026-02-22 22:00:00,0.1173090278821578
2026-02-22 23:00:00,0.08199554272797237
2026-02-23 00:00:00,0.06422210495270651
2026-02-23 01:00:00,0.0289807127048035
2026-02-23 02:00:00,0.015006718937871089
2026-02-23 03:00:00,0.044611218668764954
2026-02-23 04:00:00,0.09432121401416332
2026-02-23 05:00:00,0.1594571548897379
2026-02-23 06:00:00,0.23158881082258015
2026-02-23 07:00:00,0.29162948005473965
2026-02-23 08:00:00,0.31430127401350316
2026-02-23 09:00:00,0.32597250962972857
2026-02-23 10:00:00,0.31632018936217776
2026-02-23 11:00:00,0.27892205734065556
2026-02-23 12:00:00,0.2386871705440895
2026-02-23 13:00:00,0.19537716329414712
2026-02-23 14:00:00,0.1912433544160246
2026-02-23 15:00:00,0.20292400904257252
2026-02-23 16:00:00,0.19202438283814033
2026-02-23 17:00:00,0.21238285335759677
2026-02-23 18:00:00,0.2345645237199186
2026-02-23 19:00:00,0.23694839762865472
2026-02-23 20:00:00,0.19887506162624324
2026-02-23 21:00:00,0.1992651719207166
2026-02-23 22:00:00,0.1578757653706223
2026-02-23 23:00:00,0.0765277239215487
2026-02-24 00:00:00,0.04071939990575067
2026-02-24 01:00:00,0.04689882528482117
2026-02-24 02:00:00,0.026771609753094644
2026-02-24 03:00:00,0.021617700336102635
2026-02-24 04:00:00,0.08208173037937776
2026-02-24 05:00:00,0.16095450406252876
2026-02-24 06:00:00,0.21063131319609904
2026-02-24 07:00:00,0.2752094061849064
2026-02-24 08:00:00,0.3160628961556217
2026-02-24 09:00:00,0.34817335541337663
2026-02-24 10:00:00,0.31032268458539514
2026-02-24 11:00:00,0.30325766257286624
2026-02-24 12:00:00,0.2745083553809196
2026-02-24 13:00:00,0.24373227533572314
2026-02-24 14:00:00,0.20645081222959547
2026-02-24 15:00:00,0.16688638856760532
2026-02-24 16:00:00,0.20998932593142605
2026-02-24 17:00:00,0.23218485577782322
2026-02-24 18:00:00,0.22686094636883683
2026-02-24 19:00:00,0.2558157117750776
2026-02-24 20:00:00,0.22847445637237992
2026-02-24 21:00:00,0.193342280772838
2026-02-24 22:00:00,0.15777012324001183
2026-02-24 23:00:00,0.09898491809037449
2026-02-25 00:00:00,0.016181670174190366
2026-02-25 01:00:00,0.022042255480325457
2026-02-25 02:00:00,0.04742880769539462
2026-02-25 03:00:00,0.043297374161158614
2026-02-25 04:00:00,0.10022174008656662
2026-02-25 05:00:00,0.14951937844632257
2026-02-25 06:00:00,0.25533266659314724
2026-02-25 07:00:00,0.3071300243204759
2026-02-25 08:00:00,0.30281579423800975
2026-02-25 09:00:00,0.32894588107344463
2026-02-25 10:00:00,0.3049689573271039
2026-02-25 11:00:00,0.2968905798794982
2026-02-25 12:00:00,0.26121907382375564
2026-02-25 13:00:00,0.2348900885843936
2026-02-25 14:00:00,0.2076551447591829
2026-02-25 15:00:00,0.2408636935957696
2026-02-25 16:00:00,0.18815497118995964
2026-02-25 17:00:00,0.19129668185882504
2026-02-25 18:00:00,0.2226774746545988
2026-02-25 19:00:00,0.20662400445529755
2026-02-25 20:00:00,0.1936868936150308
2026-02-25 21:00:00,0.17029533501732935
2026-02-25 22:00:00,0.1281384537052025
2026-02-25 23:00:00,0.08016197350696308
2026-02-26 00:00:00,0.06183181557497151
2026-02-26 01:00:00,0.022421207489270595
2026-02-26 02:00:00,0.027263272316759304
2026-02-26 03:00:00,0.06930943953331675
2026-02-26 04:00:00,0.09256369344656898
2026-02-26 05:00:00,0.16170843832746748
2026-02-26 06:00:00,0.23454493110968413
2026-02-26 07:00:00,0.25326882410307205
2026-02-26 08:00:00,0.28078494868403164
2026-02-26 09:00:00,0.3324128746527439
2026-02-26 10:00:00,0.32304128590523773
2026-02-26 11:00:00,0.31911441596998336
2026-02-26 12:00:00,0.2564299544562926
2026-02-26 13:00:00,0.23549530442223574
2026-02-26 14:00:00,0.20022898204294468
2026-02-26 15:00:00,0.20177571247688858
2026-02-26 16:00:00,0.2290673839445334
2026-02-26 17:00:00,0.1855805435566579
2026-02-26 18:00:00,0.2352627751818656
2026-02-26 19:00:00,0.2626623330430317
2026-02-26 20:00:00,0.2207890446064305
2026-02-26 21:00:00,0.2105583529319613
2026-02-26 22:00:00,0.13301780869690494
2026-02-26 23:00:00,0.09448523627692797
2026-02-27 00:00:00,0.055033790817552664
2026-02-27 01:00:00,0.01
2026-02-27 02:00:00,0.012905712485526993
2026-02-27 03:00:00,0.03991521068847646
2026-02-27 04:00:00,0.11686191145221181
2026-02-27 05:00:00,0.17923131235673267
2026-02-27 06:00:00,0.2343914669223219
2026-02-27 07:00:00,0.29522627352864445
2026-02-27 08:00:00,0.31456867909089725
2026-02-27 09:00:00,0.3457224787273047
2026-02-27 10:00:00,0.31626528729964887
2026-02-27 11:00:00,0.28949146362203204
2026-02-27 12:00:00,0.2505470307827877
2026-02-27 13:00:00,0.23393835479134426
2026-02-27 14:00:00,0.19731547841097408
2026-02-27 15:00:00,0.21243616377451682
2026-02-27 16:00:00,0.18754868317098383
2026-02-27 17:00:00,0.20142908097105305
2026-02-27 18:00:00,0.2398423216086215
2026-02-27 19:00:00,0.22977275783655957
2026-02-27 20:00:00,0.21022254903942697
2026-02-27 21:00:00,0.19962301343403396
2026-02-27 22:00:00,0.13381945869198883
2026-02-27 23:00:00,0.09243531883831164
2026-02-28 00:00:00,0.050979273827443716
2026-02-28 01:00:00,0.029033501850796395
2026-02-28 02:00:00,0.0294742873519874
2026-02-28 03:00:00,0.027596384519880057
2026-02-28 04:00:00,0.09845139815114343
2026-02-28 05:00:00,0.12737465764959413
2026-02-28 06:00:00,0.1913873114555455
2026-02-28 07:00:00,0.22306782658109592
2026-02-28 08:00:00,0.31758387760485435
2026-02-28 09:00:00,0.2901937402427229
2026-02-28 10:00:00,0.28969540625861434
2026-02-28 11:00:00,0.25042857207635894
2026-02-28 12:00:00,0.24041833330132853
2026-02-28 13:00:00,0.19349702701069021
2026-02-28 14:00:00,0.15952114159832603
2026-02-28 15:00:00,0.17987456587398917
2026-02-28 16:00:00,0.15848490420422298
2026-02-28 17:00:00,0.18081167320689606
2026-02-28 18:00:00,0.1733875178569852
2026-02-28 19:00:00,0.18520148366699313
2026-02-28 20:00:00,0.19516879212218355
2026-02-28 21:00:00,0.13226404117001067
2026-02-28 22:00:00,0.09617112832860686
2026-02-28 23:00:00,0.07086273820547753
2026-03-01 00:00:00,0.022284094472394322
2026-03-01 01:00:00,0.03627425954044003
2026-03-01 02:00:00,0.03384410572571189
2026-03-01 03:00:00,0.01925677757003519
2026-03-01 04:00:00,0.08879526218984236
2026-03-01 05:00:00,0.15329553175672983
2026-03-01 06:00:00,0.1964760150434241
2026-03-01 07:00:00,0.23633888466040204
2026-03-01 08:00:00,0.29275372117416926
2026-03-01 09:00:00,0.3010080961940661
2026-03-01 10:00:00,0.2855042708376747
2026-03-01 11:00:00,0.27116553356516426
2026-03-01 12:00:00,0.21917725380870617
2026-03-01 13:00:00,0.18229891204517693
2026-03-01 14:00:00,0.18117698284748152
2026-03-01 15:00:00,0.17948652213714517
2026-03-01 16:00:00,0.16278852375528935
2026-03-01 17:00:00,0.2077414615889084
2026-03-01 18:00:00,0.17888098084714898
2026-03-01 19:00:00,0.19833649680663634
2026-03-01 20:00:00,0.189068069870826
2026-03-01 21:00:00,0.15263606938918936
2026-03-01 22:00:00,0.11035975043207844
2026-03-01 23:00:00,0.09941173251950511
2026-03-02 00:00:00,0.04310955640089632
2026-03-02 01:00:00,0.06844665566081881
2026-03-02 02:00:00,0.03832717905400175
2026-03-02 03:00:00,0.05909106139367207
2026-03-02 04:00:00,0.11301642303729482
2026-03-02 05:00:00,0.20543982946500705
2026-03-02 06:00:00,0.2159689226775081
2026-03-02 07:00:00,0.26740035874651896
2026-03-02 08:00:00,0.307049824787901
2026-03-02 09:00:00,0.32951754834343594
2026-03-02 10:00:00,0.2915887912427351
2026-03-02 11:00:00,0.2903004889551658
2026-03-02 12:00:00,0.281276024737685
2026-03-02 13:00:00,0.22728460594092542
2026-03-02 14:00:00,0.2005850762302946
2026-03-02 15:00:00,0.1898591838410473
2026-03-02 16:00:00,0.2193504933047533
2026-03-02 17:00:00,0.2068672306481612
2026-03-02 18:00:00,0.25856875654546857
2026-03-02 19:00:00,0.26144321472577603
2026-03-02 20:00:00,0.22222407971640662
2026-03-02 21:00:00,0.18744131858050833
2026-03-02 22:00:00,0.15973017448165944
2026-03-02 23:00:00,0.11320221264098299
2026-03-03 00:00:00,0.04420470929132084
2026-03-03 01:00:00,0.024351770347421864
2026-03-03 02:00:00,0.01235683335851881
2026-03-03 03:00:00,0.06426797592973534
2026-03-03 04:00:00,0.11629400350906549
2026-03-03 05:00:00,0.14766379617904096
2026-03-03 06:00:00,0.22446660168496974
2026-03-03 07:00:00,0.2644195862875769
2026-03-03 08:00:00,0.30531258810355455
2026-03-03 09:00:00,0.3377224245630943
2026-03-03 10:00:00,0.3068948946354818
2026-03-03 11:00:00,0.2858747785456345
2026-03-03 12:00:00,0.23188490933800243
2026-03-03 13:00:00,0.22824011574815606
2026-03-03 14:00:00,0.20473302583798628
2026-03-03 15:00:00,0.1886189693415366
2026-03-03 16:00:00,0.20345937079197504
2026-03-03 17:00:00,0.22238091297501583
2026-03-03 18:00:00,0.219071563023572
2026-03-03 19:00:00,0.2107206478707663
2026-03-03 20:00:00,0.24587820174751435
2026-03-03 21:00:00,0.17853672185173622
2026-03-03 22:00:00,0.143240643330965
2026-03-03 23:00:00,0.11236459865361012
2026-03-04 00:00:00,0.10963920331072538
2026-03-04 01:00:00,0.013991590836095441
2026-03-04 02:00:00,0.03934824332462193
2026-03-04 03:00:00,0.047927507815268916
2026-03-04 04:00:00,0.0986215209285175
2026-03-04 05:00:00,0.15751829067181425
2026-03-04 06:00:00,0.2148185509801594
2026-03-04 07:00:00,0.28441781486448325
2026-03-04 08:00:00,0.2970858351914446
2026-03-04 09:00:00,0.3440680723973339
2026-03-04 10:00:00,0.3191309599161127
2026-03-04 11:00:00,0.2971324827195966
2026-03-04 12:00:00,0.24971054631797485
2026-03-04 13:00:00,0.22033599382906588
2026-03-04 14:00:00,0.21011937445312198
2026-03-04 15:00:00,0.18250138884590267
2026-03-04 16:00:00,0.20133351898096816
2026-03-04 17:00:00,0.2071910772992434
2026-03-04 18:00:00,0.218344843338303
2026-03-04 19:00:00,0.2016258026613644
2026-03-04 20:00:00,0.23929327433936817
2026-03-04 21:00:00,0.1781465213650398
2026-03-04 22:00:00,0.1625514759461776
2026-03-04 23:00:00,0.11364267768917584
2026-03-05 00:00:00,0.03780907172522997
2026-03-05 01:00:00,0.016728410875144983
2026-03-05 02:00:00,0.07140407133486878
2026-03-05 03:00:00,0.08520037304939693
2026-03-05 04:00:00,0.10662628962305586
2026-03-05 05:00:00,0.1725777594089856
2026-03-05 06:00:00,0.2226363712787696
2026-03-05 07:00:00,0.2919181678300675
2026-03-05 08:00:00,0.3088413388121404
2026-03-05 09:00:00,0.2997763442609893
2026-03-05 10:00:00,0.2988782709037555
2026-03-05 11:00:00,0.2915080411696431
2026-03-05 12:00:00,0.24013305879043864
2026-03-05 13:00:00,0.22523058269434834
2026-03-05 14:00:00,0.19008169210992837
2026-03-05 15:00:00,0.1886225313202694
2026-03-05 16:00:00,0.21989654691917532
2026-03-05 17:00:00,0.22419318004783104
2026-03-05 18:00:00,0.23195410100327724
2026-03-05 19:00:00,0.24685352769261804
2026-03-05 20:00:00,0.22680819622318762
2026-03-05 21:00:00,0.2105387438569261
2026-03-05 22:00:00,0.1385986380098065
2026-03-05 23:00:00,0.09156196001615807
2026-03-06 00:00:00,0.03796490448674193
2026-03-06 01:00:00,0.027002344809286108
2026-03-06 02:00:00,0.04785055151870496
2026-03-06 03:00:00,0.07881877066405651
2026-03-06 04:00:00,0.12188612100391218
2026-03-06 05:00:00,0.14218676097411856
2026-03-06 06:00:00,0.2487287216725232
2026-03-06 07:00:00,0.25823757392761604
2026-03-06 08:00:00,0.33345330334444734
2026-03-06 09:00:00,0.325127358986534
2026-03-06 10:00:00,0.3296220835700639
2026-03-06 11:00:00,0.2715874008931005
2026-03-06 12:00:00,0.2750490579732044
2026-03-06 13:00:00,0.20464759963611276
2026-03-06 14:00:00,0.19655726019825837
2026-03-06 15:00:00,0.1857688969008985
2026-03-06 16:00:00,0.1811672706902747
2026-03-06 17:00:00,0.22228136150669126
2026-03-06 18:00:00,0.2595728802501666
2026-03-06 19:00:00,0.2740551225909931
2026-03-06 20:00:00,0.22143888028890585
2026-03-06 21:00:00,0.20597298977380316
2026-03-06 22:00:00,0.1493604226730964
2026-03-06 23:00:00,0.10587220877522863
2026-03-07 00:00:00,0.027718460873223147
2026-03-07 01:00:00,0.011732356608731065
2026-03-07 02:00:00,0.016810330830784315
2026-03-07 03:00:00,0.026011211304499154
2026-03-07 04:00:00,0.08168827614173697
2026-03-07 05:00:00,0.1435923343449174
2026-03-07 06:00:00,0.22024674040008968
2026-03-07 07:00:00,0.24519401785980155
2026-03-07 08:00:00,0.294577557511017
2026-03-07 09:00:00,0.3346933560784099
2026-03-07 10:00:00,0.3119141333073647
2026-03-07 11:00:00,0.2871809590023692
2026-03-07 12:00:00,0.23321716824280234
2026-03-07 13:00:00,0.20680633144049607
2026-03-07 14:00:00,0.19698677351911956
2026-03-07 15:00:00,0.19951329641791765
2026-03-07 16:00:00,0.1535766469468885
2026-03-07 17:00:00,0.17650097554463617
2026-03-07 18:00:00,0.22749235216117153
2026-03-07 19:00:00,0.20526735107718058
2026-03-07 20:00:00,0.18527487880126062
2026-03-07 21:00:00,0.1457795030003759
2026-03-07 22:00:00,0.11292289973852634
2026-03-07 23:00:00,0.05272256875986768
2026-03-08 00:00:00,0.06457281350025378
2026-03-08 01:00:00,0.01
2026-03-08 02:00:00,0.01
2026-03-08 03:00:00,0.043864966134296496
2026-03-08 04:00:00,0.09764157694826522
2026-03-08 05:00:00,0.15901281724733418
2026-03-08 06:00:00,0.22431072856788026
2026-03-08 07:00:00,0.2520775259414888
2026-03-08 08:00:00,0.29123839733491375
2026-03-08 09:00:00,0.3179044576433885
2026-03-08 10:00:00,0.28689810386311626
2026-03-08 11:00:00,0.26722238255776515
2026-03-08 12:00:00,0.23918785587563893
2026-03-08 13:00:00,0.21412485298899625
2026-03-08 14:00:00,0.15564372535215754
2026-03-08 15:00:00,0.18718635699242275
2026-03-08 16:00:00,0.17970053854149082
2026-03-08 17:00:00,0.20720016958248444
2026-03-08 18:00:00,0.21986037479458914
2026-03-08 19:00:00,0.2338951260996349
2026-03-08 20:00:00,0.21600820412358473
2026-03-08 21:00:00,0.18514620151359928
2026-03-08 22:00:00,0.14325891381831646
2026-03-08 23:00:00,0.07848450155259913
2026-03-09 00:00:00,0.05903134069138427
2026-03-09 01:00:00,0.04759633272076699
2026-03-09 02:00:00,0.04542723827888319
2026-03-09 03:00:00,0.05574998743227018
2026-03-09 04:00:00,0.11462091551795575
2026-03-09 05:00:00,0.16964021287381076
2026-03-09 06:00:00,0.2207395707589309
2026-03-09 07:00:00,0.30623928530056194
2026-03-09 08:00:00,0.32187655302378304
2026-03-09 09:00:00,0.3624417716538022
2026-03-09 10:00:00,0.29576872071127813
2026-03-09 11:00:00,0.28428946542208805
2026-03-09 12:00:00,0.2590381469361948
2026-03-09 13:00:00,0.24474995819533937
2026-03-09 14:00:00,0.2136431453533084
2026-03-09 15:00:00,0.20646442853336489
2026-03-09 16:00:00,0.19163960749751952
2026-03-09 17:00:00,0.20457634793764173
2026-03-09 18:00:00,0.23838613429018032
2026-03-09 19:00:00,0.2146569752521372
2026-03-09 20:00:00,0.21307039813149178
2026-03-09 21:00:00,0.19780355148729775
2026-03-09 22:00:00,0.1322111599232363
2026-03-09 23:00:00,0.1235363211923521
2026-03-10 00:00:00,0.07723612934252813
2026-03-10 01:00:00,0.011261296291145584
2026-03-10 02:00:00,0.020788975152786132
2026-03-10 03:00:00,0.02642784210904793
2026-03-10 04:00:00,0.09713821374073783
2026-03-10 05:00:00,0.18199100681729374
2026-03-10 06:00:00,0.227668660044837
2026-03-10 07:00:00,0.2941228526272843
2026-03-10 08:00:00,0.29854206940473366
2026-03-10 09:00:00,0.3440092964001761
2026-03-10 10:00:00,0.31215298613847847
2026-03-10 11:00:00,0.2931522120421102
2026-03-10 12:00:00,0.25748396665806406
2026-03-10 13:00:00,0.20894453371064953
2026-03-10 14:00:00,0.19068335958130697
2026-03-10 15:00:00,0.2166527740488331
2026-03-10 16:00:00,0.21486196654148526
2026-03-10 17:00:00,0.23800972431251327
2026-03-10 18:00:00,0.23874695771149762
2026-03-10 19:00:00,0.2375919444746789
2026-03-10 20:00:00,0.19548692489895833
2026-03-10 21:00:00,0.18656281089272045
2026-03-10 22:00:00,0.14686377899445985
2026-03-10 23:00:00,0.12908110952414173
2026-03-11 00:00:00,0.06949621092262635
2026-03-11 01:00:00,0.058188291254049423
2026-03-11 02:00:00,0.04405238665112329
2026-03-11 03:00:00,0.0503597296344164
2026-03-11 04:00:00,0.11094872468339402
2026-03-11 05:00:00,0.17435331162485768
2026-03-11 06:00:00,0.22010452789458604
2026-03-11 07:00:00,0.2817598605863374
2026-03-11 08:00:00,0.31860535653598865
2026-03-11 09:00:00,0.3564387423321107
2026-03-11 10:00:00,0.28958329393872545
2026-03-11 11:00:00,0.31137172038079375
2026-03-11 12:00:00,0.24513993291675554
2026-03-11 13:00:00,0.20775135097717598
2026-03-11 14:00:00,0.2259935337701671
2026-03-11 15:00:00,0.21342910531448384
2026-03-11 16:00:00,0.22800964197686413
2026-03-11 17:00:00,0.23458429516458196
2026-03-11 18:00:00,0.26508953646720734
2026-03-11 19:00:00,0.24414271976889437
2026-03-11 20:00:00,0.21934470079929885
2026-03-11 21:00:00,0.19607698426614456
2026-03-11 22:00:00,0.1662413579878919
2026-03-11 23:00:00,0.08840864893333777
2026-03-12 00:00:00,0.049714474159124014
2026-03-12 01:00:00,0.030813914765386405
2026-03-12 02:00:00,0.01
2026-03-12 03:00:00,0.06340139562087033
2026-03-12 04:00:00,0.08120087233782937
2026-03-12 05:00:00,0.17190678808083198
2026-03-12 06:00:00,0.24747214923912353
2026-03-12 07:00:00,0.2806734657815222
2026-03-12 08:00:00,0.3471495409498978
2026-03-12 09:00:00,0.3107478728083051
2026-03-12 10:00:00,0.33896425350001613
2026-03-12 11:00:00,0.3037124413721054
2026-03-12 12:00:00,0.23375230417243448
2026-03-12 13:00:00,0.2692953947277767
2026-03-12 14:00:00,0.20763916399297916
2026-03-12 15:00:00,0.18958931539958218
2026-03-12 16:00:00,0.18838649497533452
2026-03-12 17:00:00,0.21957443699245172
2026-03-12 18:00:00,0.2325816998112454
2026-03-12 19:00:00,0.2376024865987706
2026-03-12 20:00:00,0.21752586055373535
2026-03-12 21:00:00,0.20073240971399933
2026-03-12 22:00:00,0.14207581502870226
2026-03-12 23:00:00,0.07137575850958097
2026-03-13 00:00:00,0.05753939693661245
2026-03-13 01:00:00,0.01
2026-03-13 02:00:00,0.040983838456284075
2026-03-13 03:00:00,0.04692773251462992
2026-03-13 04:00:00,0.11223022469509414
2026-03-13 05:00:00,0.19110903958397413
2026-03-13 06:00:00,0.22054858894233714
2026-03-13 07:00:00,0.30403247304312386
2026-03-13 08:00:00,0.31577897587106485
2026-03-13 09:00:00,0.3592403248048286
2026-03-13 10:00:00,0.3159050705518278
2026-03-13 11:00:00,0.28126500721766357
2026-03-13 12:00:00,0.27008839612728647
2026-03-13 13:00:00,0.2223836507720765
2026-03-13 14:00:00,0.19626061703786588
2026-03-13 15:00:00,0.19587099444562214
2026-03-13 16:00:00,0.20911072138861211
2026-03-13 17:00:00,0.243294425850282
2026-03-13 18:00:00,0.2057685031894635
2026-03-13 19:00:00,0.2366960300291943
2026-03-13 20:00:00,0.23165337329116775
2026-03-13 21:00:00,0.19442277516141224
2026-03-13 22:00:00,0.16782525653441632
2026-03-13 23:00:00,0.09957205679607253
2026-03-14 00:00:00,0.03228455418196843
2026-03-14 01:00:00,0.01989328110721808
2026-03-14 02:00:00,0.012439992660584043
2026-03-14 03:00:00,0.03103411133806297
2026-03-14 04:00:00,0.09279498640855338
2026-03-14 05:00:00,0.1368829969062559
2026-03-14 06:00:00,0.20088516853446778
2026-03-14 07:00:00,0.2554667252823584
2026-03-14 08:00:00,0.3178488632172538
2026-03-14 09:00:00,0.2599001638774596
2026-03-14 10:00:00,0.3025893487146457
2026-03-14 11:00:00,0.26965948565666786
2026-03-14 12:00:00,0.2098397689261859
2026-03-14 13:00:00,0.20883940484687163
2026-03-14 14:00:00,0.19129164607067453
2026-03-14 15:00:00,0.18715618711994056
2026-03-14 16:00:00,0.14527540486908344
2026-03-14 17:00:00,0.2189305715028263
2026-03-14 18:00:00,0.1989867752444851
2026-03-14 19:00:00,0.22192134278963616
2026-03-14 20:00:00,0.20866893252499197
2026-03-14 21:00:00,0.15364359669564645
2026-03-14 22:00:00,0.1333571847215871
2026-03-14 23:00:00,0.07017784457216557
2026-03-15 00:00:00,0.01
2026-03-15 01:00:00,0.02878338229977223
2026-03-15 02:00:00,0.01
2026-03-15 03:00:00,0.02433175598603679
2026-03-15 04:00:00,0.07926575330904444
2026-03-15 05:00:00,0.15101338769925401
2026-03-15 06:00:00,0.20945268516726376
2026-03-15 07:00:00,0.2718665549942878
2026-03-15 08:00:00,0.27771940083166535
2026-03-15 09:00:00,0.29733852917562187
2026-03-15 10:00:00,0.29517432562321616
2026-03-15 11:00:00,0.29787263334838265
2026-03-15 12:00:00,0.23360455325338894
2026-03-15 13:00:00,0.22073075262959369
2026-03-15 14:00:00,0.18499260923980393
2026-03-15 15:00:00,0.17131563460285362
2026-03-15 16:00:00,0.18161087496787867
2026-03-15 17:00:00,0.1961673501594141
2026-03-15 18:00:00,0.2193664274140064
2026-03-15 19:00:00,0.23250091111682444
2026-03-15 20:00:00,0.2032069540448901
2026-03-15 21:00:00,0.1848591336758998
2026-03-15 22:00:00,0.10923735488670619
2026-03-15 23:00:00,0.06999970106847808
2026-03-16 00:00:00,0.049691951180499974
2026-03-16 01:00:00,0.04122867014399806
2026-03-16 02:00:00,0.031069573037479953
2026-03-16 03:00:00,0.07334049984664032
2026-03-16 04:00:00,0.09659146351912841
2026-03-16 05:00:00,0.17282004928318218
2026-03-16 06:00:00,0.2458593578587989
2026-03-16 07:00:00,0.25791075736209085
2026-03-16 08:00:00,0.35488095880356807
2026-03-16 09:00:00,0.3294717943229046
2026-03-16 10:00:00,0.2917834308669163
2026-03-16 11:00:00,0.2970204803011737
2026-03-16 12:00:00,0.2610581412132123
2026-03-16 13:00:00,0.22846875084510157
2026-03-16 14:00:00,0.2245268962659589
2026-03-16 15:00:00,0.21502693659984273
2026-03-16 16:00:00,0.2150246320589727
2026-03-16 17:00:00,0.2306907282130668
2026-03-16 18:00:00,0.23399111245204376
2026-03-16 19:00:00,0.26375885270579663
2026-03-16 20:00:00,0.2008685489182485
2026-03-16 21:00:00,0.19439249147203164
2026-03-16 22:00:00,0.14992931828300293
2026-03-16 23:00:00,0.1136631126556772
2026-03-17 00:00:00,0.04812918872136919
2026-03-17 01:00:00,0.010587419934054931
2026-03-17 02:00:00,0.039036801745771746
2026-03-17 03:00:00,0.06684287086353415
2026-03-17 04:00:00,0.13313098802445747
2026-03-17 05:00:00,0.15334966167761438
2026-03-17 06:00:00,0.2531074033834936
2026-03-17 07:00:00,0.3246320221372345
2026-03-17 08:00:00,0.31762052356990556
2026-03-17 09:00:00,0.31458544699283203
2026-03-17 10:00:00,0.3162849217655861
2026-03-17 11:00:00,0.29508965402222026
2026-03-17 12:00:00,0.2692438150078465
2026-03-17 13:00:00,0.22105675328024596
2026-03-17 14:00:00,0.23321751527339674
2026-03-17 15:00:00,0.1873277849924437
2026-03-17 16:00:00,0.18469891960015075
2026-03-17 17:00:00,0.24076955775730455
2026-03-17 18:00:00,0.20166768141464977
2026-03-17 19:00:00,0.23429505112323284
2026-03-17 20:00:00,0.2700522138208635
2026-03-17 21:00:00,0.19234757075352193
2026-03-17 22:00:00,0.1323729417438552
2026-03-17 23:00:00,0.10083345229703411
2026-03-18 00:00:00,0.0602411842632823
2026-03-18 01:00:00,0.03936845728513236
2026-03-18 02:00:00,0.04683460044652575
2026-03-18 03:00:00,0.04725394516457161
2026-03-18 04:00:00,0.13631641692112725
2026-03-18 05:00:00,0.17629800584791255
2026-03-18 06:00:00,0.24690510678860242
2026-03-18 07:00:00,0.2799147648903257
2026-03-18 08:00:00,0.34279892814750834
2026-03-18 09:00:00,0.33030999336286704
2026-03-18 10:00:00,0.32676902417342224
2026-03-18 11:00:00,0.2810991875636756
2026-03-18 12:00:00,0.24604922169654347
2026-03-18 13:00:00,0.24046695303444252
2026-03-18 14:00:00,0.20345163401790844
2026-03-18 15:00:00,0.19145462261483157
2026-03-18 16:00:00,0.20135544596216992
2026-03-18 17:00:00,0.23486939667858872
2026-03-18 18:00:00,0.22656762817452122
2026-03-18 19:00:00,0.23580837289212375
2026-03-18 20:00:00,0.2237286123468818
2026-03-18 21:00:00,0.16398418996759903
2026-03-18 22:00:00,0.12733375963352878
2026-03-18 23:00:00,0.10695478180238208
2026-03-19 00:00:00,0.05014958234133052
2026-03-19 01:00:00,0.05301140851508755
2026-03-19 02:00:00,0.0516045889439353
2026-03-19 03:00:00,0.07382996935146494
2026-03-19 04:00:00,0.13850159956830999
2026-03-19 05:00:00,0.1715767783322212
2026-03-19 06:00:00,0.2459382516471786
2026-03-19 07:00:00,0.2807728179037655
2026-03-19 08:00:00,0.36049057145165186
2026-03-19 09:00:00,0.364122110947649
2026-03-19 10:00:00,0.32298576965483183
2026-03-19 11:00:00,0.3010963988361057
2026-03-19 12:00:00,0.28159448674909315
2026-03-19 13:00:00,0.22813860753148335
2026-03-19 14:00:00,0.20045820207506934
2026-03-19 15:00:00,0.2175736418585461
2026-03-19 16:00:00,0.21238161144987608
2026-03-19 17:00:00,0.227331844013552
2026-03-19 18:00:00,0.22369095261260158
2026-03-19 19:00:00,0.21200994130675094
2026-03-19 20:00:00,0.22724715890680752
2026-03-19 21:00:00,0.2065206805462122
2026-03-19 22:00:00,0.1462153811440366
2026-03-19 23:00:00,0.12365888292309729
2026-03-20 00:00:00,0.050833672194049634
2026-03-20 01:00:00,0.0215273623380543
2026-03-20 02:00:00,0.03628142208889698
2026-03-20 03:00:00,0.061990945042525836
2026-03-20 04:00:00,0.12294194804531117
2026-03-20 05:00:00,0.161386070204071
2026-03-20 06:00:00,0.25691383062750633
2026-03-20 07:00:00,0.31922998130699165
2026-03-20 08:00:00,0.3233052566707577
2026-03-20 09:00:00,0.3533006567805353
2026-03-20 10:00:00,0.3071475013943479
2026-03-20 11:00:00,0.31161332282191845
2026-03-20 12:00:00,0.2771015632036748
2026-03-20 13:00:00,0.24348465362320496
2026-03-20 14:00:00,0.21026151112067232
2026-03-20 15:00:00,0.16033745579147424
2026-03-20 16:00:00,0.2017665099205009
2026-03-20 17:00:00,0.21538558132026586
2026-03-20 18:00:00,0.22171859300437569
2026-03-20 19:00:00,0.23979606291706967
2026-03-20 20:00:00,0.2176079653924643
2026-03-20 21:00:00,0.18076446409398567
2026-03-20 22:00:00,0.13390787447312175
2026-03-20 23:00:00,0.09156713966409769
2026-03-21 00:00:00,0.05338781169132932
2026-03-21 01:00:00,0.01
2026-03-21 02:00:00,0.01
2026-03-21 03:00:00,0.03155227588574411
2026-03-21 04:00:00,0.09165022622072175
2026-03-21 05:00:00,0.15502716133125638
2026-03-21 06:00:00,0.16589547542493305
2026-03-21 07:00:00,0.28022366151507955
2026-03-21 08:00:00,0.3206108440272367
2026-03-21 09:00:00,0.29397510885564304
2026-03-21 10:00:00,0.2835833902210018
2026-03-21 11:00:00,0.2639041053258132
2026-03-21 12:00:00,0.22522526322173142
2026-03-21 13:00:00,0.2090649039678535
2026-03-21 14:00:00,0.15646998459664138
2026-03-21 15:00:00,0.16305518222785126
2026-03-21 16:00:00,0.20965328151620408
2026-03-21 17:00:00,0.18602392851361224
2026-03-21 18:00:00,0.23021674768512437
2026-03-21 19:00:00,0.21846539722101335
2026-03-21 20:00:00,0.1719263077947566
2026-03-21 21:00:00,0.1778364886070017
2026-03-21 22:00:00,0.12319777360224385
2026-03-21 23:00:00,0.07064073504092762
2026-03-22 00:00:00,0.040398047235184614
2026-03-22 01:00:00,0.01979870520836674
2026-03-22 02:00:00,0.023235027788780005
2026-03-22 03:00:00,0.056234900148336986
2026-03-22 04:00:00,0.09284572952927994
2026-03-22 05:00:00,0.12770727499555712
2026-03-22 06:00:00,0.20461900897283675
2026-03-22 07:00:00,0.3092032256607189
2026-03-22 08:00:00,0.3100910567433305
2026-03-22 09:00:00,0.34542558375226473
2026-03-22 10:00:00,0.31925774244903626
2026-03-22 11:00:00,0.27444330453984767
2026-03-22 12:00:00,0.24124479688432138
2026-03-22 13:00:00,0.20531566758452585
2026-03-22 14:00:00,0.159759161978351
2026-03-22 15:00:00,0.18025317245944986
2026-03-22 16:00:00,0.2048838091257376
2026-03-22 17:00:00,0.1911109954255386
2026-03-22 18:00:00,0.2179029858235318
2026-03-22 19:00:00,0.22606755729958342
2026-03-22 20:00:00,0.18557848424791745
2026-03-22 21:00:00,0.1616953750376278
2026-03-22 22:00:00,0.10985247810200341
2026-03-22 23:00:00,0.06529862410835677
2026-03-23 00:00:00,0.04255339286490335
2026-03-23 01:00:00,0.024316257286289167
2026-03-23 02:00:00,0.05905676695322301
2026-03-23 03:00:00,0.04997273328085726
2026-03-23 04:00:00,0.11376436040560967
2026-03-23 05:00:00,0.1659425363043829
2026-03-23 06:00:00,0.2545504611752534
2026-03-23 07:00:00,0.3098687163628385
2026-03-23 08:00:00,0.3373285218517835
2026-03-23 09:00:00,0.33962207381872833
2026-03-23 10:00:00,0.32000411944552976
2026-03-23 11:00:00,0.2780819341857374
2026-03-23 12:00:00,0.2910204053365323
2026-03-23 13:00:00,0.21961305419848492
2026-03-23 14:00:00,0.22092470770363581
2026-03-23 15:00:00,0.22101972854387214
2026-03-23 16:00:00,0.20353826466611938
2026-03-23 17:00:00,0.2408195645396908
2026-03-23 18:00:00,0.24833067016978216
2026-03-23 19:00:00,0.26435693042400665
2026-03-23 20:00:00,0.21732727512329864
2026-03-23 21:00:00,0.17432073902568176
2026-03-23 22:00:00,0.14268258540958784
2026-03-23 23:00:00,0.10590769262880756
2026-03-24 00:00:00,0.06286981566064344
2026-03-24 01:00:00,0.032050568397509624
2026-03-24 02:00:00,0.01
2026-03-24 03:00:00,0.0708912862938166
2026-03-24 04:00:00,0.14158179194060064
2026-03-24 05:00:00,0.18057848881596064
2026-03-24 06:00:00,0.24613365754017036
2026-03-24 07:00:00,0.29891711414077915
2026-03-24 08:00:00,0.33045232480260367
2026-03-24 09:00:00,0.34913419765987674
2026-03-24 10:00:00,0.3295297703505965
2026-03-24 11:00:00,0.2913990498384753
2026-03-24 12:00:00,0.25005679110423634
2026-03-24 13:00:00,0.22740269727023146
2026-03-24 14:00:00,0.2158111075795715
2026-03-24 15:00:00,0.20051415317234494
2026-03-24 16:00:00,0.21671170500133913
2026-03-24 17:00:00,0.23196578127012596
2026-03-24 18:00:00,0.24949431622342041
2026-03-24 19:00:00,0.2578085500605332
2026-03-24 20:00:00,0.22566673603155052
2026-03-24 21:00:00,0.1741212034423309
2026-03-24 22:00:00,0.145217522923636
2026-03-24 23:00:00,0.10356498063655992
2026-03-25 00:00:00,0.03457457912824022
2026-03-25 01:00:00,0.05889659035969409
2026-03-25 02:00:00,0.040144238780109726
2026-03-25 03:00:00,0.06966881958711323
2026-03-25 04:00:00,0.1325940074087906
2026-03-25 05:00:00,0.16427706350850935
2026-03-25 06:00:00,0.24572173943415707
2026-03-25 07:00:00,0.28879695841845254
2026-03-25 08:00:00,0.32184980746565783
2026-03-25 09:00:00,0.32369080805631856
2026-03-25 10:00:00,0.34869769905463843
2026-03-25 11:00:00,0.29057119249866986
2026-03-25 12:00:00,0.27260307417433216
2026-03-25 13:00:00,0.2031266770038915
2026-03-25 14:00:00,0.2289134787946873
2026-03-25 15:00:00,0.22115305064507434
2026-03-25 16:00:00,0.21357262212535616
2026-03-25 17:00:00,0.22208887798907978
2026-03-25 18:00:00,0.24311111055510012
2026-03-25 19:00:00,0.2730129711576818
2026-03-25 20:00:00,0.19816255998734433
2026-03-25 21:00:00,0.2055827484496867
2026-03-25 22:00:00,0.13683431056014428
2026-03-25 23:00:00,0.10271975189749391
2026-03-26 00:00:00,0.05849269355851759
2026-03-26 01:00:00,0.0317416335649915
2026-03-26 02:00:00,0.037951378030462765
2026-03-26 03:00:00,0.04703574476304308
2026-03-26 04:00:00,0.12764860188661709
2026-03-26 05:00:00,0.14691683816646653
2026-03-26 06:00:00,0.24530736303712272
2026-03-26 07:00:00,0.285646667350764
2026-03-26 08:00:00,0.3071470219375858
2026-03-26 09:00:00,0.3384092293061657
2026-03-26 10:00:00,0.30045916942254436
2026-03-26 11:00:00,0.29689918529939896
2026-03-26 12:00:00,0.2408677417275243
2026-03-26 13:00:00,0.238270653954539
2026-03-26 14:00:00,0.19744807571868583
2026-03-26 15:00:00,0.19870475792407985
2026-03-26 16:00:00,0.21662013616384504
2026-03-26 17:00:00,0.21400466817731612
2026-03-26 18:00:00,0.23634143534967308
2026-03-26 19:00:00,0.21607343859960565
2026-03-26 20:00:00,0.23417402939863993
2026-03-26 21:00:00,0.22042582959313733
2026-03-26 22:00:00,0.1924914879849032
2026-03-26 23:00:00,0.10448583491578746
2026-03-27 00:00:00,0.0741190119193167
2026-03-27 01:00:00,0.011542076801006856
2026-03-27 02:00:00,0.060734424323498876
2026-03-27 03:00:00,0.07577679397573288
2026-03-27 04:00:00,0.10503694813309045
2026-03-27 05:00:00,0.19247175730144203
2026-03-27 06:00:00,0.23347880865767884
2026-03-27 07:00:00,0.28375938185622557
2026-03-27 08:00:00,0.3319259736887713
2026-03-27 09:00:00,0.31950821571239185
2026-03-27 10:00:00,0.33922286165180204
2026-03-27 11:00:00,0.2805486852573631
2026-03-27 12:00:00,0.24654512796001118
2026-03-27 13:00:00,0.21779128032630785
2026-03-27 14:00:00,0.22279099074854467
2026-03-27 15:00:00,0.19630309221938522
2026-03-27 16:00:00,0.19207601304185143
2026-03-27 17:00:00,0.21659265431857402
2026-03-27 18:00:00,0.2368153142471517
2026-03-27 19:00:00,0.22115136332597402
2026-03-27 20:00:00,0.20752073317184377
2026-03-27 21:00:00,0.22570662198403088
2026-03-27 22:00:00,0.13778492837170683
2026-03-27 23:00:00,0.09835773164685713
2026-03-28 00:00:00,0.03185769364341845
2026-03-28 01:00:00,0.01
2026-03-28 02:00:00,0.022583909376500427
2026-03-28 03:00:00,0.05342580951000088
2026-03-28 04:00:00,0.08277693218243388
2026-03-28 05:00:00,0.13043716984627046
2026-03-28 06:00:00,0.23148285207314134
2026-03-28 07:00:00,0.26426994208154253
2026-03-28 08:00:00,0.32582107587826525
2026-03-28 09:00:00,0.27684504359441797
2026-03-28 10:00:00,0.30189983735310144
2026-03-28 11:00:00,0.3002379262924577
2026-03-28 12:00:00,0.2320672866238354
2026-03-28 13:00:00,0.20312452465046216
2026-03-28 14:00:00,0.19090146440770672
2026-03-28 15:00:00,0.17224308420695528
2026-03-28 16:00:00,0.1826851696746168
2026-03-28 17:00:00,0.19568092675278878
2026-03-28 18:00:00,0.2029549376390122
2026-03-28 19:00:00,0.232369097681997
2026-03-28 20:00:00,0.2067824191398543
2026-03-28 21:00:00,0.17286689930213547
2026-03-28 22:00:00,0.1378922733803157
2026-03-28 23:00:00,0.07430832852844903
2026-03-29 00:00:00,0.025808713782484644
2026-03-29 01:00:00,0.01
2026-03-29 02:00:00,0.01334597629590345
2026-03-29 03:00:00,0.023371012029697047
2026-03-29 04:00:00,0.07991785580897807
2026-03-29 05:00:00,0.14129811691945462
2026-03-29 06:00:00,0.24429011450521343
2026-03-29 07:00:00,0.22414835675285444
2026-03-29 08:00:00,0.2972274752366937
2026-03-29 09:00:00,0.3364697613524874
2026-03-29 10:00:00,0.30085197839820893
2026-03-29 11:00:00,0.2828156157880014
2026-03-29 12:00:00,0.23891916578427475
2026-03-29 13:00:00,0.19655244768460495
2026-03-29 14:00:00,0.1528955724185884
2026-03-29 15:00:00,0.18376237919814464
2026-03-29 16:00:00,0.17578767198874234
2026-03-29 17:00:00,0.18879864447555073
2026-03-29 18:00:00,0.20493696221809157
2026-03-29 19:00:00,0.24016469293071147
2026-03-29 20:00:00,0.2359943341915878
2026-03-29 21:00:00,0.17242111728588239
2026-03-29 22:00:00,0.11884772232065849
2026-03-29 23:00:00,0.06067079216710333
2026-03-30 00:00:00,0.06949060298517515
2026-03-30 01:00:00,0.06516159665022157
2026-03-30 02:00:00,0.03464985437816291
2026-03-30 03:00:00,0.02861497654819814
2026-03-30 04:00:00,0.12251324563921702
2026-03-30 05:00:00,0.18886159172348285
2026-03-30 06:00:00,0.21367481595619647
2026-03-30 07:00:00,0.29344357311101343
2026-03-30 08:00:00,0.3317308908040256
2026-03-30 09:00:00,0.33452847443433775
2026-03-30 10:00:00,0.31220347715414776
2026-03-30 11:00:00,0.31179414154434437
2026-03-30 12:00:00,0.2564118043724539
2026-03-30 13:00:00,0.20932538546655913
2026-03-30 14:00:00,0.18082292365538283
2026-03-30 15:00:00,0.22463401619679568
2026-03-30 16:00:00,0.22171246020905094
2026-03-30 17:00:00,0.22716400827917377
2026-03-30 18:00:00,0.23085838100922215
2026-03-30 19:00:00,0.2310975251225181
2026-03-30 20:00:00,0.20882645083536
2026-03-30 21:00:00,0.18773189305876406
2026-03-30 22:00:00,0.11905865195673775
2026-03-30 23:00:00,0.09232896313104974
2026-03-31 00:00:00,0.05782436235372809
2026-03-31 01:00:00,0.04759213789411108
2026-03-31 02:00:00,0.03778698776995021
2026-03-31 03:00:00,0.07624968840464028
2026-03-31 04:00:00,0.132725451675696
2026-03-31 05:00:00,0.189979071996104
2026-03-31 06:00:00,0.2445460728096729
2026-03-31 07:00:00,0.29100017508079123
2026-03-31 08:00:00,0.3102766049727912
2026-03-31 09:00:00,0.34675016927217195
2026-03-31 10:00:00,0.3492871762107614
2026-03-31 11:00:00,0.3017125983226576
2026-03-31 12:00:00,0.2912473123253864
2026-03-31 13:00:00,0.20874552682315223
2026-03-31 14:00:00,0.1942785147057453
2026-03-31 15:00:00,0.21857522055004036
2026-03-31 16:00:00,0.2164527782512933
2026-03-31 17:00:00,0.24557706225782372
2026-03-31 18:00:00,0.2372563504880935
2026-03-31 19:00:00,0.22603879453465042
2026-03-31 20:00:00,0.2217845264659189
2026-03-31 21:00:00,0.17123939270031668
2026-03-31 22:00:00,0.13395702462409523
2026-03-31 23:00:00,0.11798250243885797
2026-04-01 00:00:00,0.07559134820385359
2026-04-01 01:00:00,0.043900113346160896
2026-04-01 02:00:00,0.012580833793958579
2026-04-01 03:00:00,0.05896089995162852
2026-04-01 04:00:00,0.09412453865690874
2026-04-01 05:00:00,0.19176563128337393
2026-04-01 06:00:00,0.2287437049833705
2026-04-01 07:00:00,0.27454713111917123
2026-04-01 08:00:00,0.32544647946363087
2026-04-01 09:00:00,0.326059803536778
2026-04-01 10:00:00,0.34635823601830895
2026-04-01 11:00:00,0.2855699561527035
2026-04-01 12:00:00,0.24151111309844006
2026-04-01 13:00:00,0.1993465115955207
2026-04-01 14:00:00,0.21114027982905215
2026-04-01 15:00:00,0.1973293581137625
2026-04-01 16:00:00,0.19106596788913363
2026-04-01 17:00:00,0.24371983841589834
2026-04-01 18:00:00,0.24750821419824817
2026-04-01 19:00:00,0.2386462695763319
2026-04-01 20:00:00,0.2454644306493725
2026-04-01 21:00:00,0.20417880465296687
2026-04-01 22:00:00,0.1385541580855892
2026-04-01 23:00:00,0.08781865189804129
2026-04-02 00:00:00,0.07476555609954476
2026-04-02 01:00:00,0.04439684936700741
2026-04-02 02:00:00,0.04093950907385292
2026-04-02 03:00:00,0.051635782487215634
2026-04-02 04:00:00,0.1216150464378232
2026-04-02 05:00:00,0.16278144517547558
2026-04-02 06:00:00,0.23596603311383174
2026-04-02 07:00:00,0.31253380492262656
2026-04-02 08:00:00,0.3150833193955847
2026-04-02 09:00:00,0.3120635774791316
2026-04-02 10:00:00,0.3083101654331291
2026-04-02 11:00:00,0.31150289796195807
2026-04-02 12:00:00,0.26631679999344005
2026-04-02 13:00:00,0.2297033495974795
2026-04-02 14:00:00,0.20396196623150722
2026-04-02 15:00:00,0.21303500438085662
2026-04-02 16:00:00,0.19975926016788356
2026-04-02 17:00:00,0.23046272097262788
2026-04-02 18:00:00,0.22652701440054257
2026-04-02 19:00:00,0.22560094292719193
2026-04-02 20:00:00,0.2154335214103617
2026-04-02 21:00:00,0.18860594840065564
2026-04-02 22:00:00,0.15016084501528754
2026-04-02 23:00:00,0.10693508723049688
2026-04-03 00:00:00,0.01
2026-04-03 01:00:00,0.026318067755426652
2026-04-03 02:00:00,0.03250122399558339
2026-04-03 03:00:00,0.08689066121100517
2026-04-03 04:00:00,0.09627727490863587
2026-04-03 05:00:00,0.1765373587956145
2026-04-03 06:00:00,0.2599027686804054
2026-04-03 07:00:00,0.27111659587924375
2026-04-03 08:00:00,0.33088694242233385
2026-04-03 09:00:00,0.3236058199278377
2026-04-03 10:00:00,0.31651034827847324
2026-04-03 11:00:00,0.28452323415397496
2026-04-03 12:00:00,0.2514994544081296
2026-04-03 13:00:00,0.2724466735980392
2026-04-03 14:00:00,0.22424669249388673
2026-04-03 15:00:00,0.22226215479598288
2026-04-03 16:00:00,0.2198572163369153
2026-04-03 17:00:00,0.20176536671859055
2026-04-03 18:00:00,0.2434016835892175
2026-04-03 19:00:00,0.2551412590255589
2026-04-03 20:00:00,0.21217632192378116
2026-04-03 21:00:00,0.20869844120696293
2026-04-03 22:00:00,0.16143981680373523
2026-04-03 23:00:00,0.13116533207766617
2026-04-04 00:00:00,0.031177240591547334
2026-04-04 01:00:00,0.01
2026-04-04 02:00:00,0.01
2026-04-04 03:00:00,0.06081496727421837
2026-04-04 04:00:00,0.06001789756662222
2026-04-04 05:00:00,0.11803644553753412
2026-04-04 06:00:00,0.21378491496322588
2026-04-04 07:00:00,0.25913895618172433
2026-04-04 08:00:00,0.30005990417688694
2026-04-04 09:00:00,0.3247862457502773
2026-04-04 10:00:00,0.2907579859659128
2026-04-04 11:00:00,0.2434414809441992
2026-04-04 12:00:00,0.26811120913725084
2026-04-04 13:00:00,0.191626238812744
2026-04-04 14:00:00,0.1706609693275141
2026-04-04 15:00:00,0.1972585588199125
2026-04-04 16:00:00,0.18167664896362892
2026-04-04 17:00:00,0.19987504250898155
2026-04-04 18:00:00,0.21968583764015648
2026-04-04 19:00:00,0.23026773309948245
2026-04-04 20:00:00,0.19494207538152508
2026-04-04 21:00:00,0.19198449303314433
2026-04-04 22:00:00,0.0938044476697858
2026-04-04 23:00:00,0.08974821170464109
2026-04-05 00:00:00,0.0248029446730047
2026-04-05 01:00:00,0.033935439879649726
2026-04-05 02:00:00,0.015423984847283911
2026-04-05 03:00:00,0.02913969466064094
2026-04-05 04:00:00,0.09733847443859409
2026-04-05 05:00:00,0.1624117787411263
2026-04-05 06:00:00,0.22202426988614918
2026-04-05 07:00:00,0.2502842242428587
2026-04-05 08:00:00,0.29263560118893833
2026-04-05 09:00:00,0.31049734888893576
2026-04-05 10:00:00,0.2983795036319626
2026-04-05 11:00:00,0.28273462280375167
2026-04-05 12:00:00,0.20717233955567052
2026-04-05 13:00:00,0.2115514412066461
2026-04-05 14:00:00,0.18214867810516389
2026-04-05 15:00:00,0.1680771216323322
2026-04-05 16:00:00,0.17625855637672563
2026-04-05 17:00:00,0.1975596975857522
2026-04-05 18:00:00,0.15837958147637687
2026-04-05 19:00:00,0.2034465152549772
2026-04-05 20:00:00,0.1867586356735752
2026-04-05 21:00:00,0.17712883334828713
2026-04-05 22:00:00,0.11371041742716799
2026-04-05 23:00:00,0.07507656841180553
2026-04-06 00:00:00,0.08546709450262799
2026-04-06 01:00:00,0.0532037299722001
2026-04-06 02:00:00,0.0517644757084164
2026-04-06 03:00:00,0.05667227522905807
2026-04-06 04:00:00,0.1204784292770533
2026-04-06 05:00:00,0.1704425735706525
2026-04-06 06:00:00,0.23439154692755446
2026-04-06 07:00:00,0.2968120350379917
2026-04-06 08:00:00,0.3158780412613945
2026-04-06 09:00:00,0.3578905750568442
2026-04-06 10:00:00,0.3215335333721834
2026-04-06 11:00:00,0.3057009362105103
2026-04-06 12:00:00,0.28416695227656796
2026-04-06 13:00:00,0.24694842905141007
2026-04-06 14:00:00,0.19030169892579452
2026-04-06 15:00:00,0.21226515634767865
2026-04-06 16:00:00,0.22509373600461824
2026-04-06 17:00:00,0.23909279493037178
2026-04-06 18:00:00,0.22063352257598906
2026-04-06 19:00:00,0.22904741730602948
2026-04-06 20:00:00,0.23975131862383284
2026-04-06 21:00:00,0.18264776669264698
2026-04-06 22:00:00,0.1462349638593
2026-04-06 23:00:00,0.12687849960133132
2026-04-07 00:00:00,0.061538276799262964
2026-04-07 01:00:00,0.027309165574787478
2026-04-07 02:00:00,0.024988464823647416
2026-04-07 03:00:00,0.06908347209632504
2026-04-07 04:00:00,0.09225804542787674
2026-04-07 05:00:00,0.17016332158633654
2026-04-07 06:00:00,0.24225372357988523
2026-04-07 07:00:00,0.31007632265733487
2026-04-07 08:00:00,0.3347684867605848
2026-04-07 09:00:00,0.3247068721877899
2026-04-07 10:00:00,0.3415340956969346
2026-04-07 11:00:00,0.29185512262072955
2026-04-07 12:00:00,0.24371972022429375
2026-04-07 13:00:00,0.2288153225111267
2026-04-07 14:00:00,0.23293034395066428
2026-04-07 15:00:00,0.20799263914083063
2026-04-07 16:00:00,0.2124430935199817
2026-04-07 17:00:00,0.2501953447358297
2026-04-07 18:00:00,0.2157849428492185
2026-04-07 19:00:00,0.21954127961782416
2026-04-07 20:00:00,0.20051756849053237
2026-04-07 21:00:00,0.19958621551741387
2026-04-07 22:00:00,0.15315012208331794
2026-04-07 23:00:00,0.12630372843532478
2026-04-08 00:00:00,0.06581496862042222
2026-04-08 01:00:00,0.032055997158441416
2026-04-08 02:00:00,0.03808722517809843
2026-04-08 03:00:00,0.06576587033779743
2026-04-08 04:00:00,0.0870864233634482
2026-04-08 05:00:00,0.21443591261814204
2026-04-08 06:00:00,0.2449609077348994
2026-04-08 07:00:00,0.2936467768777945
2026-04-08 08:00:00,0.33389030222754945
2026-04-08 09:00:00,0.34596659057465745
2026-04-08 10:00:00,0.3216570805592781
2026-04-08 11:00:00,0.286786808048667
2026-04-08 12:00:00,0.2711546027581963
2026-04-08 13:00:00,0.23708918241641644
2026-04-08 14:00:00,0.19911703135547348
2026-04-08 15:00:00,0.22670714946870155
2026-04-08 16:00:00,0.21656312300821545
2026-04-08 17:00:00,0.23649203740763722
2026-04-08 18:00:00,0.2580416557785695
2026-04-08 19:00:00,0.23906117555442408
2026-04-08 20:00:00,0.22941712256813243
2026-04-08 21:00:00,0.20605447820614062
2026-04-08 22:00:00,0.1396873858279261
2026-04-08 23:00:00,0.10388103477715399
2026-04-09 00:00:00,0.0639389319994399
2026-04-09 01:00:00,0.023670337011682058
2026-04-09 02:00:00,0.07271771465133701
2026-04-09 03:00:00,0.04278371814479903
2026-04-09 04:00:00,0.09258414464436537
2026-04-09 05:00:00,0.19338719732497434
2026-04-09 06:00:00,0.2477546969616209
2026-04-09 07:00:00,0.27500004073154605
2026-04-09 08:00:00,0.3336650384261981
2026-04-09 09:00:00,0.35723604327712005
2026-04-09 10:00:00,0.3232042977141618
2026-04-09 11:00:00,0.3351306293296983
2026-04-09 12:00:00,0.23619477603665223
2026-04-09 13:00:00,0.24160373235263322
2026-04-09 14:00:00,0.22865616862143165
2026-04-09 15:00:00,0.21868463455857332
2026-04-09 16:00:00,0.20899036729998802
2026-04-09 17:00:00,0.22108098547975752
2026-04-09 18:00:00,0.2437178807659816
2026-04-09 19:00:00,0.25086202127303464
2026-04-09 20:00:00,0.23359280474390817
2026-04-09 21:00:00,0.20939779872675174
2026-04-09 22:00:00,0.1351701134652279
2026-04-09 23:00:00,0.09954655588391148
2026-04-10 00:00:00,0.04783364052976066
2026-04-10 01:00:00,0.032097699957585143
2026-04-10 02:00:00,0.0530596525103877
2026-04-10 03:00:00,0.0653910549200078
2026-04-10 04:00:00,0.15103676695886356
2026-04-10 05:00:00,0.17645307050921072
2026-04-10 06:00:00,0.23782925772031308
2026-04-10 07:00:00,0.29186043309730525
2026-04-10 08:00:00,0.3148667491187179
2026-04-10 09:00:00,0.33422891372844077
2026-04-10 10:00:00,0.3404532402967356
2026-04-10 11:00:00,0.29773602216244044
2026-04-10 12:00:00,0.250031983563365
2026-04-10 13:00:00,0.21719828754951143
2026-04-10 14:00:00,0.20428339151507324
2026-04-10 15:00:00,0.20630060386260213
2026-04-10 16:00:00,0.22983767754376097
2026-04-10 17:00:00,0.20520845440137253
2026-04-10 18:00:00,0.2321364853432857
2026-04-10 19:00:00,0.24066853057672405
2026-04-10 20:00:00,0.1969282929971755
2026-04-10 21:00:00,0.1811711324322991
2026-04-10 22:00:00,0.1401330110371304
2026-04-10 23:00:00,0.09090174127495282
2026-04-11 00:00:00,0.03967575067351617
2026-04-11 01:00:00,0.010344525442924801
2026-04-11 02:00:00,0.01
2026-04-11 03:00:00,0.045054263493993385
2026-04-11 04:00:00,0.11264352826288526
2026-04-11 05:00:00,0.17300435073906573
2026-04-11 06:00:00,0.18295583091725648
2026-04-11 07:00:00,0.27378730004980356
2026-04-11 08:00:00,0.2966270581472339
2026-04-11 09:00:00,0.3122873210436595
2026-04-11 10:00:00,0.2924257023734972
2026-04-11 11:00:00,0.27265381957540635
2026-04-11 12:00:00,0.23906851843927182
2026-04-11 13:00:00,0.19725380848303162
2026-04-11 14:00:00,0.1724544346592577
2026-04-11 15:00:00,0.17332574509372112
2026-04-11 16:00:00,0.19031129646504302
2026-04-11 17:00:00,0.20916425713370754
2026-04-11 18:00:00,0.22459764215829375
2026-04-11 19:00:00,0.20595455792576867
2026-04-11 20:00:00,0.20355507600773257
2026-04-11 21:00:00,0.18297617354266915
2026-04-11 22:00:00,0.14267879054690963
2026-04-11 23:00:00,0.07682233205731194
2026-04-12 00:00:00,0.03333235172490487
2026-04-12 01:00:00,0.015468703193805222
2026-04-12 02:00:00,0.01
2026-04-12 03:00:00,0.03557960153097882
2026-04-12 04:00:00,0.09781512357609604
2026-04-12 05:00:00,0.15789363003040255
2026-04-12 06:00:00,0.2075923135335408
2026-04-12 07:00:00,0.2682459104093916
2026-04-12 08:00:00,0.2867765724946388
2026-04-12 09:00:00,0.3203612932248622
2026-04-12 10:00:00,0.29708154643539586
2026-04-12 11:00:00,0.26659963845246387
2026-04-12 12:00:00,0.23122047005759833
2026-04-12 13:00:00,0.2048435969405752
2026-04-12 14:00:00,0.1790307033034636
2026-04-12 15:00:00,0.18977724597385945
2026-04-12 16:00:00,0.18071707437875642
2026-04-12 17:00:00,0.22392269354966188
2026-04-12 18:00:00,0.23362448515121986
2026-04-12 19:00:00,0.19984317602476237
2026-04-12 20:00:00,0.2001918916404383
2026-04-12 21:00:00,0.15862770544413435
2026-04-12 22:00:00,0.12014407377272612
2026-04-12 23:00:00,0.10759015698476432
2026-04-13 00:00:00,0.056867113325537455
2026-04-13 01:00:00,0.042839587225696196
2026-04-13 02:00:00,0.04549796361395478
2026-04-13 03:00:00,0.04830866059253823
2026-04-13 04:00:00,0.09865425246613642
2026-04-13 05:00:00,0.15500844450090065
2026-04-13 06:00:00,0.22319112357380785
2026-04-13 07:00:00,0.24706404273660174
2026-04-13 08:00:00,0.33214942059417896
2026-04-13 09:00:00,0.3654561756036032
2026-04-13 10:00:00,0.3253005360462663
2026-04-13 11:00:00,0.2743292343210722
2026-04-13 12:00:00,0.25183903883877534
2026-04-13 13:00:00,0.22373820925197346
2026-04-13 14:00:00,0.19531945330251776
2026-04-13 15:00:00,0.21764219699302373
2026-04-13 16:00:00,0.22363458524790453
2026-04-13 17:00:00,0.20753081218526165
2026-04-13 18:00:00,0.24735690024898715
2026-04-13 19:00:00,0.26095287530951433
2026-04-13 20:00:00,0.2525190576607179
2026-04-13 21:00:00,0.2362000920937421
2026-04-13 22:00:00,0.13634825446218274
2026-04-13 23:00:00,0.1447514083492958
2026-04-14 00:00:00,0.05598743170398654
2026-04-14 01:00:00,0.028369057788170948
2026-04-14 02:00:00,0.04210407277634219
2026-04-14 03:00:00,0.05440702411773557
2026-04-14 04:00:00,0.11728618964131629
2026-04-14 05:00:00,0.1531174652053068
2026-04-14 06:00:00,0.2327192385006669
2026-04-14 07:00:00,0.30891807084112854
2026-04-14 08:00:00,0.322944608160151
2026-04-14 09:00:00,0.3365870477352043
2026-04-14 10:00:00,0.33003194698082194
2026-04-14 11:00:00,0.3129530346002901
2026-04-14 12:00:00,0.23647215684877693
2026-04-14 13:00:00,0.23920906565425387
2026-04-14 14:00:00,0.20638098082143586
2026-04-14 15:00:00,0.20705886879611787
2026-04-14 16:00:00,0.22719978007805408
2026-04-14 17:00:00,0.2067696322706928
2026-04-14 18:00:00,0.2211108609099721
2026-04-14 19:00:00,0.20883907890949216
2026-04-14 20:00:00,0.21556314340516175
2026-04-14 21:00:00,0.21299823986247882
2026-04-14 22:00:00,0.14788917932607257
2026-04-14 23:00:00,0.0821060714678899
2026-04-15 00:00:00,0.053820728662827305
2026-04-15 01:00:00,0.01474349636635397
2026-04-15 02:00:00,0.020125577927041755
2026-04-15 03:00:00,0.0687756100829211
2026-04-15 04:00:00,0.09349780993686263
2026-04-15 05:00:00,0.18941351989925054
2026-04-15 06:00:00,0.23503910546899803
2026-04-15 07:00:00,0.2907236401847059
2026-04-15 08:00:00,0.3194303153173346
2026-04-15 09:00:00,0.3458612108120966
2026-04-15 10:00:00,0.33445584852655214
2026-04-15 11:00:00,0.3002243077390425
2026-04-15 12:00:00,0.2695777464200678
2026-04-15 13:00:00,0.2270652421277206
2026-04-15 14:00:00,0.21834149531353267
2026-04-15 15:00:00,0.19929651603416784
2026-04-15 16:00:00,0.2111393841638891
2026-04-15 17:00:00,0.22036815810121063
2026-04-15 18:00:00,0.22924763174166515
2026-04-15 19:00:00,0.22733923363920705
2026-04-15 20:00:00,0.23062126138933634
2026-04-15 21:00:00,0.21250622568883315
2026-04-15 22:00:00,0.16706989902805264
2026-04-15 23:00:00,0.0831648471633648
2026-04-16 00:00:00,0.08023493492230625
2026-04-16 01:00:00,0.03208002371419452
2026-04-16 02:00:00,0.045805343999943196
2026-04-16 03:00:00,0.049141075768007386
2026-04-16 04:00:00,0.11302658785931327
2026-04-16 05:00:00,0.17722083238440475
2026-04-16 06:00:00,0.21362781727240843
2026-04-16 07:00:00,0.29835470644045103
2026-04-16 08:00:00,0.34358591426877794
2026-04-16 09:00:00,0.3314397533684664
2026-04-16 10:00:00,0.34290195149206726
2026-04-16 11:00:00,0.29214406937832393
2026-04-16 12:00:00,0.2736406571169025
2026-04-16 13:00:00,0.19675901700701065
2026-04-16 14:00:00,0.24628109621934904
2026-04-16 15:00:00,0.22658753566466944
2026-04-16 16:00:00,0.20662750658739804
2026-04-16 17:00:00,0.194697458261798
2026-04-16 18:00:00,0.24021731467578558
2026-04-16 19:00:00,0.21580800671867773
2026-04-16 20:00:00,0.23006969221456552
2026-04-16 21:00:00,0.1988116021038456
2026-04-16 22:00:00,0.13517330123772903
2026-04-16 23:00:00,0.11861881187651215
2026-04-17 00:00:00,0.07275714797029999
2026-04-17 01:00:00,0.05126638957479614
2026-04-17 02:00:00,0.03670385260479697
2026-04-17 03:00:00,0.041278083022014175
2026-04-17 04:00:00,0.1253416115113745
2026-04-17 05:00:00,0.1682360519309185
2026-04-17 06:00:00,0.21482682528031738
2026-04-17 07:00:00,0.3092879277119073
2026-04-17 08:00:00,0.35466464023574507
2026-04-17 09:00:00,0.33321738889600705
2026-04-17 10:00:00,0.35466288512570077
2026-04-17 11:00:00,0.2961358309862845
2026-04-17 12:00:00,0.25496668886571217
2026-04-17 13:00:00,0.2203573279604992
2026-04-17 14:00:00,0.23433230392654245
2026-04-17 15:00:00,0.19223014204221273
2026-04-17 16:00:00,0.22170256707783226
2026-04-17 17:00:00,0.21566797441257135
2026-04-17 18:00:00,0.22876892598959203
2026-04-17 19:00:00,0.25269727361133176
2026-04-17 20:00:00,0.21747297473386712
2026-04-17 21:00:00,0.1863428239020812
2026-04-17 22:00:00,0.16606305750738573
2026-04-17 23:00:00,0.12554190419762506
2026-04-18 00:00:00,0.045106237898628276
2026-04-18 01:00:00,0.01
2026-04-18 02:00:00,0.01
2026-04-18 03:00:00,0.03847203640297772
2026-04-18 04:00:00,0.09024984177824968
2026-04-18 05:00:00,0.13223599768701616
2026-04-18 06:00:00,0.22128145994306278
2026-04-18 07:00:00,0.26505240058804375
2026-04-18 08:00:00,0.27220026606979286
2026-04-18 09:00:00,0.29466457701494153
2026-04-18 10:00:00,0.28947650112303375
2026-04-18 11:00:00,0.2684356081456558
2026-04-18 12:00:00,0.2637750727819248
2026-04-18 13:00:00,0.20814913778653316
2026-04-18 14:00:00,0.17192685287932932
2026-04-18 15:00:00,0.18200412574879415
2026-04-18 16:00:00,0.18015457463755663
2026-04-18 17:00:00,0.20368916895262001
2026-04-18 18:00:00,0.21914440615489905
2026-04-18 19:00:00,0.23014435133130473
2026-04-18 20:00:00,0.1975715934143144
2026-04-18 21:00:00,0.19176152592854048
2026-04-18 22:00:00,0.13745369040896388
2026-04-18 23:00:00,0.06573171504827527
2026-04-19 00:00:00,0.06833188481774918
2026-04-19 01:00:00,0.01604447961783398
2026-04-19 02:00:00,0.01
2026-04-19 03:00:00,0.06181516219749095
2026-04-19 04:00:00,0.11635071360949895
2026-04-19 05:00:00,0.1463067663654768
2026-04-19 06:00:00,0.20262929592588835
2026-04-19 07:00:00,0.2609322352638023
2026-04-19 08:00:00,0.30840502574428774
2026-04-19 09:00:00,0.3275144830594676
2026-04-19 10:00:00,0.3053439001729198
2026-04-19 11:00:00,0.27080248058750567
2026-04-19 12:00:00,0.2576542263860887
2026-04-19 13:00:00,0.1996321800808234
2026-04-19 14:00:00,0.19975038028546976
2026-04-19 15:00:00,0.17412188069107498
2026-04-19 16:00:00,0.1916493942016857
2026-04-19 17:00:00,0.19686251586991757
2026-04-19 18:00:00,0.20934626709173015
2026-04-19 19:00:00,0.20609325284316998
2026-04-19 20:00:00,0.21785686029923268
2026-04-19 21:00:00,0.15593138642507243
2026-04-19 22:00:00,0.11247802566484785
2026-04-19 23:00:00,0.10790637069029219
2026-04-20 00:00:00,0.07458579247042349
2026-04-20 01:00:00,0.01
2026-04-20 02:00:00,0.02733665753400863
2026-04-20 03:00:00,0.034575655534690095
2026-04-20 04:00:00,0.09565771859937974
2026-04-20 05:00:00,0.12445845449684591
2026-04-20 06:00:00,0.23286323533519945
2026-04-20 07:00:00,0.2711227615072739
2026-04-20 08:00:00,0.32331665785255514
2026-04-20 09:00:00,0.30870384351985836
2026-04-20 10:00:00,0.322764297176633
2026-04-20 11:00:00,0.28778691745771046
2026-04-20 12:00:00,0.2824473734784375
2026-04-20 13:00:00,0.25022910927186687
2026-04-20 14:00:00,0.2208008034242067
2026-04-20 15:00:00,0.19827764512551227
2026-04-20 16:00:00,0.239698784929513
2026-04-20 17:00:00,0.2000044543432633
2026-04-20 18:00:00,0.21386469955715365
2026-04-20 19:00:00,0.23523133327585344
2026-04-20 20:00:00,0.25622865063442535
2026-04-20 21:00:00,0.18862422256273542
2026-04-20 22:00:00,0.14556685997402555
2026-04-20 23:00:00,0.07919684103002471
2026-04-21 00:00:00,0.07382700094857667
2026-04-21 01:00:00,0.04989121307172159
2026-04-21 02:00:00,0.0473716448120758
2026-04-21 03:00:00,0.052037163674322956
2026-04-21 04:00:00,0.09903745564392594
2026-04-21 05:00:00,0.1518593189031944
2026-04-21 06:00:00,0.23589614469593506
2026-04-21 07:00:00,0.27176575702442846
2026-04-21 08:00:00,0.3044768095907817
2026-04-21 09:00:00,0.3264452798183486
2026-04-21 10:00:00,0.31390325492020166
2026-04-21 11:00:00,0.2856609618660985
2026-04-21 12:00:00,0.26663472612212497
2026-04-21 13:00:00,0.22996445154684914
2026-04-21 14:00:00,0.20441825709029815
2026-04-21 15:00:00,0.20564202392901515
2026-04-21 16:00:00,0.19476515155295154
2026-04-21 17:00:00,0.22459914103841827
2026-04-21 18:00:00,0.23689709456219057
2026-04-21 19:00:00,0.21366235505273967
2026-04-21 20:00:00,0.23707346348507646
2026-04-21 21:00:00,0.17815777875629427
2026-04-21 22:00:00,0.14939016377917375
2026-04-21 23:00:00,0.11801165064864336
2026-04-22 00:00:00,0.07322921868047956
2026-04-22 01:00:00,0.03581458023056436
2026-04-22 02:00:00,0.029804041893096656
2026-04-22 03:00:00,0.07539416254091744
2026-04-22 04:00:00,0.11946449198190087
2026-04-22 05:00:00,0.16168668750385756
2026-04-22 06:00:00,0.22242066260974622
2026-04-22 07:00:00,0.2565925493834166
2026-04-22 08:00:00,0.3241545449400254
2026-04-22 09:00:00,0.33126618454198326
2026-04-22 10:00:00,0.33798947831285364
2026-04-22 11:00:00,0.2988224763458839
2026-04-22 12:00:00,0.27935750522736197
2026-04-22 13:00:00,0.21802428124110296
2026-04-22 14:00:00,0.22551886265772975
2026-04-22 15:00:00,0.19466909446302363
2026-04-22 16:00:00,0.22100800824165567
2026-04-22 17:00:00,0.20084459593706322
2026-04-22 18:00:00,0.23787109680526441
2026-04-22 19:00:00,0.20614374896666376
2026-04-22 20:00:00,0.21783700502564524
2026-04-22 21:00:00,0.19769060438811845
2026-04-22 22:00:00,0.13992699866786132
2026-04-22 23:00:00,0.08449492025452533
2026-04-23 00:00:00,0.07172797359133792
2026-04-23 01:00:00,0.03343976679145538
2026-04-23 02:00:00,0.027590096467995012
2026-04-23 03:00:00,0.061502051966725466
2026-04-23 04:00:00,0.14858623368108279
2026-04-23 05:00:00,0.18795683478837005
2026-04-23 06:00:00,0.2514748015747166
2026-04-23 07:00:00,0.2939032011308694
2026-04-23 08:00:00,0.3240334756405562
2026-04-23 09:00:00,0.2962575456294304
2026-04-23 10:00:00,0.3104540317333959
2026-04-23 11:00:00,0.2859201629827687
2026-04-23 12:00:00,0.230912815591186
2026-04-23 13:00:00,0.2108156370437414
2026-04-23 14:00:00,0.17842618986650335
2026-04-23 15:00:00,0.20172011185126026
2026-04-23 16:00:00,0.2213176861146312
2026-04-23 17:00:00,0.23901971884151596
2026-04-23 18:00:00,0.24025796348308762
2026-04-23 19:00:00,0.2211552522075013
2026-04-23 20:00:00,0.19255521917409957
2026-04-23 21:00:00,0.1644243932260546
2026-04-23 22:00:00,0.1283989175146377
2026-04-23 23:00:00,0.08661071845245712
2026-04-24 00:00:00,0.05631830863978081
2026-04-24 01:00:00,0.019457584925010374
2026-04-24 02:00:00,0.039696634136234685
2026-04-24 03:00:00,0.05706785016517492
2026-04-24 04:00:00,0.10887272178577004
2026-04-24 05:00:00,0.18743638988947067
2026-04-24 06:00:00,0.2160110600966491
2026-04-24 07:00:00,0.29332891457812516
2026-04-24 08:00:00,0.3210049376825136
2026-04-24 09:00:00,0.3268748252975969
2026-04-24 10:00:00,0.33359592130108795
2026-04-24 11:00:00,0.3059923310569166
2026-04-24 12:00:00,0.24451717416982827
2026-04-24 13:00:00,0.22512280469685972
2026-04-24 14:00:00,0.21203525172685952
2026-04-24 15:00:00,0.19787820772413778
2026-04-24 16:00:00,0.21748985609397165
2026-04-24 17:00:00,0.22631432088856085
2026-04-24 18:00:00,0.2612029547149949
2026-04-24 19:00:00,0.2123303498442887
2026-04-24 20:00:00,0.21937799626344368
2026-04-24 21:00:00,0.17682822560214995
2026-04-24 22:00:00,0.15617360756279652
2026-04-24 23:00:00,0.07536437513006476
2026-04-25 00:00:00,0.03857387195634293
2026-04-25 01:00:00,0.01
2026-04-25 02:00:00,0.01
2026-04-25 03:00:00,0.013519124847371722
2026-04-25 04:00:00,0.07640304210995458
2026-04-25 05:00:00,0.1612647847470815
2026-04-25 06:00:00,0.20800135105002748
2026-04-25 07:00:00,0.27112819736517174
2026-04-25 08:00:00,0.3208488086324638
2026-04-25 09:00:00,0.31049809847779597
2026-04-25 10:00:00,0.28659972810047846
2026-04-25 11:00:00,0.27448054715961834
2026-04-25 12:00:00,0.22521473910825532
2026-04-25 13:00:00,0.19495351839858607
2026-04-25 14:00:00,0.15968332968712878
2026-04-25 15:00:00,0.19053181650405746
2026-04-25 16:00:00,0.17758914266822812
2026-04-25 17:00:00,0.19949255950045966
2026-04-25 18:00:00,0.1928397523738701
2026-04-25 19:00:00,0.21648839652228263
2026-04-25 20:00:00,0.18445006273094341
2026-04-25 21:00:00,0.1629947776426205
2026-04-25 22:00:00,0.13494403139311276
2026-04-25 23:00:00,0.08614798835755087
2026-04-26 00:00:00,0.032699780416956634
2026-04-26 01:00:00,0.01
2026-04-26 02:00:00,0.05381984967717654
2026-04-26 03:00:00,0.06105553265632019
2026-04-26 04:00:00,0.09387035387803527
2026-04-26 05:00:00,0.13335027027059418
2026-04-26 06:00:00,0.20632634907918135
2026-04-26 07:00:00,0.253212734852148
2026-04-26 08:00:00,0.3144880705911566
2026-04-26 09:00:00,0.310130358269976
2026-04-26 10:00:00,0.2828703140077572
2026-04-26 11:00:00,0.2600614876467459
2026-04-26 12:00:00,0.2498480536432594
2026-04-26 13:00:00,0.22617237655209194
2026-04-26 14:00:00,0.20505774533544838
2026-04-26 15:00:00,0.18764448531534234
2026-04-26 16:00:00,0.17924085847267127
2026-04-26 17:00:00,0.14778942863502606
2026-04-26 18:00:00,0.21248763186183417
2026-04-26 19:00:00,0.20957280089563016
2026-04-26 20:00:00,0.1976299629495311
2026-04-26 21:00:00,0.16557991887538706
2026-04-26 22:00:00,0.10153375869702964
2026-04-26 23:00:00,0.08229877722857186
2026-04-27 00:00:00,0.06715103482671192
2026-04-27 01:00:00,0.04385838393438936
2026-04-27 02:00:00,0.04776390479139113
2026-04-27 03:00:00,0.0685659813875709
2026-04-27 04:00:00,0.10151734894315056
2026-04-27 05:00:00,0.16822333288724078
2026-04-27 06:00:00,0.23403466312503488
2026-04-27 07:00:00,0.28761709164691845
2026-04-27 08:00:00,0.33514105495581015
2026-04-27 09:00:00,0.3404854048140592
2026-04-27 10:00:00,0.3504304820882274
2026-04-27 11:00:00,0.32485740744341113
2026-04-27 12:00:00,0.2588625338554431
2026-04-27 13:00:00,0.16925863423441762
2026-04-27 14:00:00,0.2253228174865871
2026-04-27 15:00:00,0.1928209178662503
2026-04-27 16:00:00,0.19564553128876913
2026-04-27 17:00:00,0.21507301550164576
2026-04-27 18:00:00,0.22596814441401517
2026-04-27 19:00:00,0.24342183804139594
2026-04-27 20:00:00,0.19677625342934085
2026-04-27 21:00:00,0.17324320609453836
2026-04-27 22:00:00,0.15121262805075167
2026-04-27 23:00:00,0.10791936794352713
2026-04-28 00:00:00,0.06691508921078558
2026-04-28 01:00:00,0.021441932440006223
2026-04-28 02:00:00,0.018515439419307972
2026-04-28 03:00:00,0.051529858627439
2026-04-28 04:00:00,0.11089005582101633
2026-04-28 05:00:00,0.19119222056558163
2026-04-28 06:00:00,0.2015804067501842
2026-04-28 07:00:00,0.2823148429764549
2026-04-28 08:00:00,0.29980178792136736
2026-04-28 09:00:00,0.3056709077789308
2026-04-28 10:00:00,0.33339885459536156
2026-04-28 11:00:00,0.29955391578314233
2026-04-28 12:00:00,0.2640334672759544
2026-04-28 13:00:00,0.2402480294777843
2026-04-28 14:00:00,0.1991987214636973
2026-04-28 15:00:00,0.1940611746265644
2026-04-28 16:00:00,0.24007792378758408
2026-04-28 17:00:00,0.21697530323310388
2026-04-28 18:00:00,0.24331894623255684
2026-04-28 19:00:00,0.23395768842477602
2026-04-28 20:00:00,0.1920680865855692
2026-04-28 21:00:00,0.1583637566449046
2026-04-28 22:00:00,0.13700466085920307
2026-04-28 23:00:00,0.11404090068288855
2026-04-29 00:00:00,0.06872724098101465
2026-04-29 01:00:00,0.04656953568209542
2026-04-29 02:00:00,0.01799463306898605
2026-04-29 03:00:00,0.0829783700808217
2026-04-29 04:00:00,0.0924294666286789
2026-04-29 05:00:00,0.17171332760127211
2026-04-29 06:00:00,0.23174758178285862
2026-04-29 07:00:00,0.28262856862084085
2026-04-29 08:00:00,0.33948174820590876
2026-04-29 09:00:00,0.31948879173147293
2026-04-29 10:00:00,0.29826132767423963
2026-04-29 11:00:00,0.29129538105347774
2026-04-29 12:00:00,0.2509054651171768
2026-04-29 13:00:00,0.2767042872627883
2026-04-29 14:00:00,0.21615301865651815
2026-04-29 15:00:00,0.19402153033801717
2026-04-29 16:00:00,0.19106119259366838
2026-04-29 17:00:00,0.19208044448319495
2026-04-29 18:00:00,0.21652457984541318
2026-04-29 19:00:00,0.2351969934814425
2026-04-29 20:00:00,0.2408127959053962
2026-04-29 21:00:00,0.20546943043247162
2026-04-29 22:00:00,0.14873674822772653
2026-04-29 23:00:00,0.09296276851703067
2026-04-30 00:00:00,0.06053279554485905
2026-04-30 01:00:00,0.024676552323668388
2026-04-30 02:00:00,0.05817352975669102
2026-04-30 03:00:00,0.055500174077062925
2026-04-30 04:00:00,0.10520554232497586
2026-04-30 05:00:00,0.1348813693131147
2026-04-30 06:00:00,0.22856908750083532
2026-04-30 07:00:00,0.29738168206223586
2026-04-30 08:00:00,0.30298477154309855
2026-04-30 09:00:00,0.31840238858377223
2026-04-30 10:00:00,0.32999381584312565
2026-04-30 11:00:00,0.26844333447481283
2026-04-30 12:00:00,0.2723676253118056
2026-04-30 13:00:00,0.2176591291911542
2026-04-30 14:00:00,0.19977462726975262
2026-04-30 15:00:00,0.18290120695661477
2026-04-30 16:00:00,0.21217130410509505
2026-04-30 17:00:00,0.2567805944843695
2026-04-30 18:00:00,0.2432230687905863
2026-04-30 19:00:00,0.2201063320431496
2026-04-30 20:00:00,0.23603491898104892
2026-04-30 21:00:00,0.1834916441748412
2026-04-30 22:00:00,0.16551534454164638
2026-04-30 23:00:00,0.1095081736022355
2026-05-01 00:00:00,0.011938192453390034
2026-05-01 01:00:00,0.016979633528400928
2026-05-01 02:00:00,0.04614855389955305
2026-05-01 03:00:00,0.06019759161515369
2026-05-01 04:00:00,0.09072897671984832
2026-05-01 05:00:00,0.15819956869280682
2026-05-01 06:00:00,0.20249176663412538
2026-05-01 07:00:00,0.28309352641665514
2026-05-01 08:00:00,0.35174566182570255
2026-05-01 09:00:00,0.3413219001989386
2026-05-01 10:00:00,0.35054411133173635
2026-05-01 11:00:00,0.30341385491122264
2026-05-01 12:00:00,0.2714975060857565
2026-05-01 13:00:00,0.25483717359671537
2026-05-01 14:00:00,0.21084680520404336
2026-05-01 15:00:00,0.19653567894768476
2026-05-01 16:00:00,0.2215751786847963
2026-05-01 17:00:00,0.2412748240025464
2026-05-01 18:00:00,0.22388584629478298
2026-05-01 19:00:00,0.22183178047394647
2026-05-01 20:00:00,0.22066815642192927
2026-05-01 21:00:00,0.2002990261046192
2026-05-01 22:00:00,0.1564541412869457
2026-05-01 23:00:00,0.07563021930374537
2026-05-02 00:00:00,0.059331197408445335
2026-05-02 01:00:00,0.01
2026-05-02 02:00:00,0.01
2026-05-02 03:00:00,0.018954707600190607
2026-05-02 04:00:00,0.12113203894155188
2026-05-02 05:00:00,0.145906261946563
2026-05-02 06:00:00,0.1928924801922721
2026-05-02 07:00:00,0.27194976944601723
2026-05-02 08:00:00,0.30469414309214604
2026-05-02 09:00:00,0.30100378445128495
2026-05-02 10:00:00,0.3048687474726902
2026-05-02 11:00:00,0.2523703096189394
2026-05-02 12:00:00,0.2232633322782568
2026-05-02 13:00:00,0.16964453392907855
2026-05-02 14:00:00,0.15990038051764602
2026-05-02 15:00:00,0.20103034132237774
2026-05-02 16:00:00,0.2052785358183303
2026-05-02 17:00:00,0.19502584064248207
2026-05-02 18:00:00,0.23060107811034317
2026-05-02 19:00:00,0.20482598987695186
2026-05-02 20:00:00,0.18950595186397695
2026-05-02 21:00:00,0.16324599329465708
2026-05-02 22:00:00,0.11718074209419828
2026-05-02 23:00:00,0.06833657892018612
2026-05-03 00:00:00,0.04736708009473457
2026-05-03 01:00:00,0.01
2026-05-03 02:00:00,0.0168007945755545
2026-05-03 03:00:00,0.04752423296416365
2026-05-03 04:00:00,0.08603889542231234
2026-05-03 05:00:00,0.1272801340886157
2026-05-03 06:00:00,0.18492312015303078
2026-05-03 07:00:00,0.2607816278036859
2026-05-03 08:00:00,0.2901472639151173
2026-05-03 09:00:00,0.30468956332378083
2026-05-03 10:00:00,0.2915778382772064
2026-05-03 11:00:00,0.30306229601889667
2026-05-03 12:00:00,0.2102627146528713
2026-05-03 13:00:00,0.1695075917852484
2026-05-03 14:00:00,0.18430430136872938
2026-05-03 15:00:00,0.1678285430034903
2026-05-03 16:00:00,0.18495712653344062
2026-05-03 17:00:00,0.2023562583320034
2026-05-03 18:00:00,0.22447767891517484
2026-05-03 19:00:00,0.18417772195531312
2026-05-03 20:00:00,0.1843653400196339
2026-05-03 21:00:00,0.16838875453588098
2026-05-03 22:00:00,0.13017052204435595
2026-05-03 23:00:00,0.10402526911291038
2026-05-04 00:00:00,0.06909801243436112
2026-05-04 01:00:00,0.029866136016619235
2026-05-04 02:00:00,0.01730337619506936
2026-05-04 03:00:00,0.048135521674380205
2026-05-04 04:00:00,0.09587191052329655
2026-05-04 05:00:00,0.1762090527851075
2026-05-04 06:00:00,0.23361741455144064
2026-05-04 07:00:00,0.2632415190991054
2026-05-04 08:00:00,0.3107239308312967
2026-05-04 09:00:00,0.34108824957191214
2026-05-04 10:00:00,0.32163992857070794
2026-05-04 11:00:00,0.29738470473675155
2026-05-04 12:00:00,0.2605062785185121
2026-05-04 13:00:00,0.24829959123186
2026-05-04 14:00:00,0.2074056392034626
2026-05-04 15:00:00,0.19223088373441458
2026-05-04 16:00:00,0.19102612725064977
2026-05-04 17:00:00,0.2218884992510509
2026-05-04 18:00:00,0.19315189264602695
2026-05-04 19:00:00,0.22856811861374332
2026-05-04 20:00:00,0.21417485496883298
2026-05-04 21:00:00,0.1660366172285721
2026-05-04 22:00:00,0.12923592490936942
2026-05-04 23:00:00,0.10781473319097006
2026-05-05 00:00:00,0.05775695020705625
2026-05-05 01:00:00,0.03177861106380203
2026-05-05 02:00:00,0.03478894660146831
2026-05-05 03:00:00,0.05752310438767806
2026-05-05 04:00:00,0.12293921241380656
2026-05-05 05:00:00,0.16776580718623452
2026-05-05 06:00:00,0.2074230772636506
2026-05-05 07:00:00,0.307082033238133
2026-05-05 08:00:00,0.32235137798086455
2026-05-05 09:00:00,0.3186200514114935
2026-05-05 10:00:00,0.29709778857495045
2026-05-05 11:00:00,0.2943275699142094
2026-05-05 12:00:00,0.2525386938963162
2026-05-05 13:00:00,0.24704915310649192
2026-05-05 14:00:00,0.19821020513937332
2026-05-05 15:00:00,0.18499433496051673
2026-05-05 16:00:00,0.21773321724447078
2026-05-05 17:00:00,0.23155740687193638
2026-05-05 18:00:00,0.23182604448508481
2026-05-05 19:00:00,0.24101163045963633
2026-05-05 20:00:00,0.21623096715979828
2026-05-05 21:00:00,0.18954547765124874
2026-05-05 22:00:00,0.1601685968309469
2026-05-05 23:00:00,0.10458346635234766
2026-05-06 00:00:00,0.05127859336120605
2026-05-06 01:00:00,0.05005866021234798
2026-05-06 02:00:00,0.01
2026-05-06 03:00:00,0.08643622620503685
2026-05-06 04:00:00,0.07822832351283444
2026-05-06 05:00:00,0.15602941305435897
2026-05-06 06:00:00,0.22820394690826945
2026-05-06 07:00:00,0.279954309669358
2026-05-06 08:00:00,0.3314138755365938
2026-05-06 09:00:00,0.3111127440595296
2026-05-06 10:00:00,0.3193317525768853
2026-05-06 11:00:00,0.279237111091806
2026-05-06 12:00:00,0.25824482462625675
2026-05-06 13:00:00,0.22198680338430127
2026-05-06 14:00:00,0.20431428510488403
2026-05-06 15:00:00,0.18882761028405218
2026-05-06 16:00:00,0.19616675068475425
2026-05-06 17:00:00,0.22150870215685892
2026-05-06 18:00:00,0.24297344252253616
2026-05-06 19:00:00,0.22141352069680859
2026-05-06 20:00:00,0.20328619676760182
2026-05-06 21:00:00,0.19476083958645118
2026-05-06 22:00:00,0.14172761116188634
2026-05-06 23:00:00,0.10718259931707802
2026-05-07 00:00:00,0.039739944371728536
2026-05-07 01:00:00,0.01
2026-05-07 02:00:00,0.021229300966456893
2026-05-07 03:00:00,0.0436690300308329
2026-05-07 04:00:00,0.10214507657109129
2026-05-07 05:00:00,0.15539231984798788
2026-05-07 06:00:00,0.23944215684234255
2026-05-07 07:00:00,0.277338458430043
2026-05-07 08:00:00,0.3180840200539043
2026-05-07 09:00:00,0.3288540043513976
2026-05-07 10:00:00,0.3178537693369225
2026-05-07 11:00:00,0.28705754854437804
2026-05-07 12:00:00,0.2609859129284505
2026-05-07 13:00:00,0.21053275290998263
2026-05-07 14:00:00,0.2234207118505479
2026-05-07 15:00:00,0.19303761465658964
2026-05-07 16:00:00,0.1836536655038156
2026-05-07 17:00:00,0.21952990743742445
2026-05-07 18:00:00,0.21555919533558354
2026-05-07 19:00:00,0.23987692136350977
2026-05-07 20:00:00,0.24897098621293146
2026-05-07 21:00:00,0.1732695483641062
2026-05-07 22:00:00,0.14670994719221175
2026-05-07 23:00:00,0.06790173611281966
2026-05-08 00:00:00,0.05963257575766738
2026-05-08 01:00:00,0.015493802406312152
2026-05-08 02:00:00,0.019348937661086113
2026-05-08 03:00:00,0.03814211656596214
2026-05-08 04:00:00,0.11380626570686826
2026-05-08 05:00:00,0.1795516581678941
2026-05-08 06:00:00,0.22817477553592486
2026-05-08 07:00:00,0.26819140653009643
2026-05-08 08:00:00,0.3391668428576051
2026-05-08 09:00:00,0.314730428802215
2026-05-08 10:00:00,0.2819960531955795
2026-05-08 11:00:00,0.2937924150943101
2026-05-08 12:00:00,0.2362523772114245
2026-05-08 13:00:00,0.2367938065636088
2026-05-08 14:00:00,0.19620947224438984
2026-05-08 15:00:00,0.20513846875903205
2026-05-08 16:00:00,0.22384650251432964
2026-05-08 17:00:00,0.19807301885698847
2026-05-08 18:00:00,0.21933494035266118
2026-05-08 19:00:00,0.22825893199977212
2026-05-08 20:00:00,0.23838726710156238
2026-05-08 21:00:00,0.17468948371211873
2026-05-08 22:00:00,0.13230390149836832
2026-05-08 23:00:00,0.10090352332047764
2026-05-09 00:00:00,0.018650712303472178
2026-05-09 01:00:00,0.01
2026-05-09 02:00:00,0.01
2026-05-09 03:00:00,0.06236150892499209
2026-05-09 04:00:00,0.057093504734489736
2026-05-09 05:00:00,0.1341009481190256
2026-05-09 06:00:00,0.20182192765149937
2026-05-09 07:00:00,0.2843332749985677
2026-05-09 08:00:00,0.26993645647513964
2026-05-09 09:00:00,0.3302272886237997
2026-05-09 10:00:00,0.30026933588410504
2026-05-09 11:00:00,0.26765815568438633
2026-05-09 12:00:00,0.2125396378838615
2026-05-09 13:00:00,0.2050169391647758
2026-05-09 14:00:00,0.16555938423127767
2026-05-09 15:00:00,0.18956783482192885
2026-05-09 16:00:00,0.1627432127525148
2026-05-09 17:00:00,0.18899367028254158
2026-05-09 18:00:00,0.19398004686893325
2026-05-09 19:00:00,0.1890662995263067
2026-05-09 20:00:00,0.2009289404427495
2026-05-09 21:00:00,0.16708225156545345
2026-05-09 22:00:00,0.13384175579420193
2026-05-09 23:00:00,0.04151843393710154
2026-05-10 00:00:00,0.042745053289051343
2026-05-10 01:00:00,0.0403197384215494
2026-05-10 02:00:00,0.01
2026-05-10 03:00:00,0.05704713853308262
2026-05-10 04:00:00,0.07283507367303833
2026-05-10 05:00:00,0.11781444218026405
2026-05-10 06:00:00,0.1971980061178338
2026-05-10 07:00:00,0.27083936206314985
2026-05-10 08:00:00,0.2767098455189627
2026-05-10 09:00:00,0.29093999627132605
2026-05-10 10:00:00,0.29728812461677745
2026-05-10 11:00:00,0.26092097713392115
2026-05-10 12:00:00,0.2355518370412369
2026-05-10 13:00:00,0.1994906132103847
2026-05-10 14:00:00,0.18307941292565322
2026-05-10 15:00:00,0.1635567478016145
2026-05-10 16:00:00,0.18025845688439163
2026-05-10 17:00:00,0.17625380217874878
2026-05-10 18:00:00,0.22110899709148657
2026-05-10 19:00:00,0.1938383727752569
2026-05-10 20:00:00,0.20621520506717655
2026-05-10 21:00:00,0.1550196155043709
2026-05-10 22:00:00,0.11820993753685174
2026-05-10 23:00:00,0.06026544186166849
2026-05-11 00:00:00,0.03600427060083154
2026-05-11 01:00:00,0.01
2026-05-11 02:00:00,0.011311799311021248
2026-05-11 03:00:00,0.04822298586762554
2026-05-11 04:00:00,0.10442238975078529
2026-05-11 05:00:00,0.1780179872573489
2026-05-11 06:00:00,0.2195578401713993
2026-05-11 07:00:00,0.2663486003984294
2026-05-11 08:00:00,0.29210348027831134
2026-05-11 09:00:00,0.3316077397394013
2026-05-11 10:00:00,0.3335946601767361
2026-05-11 11:00:00,0.3043317387166032
2026-05-11 12:00:00,0.2618931932905606
2026-05-11 13:00:00,0.22996302917243996
2026-05-11 14:00:00,0.22581109914243602
2026-05-11 15:00:00,0.19948419682442609
2026-05-11 16:00:00,0.21093614720871462
2026-05-11 17:00:00,0.2098143486508241
2026-05-11 18:00:00,0.2058135515055307
2026-05-11 19:00:00,0.21755646933443923
2026-05-11 20:00:00,0.2136068164903322
2026-05-11 21:00:00,0.18389720982104973
2026-05-11 22:00:00,0.16853594951273912
2026-05-11 23:00:00,0.09337077695331134
2026-05-12 00:00:00,0.06837708229991174
2026-05-12 01:00:00,0.02012378410314264
2026-05-12 02:00:00,0.021916751974604742
2026-05-12 03:00:00,0.03259673267868776
2026-05-12 04:00:00,0.08955951044637855
2026-05-12 05:00:00,0.17021724699973137
2026-05-12 06:00:00,0.22580783334543914
2026-05-12 07:00:00,0.2931723197320706
2026-05-12 08:00:00,0.3159132398647029
2026-05-12 09:00:00,0.3185702080674487
2026-05-12 10:00:00,0.3445214239747754
2026-05-12 11:00:00,0.28337845973773823
2026-05-12 12:00:00,0.26813944518510674
2026-05-12 13:00:00,0.2138169698864309
2026-05-12 14:00:00,0.21044096320872452
2026-05-12 15:00:00,0.2078734383616243
2026-05-12 16:00:00,0.20382181019816087
2026-05-12 17:00:00,0.17875909130933015
2026-05-12 18:00:00,0.22596821755236884
2026-05-12 19:00:00,0.2457213321295076
2026-05-12 20:00:00,0.22110664313494308
2026-05-12 21:00:00,0.189123240933144
2026-05-12 22:00:00,0.11325803625172054
2026-05-12 23:00:00,0.08079502195049452
2026-05-13 00:00:00,0.056303705843871954
2026-05-13 01:00:00,0.03224460261566406
2026-05-13 02:00:00,0.04425080270015008
2026-05-13 03:00:00,0.04979775664692135
2026-05-13 04:00:00,0.10622070267670763
2026-05-13 05:00:00,0.16199705049531776
2026-05-13 06:00:00,0.2103292003290771
2026-05-13 07:00:00,0.24463028120426417
2026-05-13 08:00:00,0.31909848675855157
2026-05-13 09:00:00,0.3259051329052802
2026-05-13 10:00:00,0.3024632561235418
2026-05-13 11:00:00,0.2599383281577693
2026-05-13 12:00:00,0.2595794340927315
2026-05-13 13:00:00,0.2152852176087411
2026-05-13 14:00:00,0.2075890025905665
2026-05-13 15:00:00,0.22135284216759865
2026-05-13 16:00:00,0.16801187817180485
2026-05-13 17:00:00,0.20302123375631703
2026-05-13 18:00:00,0.22199270717692177
2026-05-13 19:00:00,0.24852573476238105
2026-05-13 20:00:00,0.18808729608850314
2026-05-13 21:00:00,0.21091248392698767
2026-05-13 22:00:00,0.14056863952165097
2026-05-13 23:00:00,0.08960074882168581
2026-05-14 00:00:00,0.046590204094146145
2026-05-14 01:00:00,0.018972667146989614
2026-05-14 02:00:00,0.041180311553023236
2026-05-14 03:00:00,0.03537070582870555
2026-05-14 04:00:00,0.10474231326708758
2026-05-14 05:00:00,0.15541647104657308
2026-05-14 06:00:00,0.2131290988147183
2026-05-14 07:00:00,0.3166845379717732
2026-05-14 08:00:00,0.3183468615637317
2026-05-14 09:00:00,0.33192266711483465
2026-05-14 10:00:00,0.32823029263090364
2026-05-14 11:00:00,0.2623334339915584
2026-05-14 12:00:00,0.2758454791792603
2026-05-14 13:00:00,0.1810674202100776
2026-05-14 14:00:00,0.18713214477029586
2026-05-14 15:00:00,0.18593439827956817
2026-05-14 16:00:00,0.20828695101698738
2026-05-14 17:00:00,0.21622377904480417
2026-05-14 18:00:00,0.2220588794319539
2026-05-14 19:00:00,0.22595114114659479
2026-05-14 20:00:00,0.19739075518959126
2026-05-14 21:00:00,0.15884384179034536
2026-05-14 22:00:00,0.14885623449902688
2026-05-14 23:00:00,0.10087410960156584
2026-05-15 00:00:00,0.0727452933316802
2026-05-15 01:00:00,0.013083133339356512
2026-05-15 02:00:00,0.03526756548039432
2026-05-15 03:00:00,0.04655969337636576
2026-05-15 04:00:00,0.11683500248222661
2026-05-15 05:00:00,0.17592541484424443
2026-05-15 06:00:00,0.22714601869269124
2026-05-15 07:00:00,0.27221873514841954
2026-05-15 08:00:00,0.3258918603834483
2026-05-15 09:00:00,0.33184402895566056
2026-05-15 10:00:00,0.30031381205147556
2026-05-15 11:00:00,0.26315348023103974
2026-05-15 12:00:00,0.24464988419409744
2026-05-15 13:00:00,0.24084976227962143
2026-05-15 14:00:00,0.21527772546376384
2026-05-15 15:00:00,0.17555173849408753
2026-05-15 16:00:00,0.18146151646582556
2026-05-15 17:00:00,0.23148003995976874
2026-05-15 18:00:00,0.20694333913295698
2026-05-15 19:00:00,0.23318730833253534
2026-05-15 20:00:00,0.2022368094742795
2026-05-15 21:00:00,0.20497477873732778
2026-05-15 22:00:00,0.12581896533881237
2026-05-15 23:00:00,0.10703571802850506
2026-05-16 00:00:00,0.026156725494703506
2026-05-16 01:00:00,0.01
2026-05-16 02:00:00,0.01
2026-05-16 03:00:00,0.01
2026-05-16 04:00:00,0.07007535657978839
2026-05-16 05:00:00,0.1387055321247952
2026-05-16 06:00:00,0.18150587826773226
2026-05-16 07:00:00,0.23538725432073793
2026-05-16 08:00:00,0.2943059351311901
2026-05-16 09:00:00,0.3049892462931427
2026-05-16 10:00:00,0.28292027015642307
2026-05-16 11:00:00,0.26917945413049604
2026-05-16 12:00:00,0.20577081124799593
2026-05-16 13:00:00,0.18718549927256747
2026-05-16 14:00:00,0.19720455014899707
2026-05-16 15:00:00,0.16766745046771725
2026-05-16 16:00:00,0.1752785334026031
2026-05-16 17:00:00,0.22135494898356622
2026-05-16 18:00:00,0.17739371319606656
2026-05-16 19:00:00,0.2119003019570106
2026-05-16 20:00:00,0.2108436398809196
2026-05-16 21:00:00,0.15025220395149808
2026-05-16 22:00:00,0.12467576710817697
2026-05-16 23:00:00,0.04956097059672779
2026-05-17 00:00:00,0.012478194571848567
2026-05-17 01:00:00,0.01
2026-05-17 02:00:00,0.010655140223573861
2026-05-17 03:00:00,0.04143064478896494
2026-05-17 04:00:00,0.09632360930945129
2026-05-17 05:00:00,0.13338557761677908
2026-05-17 06:00:00,0.2156833568329477
2026-05-17 07:00:00,0.24597841764770664
2026-05-17 08:00:00,0.2988105501791829
2026-05-17 09:00:00,0.29905409587562926
2026-05-17 10:00:00,0.2910668894900316
2026-05-17 11:00:00,0.2632243812445963
2026-05-17 12:00:00,0.19870860535839174
2026-05-17 13:00:00,0.17505802996752123
2026-05-17 14:00:00,0.17341984248106562
2026-05-17 15:00:00,0.14072876714556323
2026-05-17 16:00:00,0.18524734705335524
2026-05-17 17:00:00,0.19923442450993306
2026-05-17 18:00:00,0.20268673879852578
2026-05-17 19:00:00,0.18253217108757092
2026-05-17 20:00:00,0.20598126458838661
2026-05-17 21:00:00,0.18507856726631242
2026-05-17 22:00:00,0.1133827925386047
2026-05-17 23:00:00,0.0713446285532207
2026-05-18 00:00:00,0.050190141166289476
2026-05-18 01:00:00,0.03107511126659114
2026-05-18 02:00:00,0.02126813961650903
2026-05-18 03:00:00,0.048483014344204156
2026-05-18 04:00:00,0.11074982535180936
2026-05-18 05:00:00,0.19396651926254344
2026-05-18 06:00:00,0.2011629928283228
2026-05-18 07:00:00,0.27394068387238935
2026-05-18 08:00:00,0.29195715406586764
2026-05-18 09:00:00,0.3442070182254778
2026-05-18 10:00:00,0.2999505321829943
2026-05-18 11:00:00,0.2596086320664688
2026-05-18 12:00:00,0.2567368663270775
2026-05-18 13:00:00,0.2424694054105695
2026-05-18 14:00:00,0.2062205697512042
2026-05-18 15:00:00,0.19349480233839952
2026-05-18 16:00:00,0.2033011751859888
2026-05-18 17:00:00,0.23176857579698426
2026-05-18 18:00:00,0.20905107229413666
2026-05-18 19:00:00,0.22205635555663505
2026-05-18 20:00:00,0.20287370911670588
2026-05-18 21:00:00,0.1613873089001514
2026-05-18 22:00:00,0.13063589207465304
2026-05-18 23:00:00,0.10468729515517888
2026-05-19 00:00:00,0.055037702699741634
2026-05-19 01:00:00,0.03215884006273405
2026-05-19 02:00:00,0.02463326427020668
2026-05-19 03:00:00,0.056225943812291984
2026-05-19 04:00:00,0.08452981533862922
2026-05-19 05:00:00,0.15351411767469028
2026-05-19 06:00:00,0.22441873402838097
2026-05-19 07:00:00,0.27903521815116417
2026-05-19 08:00:00,0.3138414882976789
2026-05-19 09:00:00,0.3176262246460928
2026-05-19 10:00:00,0.30247985983533976
2026-05-19 11:00:00,0.3279978223484221
2026-05-19 12:00:00,0.2601404795678368
2026-05-19 13:00:00,0.22187655995821406
2026-05-19 14:00:00,0.19214308337919878
2026-05-19 15:00:00,0.18302916090451454
2026-05-19 16:00:00,0.19457666156794648
2026-05-19 17:00:00,0.21431300763790312
2026-05-19 18:00:00,0.1933321373129046
2026-05-19 19:00:00,0.19956782731681139
2026-05-19 20:00:00,0.19948543463976642
2026-05-19 21:00:00,0.1813869891907075
2026-05-19 22:00:00,0.13134703288812924
2026-05-19 23:00:00,0.10961790623643633
2026-05-20 00:00:00,0.023667241405740086
2026-05-20 01:00:00,0.010588523253886373
2026-05-20 02:00:00,0.04460202894709932
2026-05-20 03:00:00,0.04970739967831622
2026-05-20 04:00:00,0.10917583195269404
2026-05-20 05:00:00,0.18828999284946654
2026-05-20 06:00:00,0.21049612694214934
2026-05-20 07:00:00,0.27274728793788117
2026-05-20 08:00:00,0.3043167896967136
2026-05-20 09:00:00,0.2897468815459152
2026-05-20 10:00:00,0.3028497815327811
2026-05-20 11:00:00,0.2932117086502935
2026-05-20 12:00:00,0.2540120363378603
2026-05-20 13:00:00,0.22433011809657075
2026-05-20 14:00:00,0.18937309887952805
2026-05-20 15:00:00,0.17932050750541392
2026-05-20 16:00:00,0.21494202828915598
2026-05-20 17:00:00,0.20182534052556367
2026-05-20 18:00:00,0.2253144237925749
2026-05-20 19:00:00,0.22492321419442057
2026-05-20 20:00:00,0.23032894845453344
