model,variable,coefficient,p_value,ci_low,ci_high
Pairwise OLS: price ~ wind_speed_10m + shortwave_radiation,const,113.27047771363551,0.0,112.09225189774479,114.44870352952624
Pairwise OLS: price ~ wind_speed_10m + shortwave_radiation,wind_speed_10m,-2.2189730121476345,0.0,-2.2916277980968713,-2.1463182261983977
Pairwise OLS: price ~ wind_speed_10m + shortwave_radiation,shortwave_radiation,-0.03876940265477502,5.54686069940468e-205,-0.04125064162841067,-0.03628816368113937
