model,variable,coefficient,p_value,ci_low,ci_high
Multiple OLS A: price ~ weather + production,const,120.68294602187146,0.0,117.65722851218658,123.70866353155634
Multiple OLS A: price ~ weather + production,temperature_2m,0.15006803535965246,0.0007166065983326909,0.06313055988876691,0.237005510830538
Multiple OLS A: price ~ weather + production,cloud_cover,8.877990822946591,3.6695675016321675e-29,7.32615599132189,10.429825654571292
Multiple OLS A: price ~ weather + production,wind_speed_10m,-5.287152579274859,0.0,-5.410100526443263,-5.164204632106455
Multiple OLS A: price ~ weather + production,shortwave_radiation,-0.016006500251737808,1.6119984898019185e-24,-0.019075354982074064,-0.012937645521401551
Multiple OLS A: price ~ weather + production,total_load,-7.835427624338097e-05,0.44688155200788454,-0.00028025800167780994,0.00012354944919104797
Multiple OLS A: price ~ weather + production,generation_forecast,0.024039716195762503,0.0,0.02325774324508324,0.024821689146441766
