model,variable,coefficient,p_value,ci_low,ci_high
Simple OLS: price ~ temperature_2m,const,80.49119035828416,0.0,79.52097191354885,81.46140880301947
Simple OLS: price ~ temperature_2m,temperature_2m,-0.34911946140801253,9.404408931753161e-20,-0.42433380853644337,-0.2739051142795817
